"state_code","state","gender","post_code","force","area","category","category_code","vacancies","initial","current","allocated","left_vacancy","allocated_hc","allocated_hc_prev","key","min_marks_prev","min_marks_parta_prev","min_marks_partb_prev","min_marks_cand_dob_prev","min_marks","min_marks_parta","min_marks_partb","min_marks_cand_dob"
"1","Andaman & Nikobar","2","A","BSF","G","OBC","6",1,1,1,NULL,NULL,NULL,NULL,"12G6",NULL,NULL,NULL,NULL,NULL,NULL,NULL,NULL
"1","Andaman & Nikobar","2","A","BSF","G","UR","9",2,2,2,NULL,NULL,NULL,NULL,"12G9","108.00705","33.5","11.5","2002-10-19",NULL,NULL,NULL,NULL
"1","Andaman & Nikobar","2","B","CISF","G","OBC","6",2,2,2,NULL,NULL,NULL,NULL,"12G6",NULL,NULL,NULL,NULL,NULL,NULL,NULL,NULL
"1","Andaman & Nikobar","2","B","CISF","G","UR","9",1,1,1,NULL,NULL,NULL,NULL,"12G9","108.00705","33.5","11.5","2002-10-19",NULL,NULL,NULL,NULL
"1","Andaman & Nikobar","2","C","CRPF","G","OBC","6",1,1,1,NULL,NULL,NULL,NULL,"12G6",NULL,NULL,NULL,NULL,NULL,NULL,NULL,NULL
"1","Andaman & Nikobar","2","C","CRPF","G","UR","9",1,1,1,NULL,NULL,NULL,NULL,"12G9","108.00705","33.5","11.5","2002-10-19",NULL,NULL,NULL,NULL
"1","Andaman & Nikobar","2","D","SSB","G","UR","9",1,1,1,NULL,NULL,NULL,NULL,"12G9","108.00705","33.5","11.5","2002-10-19",NULL,NULL,NULL,NULL
"10","Delhi","1","A","BSF","G","EWS","0",2,2,2,NULL,NULL,NULL,NULL,"101G0","111.90934","37.75","12.25","2004-05-09",NULL,NULL,NULL,NULL
"10","Delhi","1","A","BSF","G","SC","1",2,2,2,NULL,NULL,NULL,NULL,"101G1","121.08597","37.75","15.5","1999-07-14",NULL,NULL,NULL,NULL
"10","Delhi","1","A","BSF","G","ST","2",1,1,1,NULL,NULL,NULL,NULL,"101G2","112.42111","35.5","12.5","1997-09-07",NULL,NULL,NULL,NULL
"10","Delhi","1","A","BSF","G","ESM","3",2,2,2,NULL,NULL,NULL,NULL,"101G3",NULL,NULL,NULL,NULL,NULL,NULL,NULL,NULL
"10","Delhi","1","A","BSF","G","OBC","6",4,4,4,NULL,NULL,NULL,NULL,"101G6","118.12458","33.25","22","2000-02-10",NULL,NULL,NULL,NULL
"10","Delhi","1","A","BSF","G","UR","9",7,7,7,NULL,NULL,NULL,NULL,"101G9","119.93285","35.75","17.75","2004-07-29",NULL,NULL,NULL,NULL
"10","Delhi","1","B","CISF","G","EWS","0",1,1,1,NULL,NULL,NULL,NULL,"101G0","111.90934","37.75","12.25","2004-05-09",NULL,NULL,NULL,NULL
"10","Delhi","1","B","CISF","G","SC","1",1,1,1,NULL,NULL,NULL,NULL,"101G1","121.08597","37.75","15.5","1999-07-14",NULL,NULL,NULL,NULL
"10","Delhi","1","B","CISF","G","ST","2",1,1,1,NULL,NULL,NULL,NULL,"101G2","112.42111","35.5","12.5","1997-09-07",NULL,NULL,NULL,NULL
"10","Delhi","1","B","CISF","G","ESM","3",1,1,1,NULL,NULL,NULL,NULL,"101G3",NULL,NULL,NULL,NULL,NULL,NULL,NULL,NULL
"10","Delhi","1","B","CISF","G","OBC","6",3,3,3,NULL,NULL,NULL,NULL,"101G6","118.12458","33.25","22","2000-02-10",NULL,NULL,NULL,NULL
"10","Delhi","1","B","CISF","G","UR","9",5,5,5,NULL,NULL,NULL,NULL,"101G9","119.93285","35.75","17.75","2004-07-29",NULL,NULL,NULL,NULL
"10","Delhi","1","C","CRPF","G","SC","1",1,1,1,NULL,NULL,NULL,NULL,"101G1","121.08597","37.75","15.5","1999-07-14",NULL,NULL,NULL,NULL
"10","Delhi","1","C","CRPF","G","OBC","6",1,1,1,NULL,NULL,NULL,NULL,"101G6","118.12458","33.25","22","2000-02-10",NULL,NULL,NULL,NULL
"10","Delhi","1","C","CRPF","G","UR","9",2,2,2,NULL,NULL,NULL,NULL,"101G9","119.93285","35.75","17.75","2004-07-29",NULL,NULL,NULL,NULL
"10","Delhi","1","E","ITBP","G","OBC","6",1,1,1,NULL,NULL,NULL,NULL,"101G6","118.12458","33.25","22","2000-02-10",NULL,NULL,NULL,NULL
"10","Delhi","1","E","ITBP","G","UR","9",2,2,2,NULL,NULL,NULL,NULL,"101G9","119.93285","35.75","17.75","2004-07-29",NULL,NULL,NULL,NULL
"10","Delhi","1","F","AR","G","UR","9",1,1,1,NULL,NULL,NULL,NULL,"101G9","119.93285","35.75","17.75","2004-07-29",NULL,NULL,NULL,NULL
"10","Delhi","2","A","BSF","G","EWS","0",9,9,9,NULL,NULL,NULL,NULL,"102G0","80.18321","15.75","20","2003-03-25",NULL,NULL,NULL,NULL
"10","Delhi","2","A","BSF","G","SC","1",14,14,14,NULL,NULL,NULL,NULL,"102G1","107.10944","33.25","16","1998-03-15",NULL,NULL,NULL,NULL
"10","Delhi","2","A","BSF","G","ST","2",7,7,7,NULL,NULL,NULL,NULL,"102G2","96.49585","31.5","15.5","1999-10-05",NULL,NULL,NULL,NULL
"10","Delhi","2","A","BSF","G","ESM","3",9,9,9,NULL,NULL,NULL,NULL,"102G3","43.89705","13.25","13.5","1979-12-30",NULL,NULL,NULL,NULL
"10","Delhi","2","A","BSF","G","OBC","6",25,25,25,NULL,NULL,NULL,NULL,"102G6","100.05483","33.25","3.5","2004-11-08",NULL,NULL,NULL,NULL
"10","Delhi","2","A","BSF","G","UR","9",38,38,38,NULL,NULL,NULL,NULL,"102G9","108.238","35.5","17.5","2004-07-30",NULL,NULL,NULL,NULL
"10","Delhi","2","B","CISF","G","EWS","0",10,10,10,NULL,NULL,NULL,NULL,"102G0","80.18321","15.75","20","2003-03-25",NULL,NULL,NULL,NULL
"10","Delhi","2","B","CISF","G","SC","1",15,15,15,NULL,NULL,NULL,NULL,"102G1","107.10944","33.25","16","1998-03-15",NULL,NULL,NULL,NULL
"10","Delhi","2","B","CISF","G","ST","2",8,8,8,NULL,NULL,NULL,NULL,"102G2","96.49585","31.5","15.5","1999-10-05",NULL,NULL,NULL,NULL
"10","Delhi","2","B","CISF","G","ESM","3",10,10,10,NULL,NULL,NULL,NULL,"102G3","43.89705","13.25","13.5","1979-12-30",NULL,NULL,NULL,NULL
"10","Delhi","2","B","CISF","G","OBC","6",28,28,28,NULL,NULL,NULL,NULL,"102G6","100.05483","33.25","3.5","2004-11-08",NULL,NULL,NULL,NULL
"10","Delhi","2","B","CISF","G","UR","9",41,41,41,NULL,NULL,NULL,NULL,"102G9","108.238","35.5","17.5","2004-07-30",NULL,NULL,NULL,NULL
"10","Delhi","2","C","CRPF","G","EWS","0",10,10,10,NULL,NULL,NULL,NULL,"102G0","80.18321","15.75","20","2003-03-25",NULL,NULL,NULL,NULL
"10","Delhi","2","C","CRPF","G","SC","1",14,14,14,NULL,NULL,NULL,NULL,"102G1","107.10944","33.25","16","1998-03-15",NULL,NULL,NULL,NULL
"10","Delhi","2","C","CRPF","G","ST","2",7,7,7,NULL,NULL,NULL,NULL,"102G2","96.49585","31.5","15.5","1999-10-05",NULL,NULL,NULL,NULL
"10","Delhi","2","C","CRPF","G","ESM","3",10,10,10,NULL,NULL,NULL,NULL,"102G3","43.89705","13.25","13.5","1979-12-30",NULL,NULL,NULL,NULL
"10","Delhi","2","C","CRPF","G","OBC","6",26,26,26,NULL,NULL,NULL,NULL,"102G6","100.05483","33.25","3.5","2004-11-08",NULL,NULL,NULL,NULL
"10","Delhi","2","C","CRPF","G","UR","9",38,38,38,NULL,NULL,NULL,NULL,"102G9","108.238","35.5","17.5","2004-07-30",NULL,NULL,NULL,NULL
"10","Delhi","2","D","SSB","G","EWS","0",1,1,1,NULL,NULL,NULL,NULL,"102G0","80.18321","15.75","20","2003-03-25",NULL,NULL,NULL,NULL
"10","Delhi","2","D","SSB","G","SC","1",1,1,1,NULL,NULL,NULL,NULL,"102G1","107.10944","33.25","16","1998-03-15",NULL,NULL,NULL,NULL
"10","Delhi","2","D","SSB","G","ESM","3",1,1,1,NULL,NULL,NULL,NULL,"102G3","43.89705","13.25","13.5","1979-12-30",NULL,NULL,NULL,NULL
"10","Delhi","2","D","SSB","G","OBC","6",2,2,2,NULL,NULL,NULL,NULL,"102G6","100.05483","33.25","3.5","2004-11-08",NULL,NULL,NULL,NULL
"10","Delhi","2","D","SSB","G","UR","9",2,2,2,NULL,NULL,NULL,NULL,"102G9","108.238","35.5","17.5","2004-07-30",NULL,NULL,NULL,NULL
"10","Delhi","2","E","ITBP","G","EWS","0",2,2,2,NULL,NULL,NULL,NULL,"102G0","80.18321","15.75","20","2003-03-25",NULL,NULL,NULL,NULL
"10","Delhi","2","E","ITBP","G","SC","1",3,3,3,NULL,NULL,NULL,NULL,"102G1","107.10944","33.25","16","1998-03-15",NULL,NULL,NULL,NULL
"10","Delhi","2","E","ITBP","G","ST","2",1,1,1,NULL,NULL,NULL,NULL,"102G2","96.49585","31.5","15.5","1999-10-05",NULL,NULL,NULL,NULL
"10","Delhi","2","E","ITBP","G","ESM","3",2,2,2,NULL,NULL,NULL,NULL,"102G3","43.89705","13.25","13.5","1979-12-30",NULL,NULL,NULL,NULL
"10","Delhi","2","E","ITBP","G","OBC","6",5,5,5,NULL,NULL,NULL,NULL,"102G6","100.05483","33.25","3.5","2004-11-08",NULL,NULL,NULL,NULL
"10","Delhi","2","E","ITBP","G","UR","9",7,7,7,NULL,NULL,NULL,NULL,"102G9","108.238","35.5","17.5","2004-07-30",NULL,NULL,NULL,NULL
"10","Delhi","2","F","AR","G","EWS","0",1,1,1,NULL,NULL,NULL,NULL,"102G0","80.18321","15.75","20","2003-03-25",NULL,NULL,NULL,NULL
"10","Delhi","2","F","AR","G","SC","1",1,1,1,NULL,NULL,NULL,NULL,"102G1","107.10944","33.25","16","1998-03-15",NULL,NULL,NULL,NULL
"10","Delhi","2","F","AR","G","ST","2",1,1,1,NULL,NULL,NULL,NULL,"102G2","96.49585","31.5","15.5","1999-10-05",NULL,NULL,NULL,NULL
"10","Delhi","2","F","AR","G","ESM","3",1,1,1,NULL,NULL,NULL,NULL,"102G3","43.89705","13.25","13.5","1979-12-30",NULL,NULL,NULL,NULL
"10","Delhi","2","F","AR","G","OBC","6",2,2,2,NULL,NULL,NULL,NULL,"102G6","100.05483","33.25","3.5","2004-11-08",NULL,NULL,NULL,NULL
"10","Delhi","2","F","AR","G","UR","9",3,3,3,NULL,NULL,NULL,NULL,"102G9","108.238","35.5","17.5","2004-07-30",NULL,NULL,NULL,NULL
"11","Goa","1","A","BSF","G","UR","9",3,3,3,NULL,NULL,NULL,NULL,"111G9","55.95745","20.75","3.25","2006-05-03",NULL,NULL,NULL,NULL
"11","Goa","1","B","CISF","G","UR","9",1,1,1,NULL,NULL,NULL,NULL,"111G9","55.95745","20.75","3.25","2006-05-03",NULL,NULL,NULL,NULL
"11","Goa","1","E","ITBP","G","UR","9",1,1,1,NULL,NULL,NULL,NULL,"111G9","55.95745","20.75","3.25","2006-05-03",NULL,NULL,NULL,NULL
"11","Goa","1","F","AR","G","UR","9",1,1,1,NULL,NULL,NULL,NULL,"111G9","55.95745","20.75","3.25","2006-05-03",NULL,NULL,NULL,NULL
"11","Goa","2","A","BSF","G","EWS","0",1,1,1,NULL,NULL,NULL,NULL,"112G0",NULL,NULL,NULL,NULL,NULL,NULL,NULL,NULL
"11","Goa","2","A","BSF","G","ST","2",2,2,2,NULL,NULL,NULL,NULL,"112G2","46.40694","7.25","6.5","2002-08-24",NULL,NULL,NULL,NULL
"11","Goa","2","A","BSF","G","ESM","3",2,2,2,NULL,NULL,NULL,NULL,"112G3",NULL,NULL,NULL,NULL,NULL,NULL,NULL,NULL
"11","Goa","2","A","BSF","G","OBC","6",5,5,5,NULL,NULL,NULL,NULL,"112G6","47.13666","27","2","2003-01-30",NULL,NULL,NULL,NULL
"11","Goa","2","A","BSF","G","UR","9",10,10,10,NULL,NULL,NULL,NULL,"112G9","50.81467","13","6.25","2003-04-25",NULL,NULL,NULL,NULL
"11","Goa","2","B","CISF","G","EWS","0",1,1,1,NULL,NULL,NULL,NULL,"112G0",NULL,NULL,NULL,NULL,NULL,NULL,NULL,NULL
"11","Goa","2","B","CISF","G","ST","2",2,2,2,NULL,NULL,NULL,NULL,"112G2","46.40694","7.25","6.5","2002-08-24",NULL,NULL,NULL,NULL
"11","Goa","2","B","CISF","G","ESM","3",1,1,1,NULL,NULL,NULL,NULL,"112G3",NULL,NULL,NULL,NULL,NULL,NULL,NULL,NULL
"11","Goa","2","B","CISF","G","OBC","6",3,3,3,NULL,NULL,NULL,NULL,"112G6","47.13666","27","2","2003-01-30",NULL,NULL,NULL,NULL
"11","Goa","2","B","CISF","G","UR","9",7,7,7,NULL,NULL,NULL,NULL,"112G9","50.81467","13","6.25","2003-04-25",NULL,NULL,NULL,NULL
"11","Goa","2","C","CRPF","G","EWS","0",1,1,1,NULL,NULL,NULL,NULL,"112G0",NULL,NULL,NULL,NULL,NULL,NULL,NULL,NULL
"11","Goa","2","C","CRPF","G","ESM","3",1,1,1,NULL,NULL,NULL,NULL,"112G3",NULL,NULL,NULL,NULL,NULL,NULL,NULL,NULL
"11","Goa","2","C","CRPF","G","OBC","6",2,2,2,NULL,NULL,NULL,NULL,"112G6","47.13666","27","2","2003-01-30",NULL,NULL,NULL,NULL
"11","Goa","2","C","CRPF","G","UR","9",10,10,10,NULL,NULL,NULL,NULL,"112G9","50.81467","13","6.25","2003-04-25",NULL,NULL,NULL,NULL
"11","Goa","2","D","SSB","G","ST","2",1,1,1,NULL,NULL,NULL,NULL,"112G2","46.40694","7.25","6.5","2002-08-24",NULL,NULL,NULL,NULL
"11","Goa","2","D","SSB","G","ESM","3",1,1,1,NULL,NULL,NULL,NULL,"112G3",NULL,NULL,NULL,NULL,NULL,NULL,NULL,NULL
"11","Goa","2","D","SSB","G","OBC","6",2,2,2,NULL,NULL,NULL,NULL,"112G6","47.13666","27","2","2003-01-30",NULL,NULL,NULL,NULL
"11","Goa","2","D","SSB","G","UR","9",8,8,8,NULL,NULL,NULL,NULL,"112G9","50.81467","13","6.25","2003-04-25",NULL,NULL,NULL,NULL
"11","Goa","2","E","ITBP","G","EWS","0",1,1,1,NULL,NULL,NULL,NULL,"112G0",NULL,NULL,NULL,NULL,NULL,NULL,NULL,NULL
"11","Goa","2","E","ITBP","G","ESM","3",1,1,1,NULL,NULL,NULL,NULL,"112G3",NULL,NULL,NULL,NULL,NULL,NULL,NULL,NULL
"11","Goa","2","E","ITBP","G","OBC","6",1,1,1,NULL,NULL,NULL,NULL,"112G6","47.13666","27","2","2003-01-30",NULL,NULL,NULL,NULL
"11","Goa","2","E","ITBP","G","UR","9",3,3,3,NULL,NULL,NULL,NULL,"112G9","50.81467","13","6.25","2003-04-25",NULL,NULL,NULL,NULL
"11","Goa","2","F","AR","G","UR","9",1,1,1,NULL,NULL,NULL,NULL,"112G9","50.81467","13","6.25","2003-04-25",NULL,NULL,NULL,NULL
"12","Gujarat","1","A","BSF","B","EWS","0",4,4,4,NULL,NULL,NULL,NULL,"121B0","71.00156","22.5","9","2004-11-13",NULL,NULL,NULL,NULL
"12","Gujarat","1","A","BSF","B","SC","1",3,3,3,NULL,NULL,NULL,NULL,"121B1","80.83649","22.25","6.25","2004-06-01",NULL,NULL,NULL,NULL
"12","Gujarat","1","A","BSF","B","ST","2",7,7,7,NULL,NULL,NULL,NULL,"121B2","65.06736","23","7.25","1997-04-02",NULL,NULL,NULL,NULL
"12","Gujarat","1","A","BSF","B","ESM","3",4,4,4,NULL,NULL,NULL,NULL,"121B3",NULL,NULL,NULL,NULL,NULL,NULL,NULL,NULL
"12","Gujarat","1","A","BSF","B","OBC","6",12,12,12,NULL,NULL,NULL,NULL,"121B6","75.3856","33.25","6.25","2003-10-27",NULL,NULL,NULL,NULL
"12","Gujarat","1","A","BSF","B","UR","9",18,18,18,NULL,NULL,NULL,NULL,"121B9","81.18571","35.75","6.25","2002-03-04",NULL,NULL,NULL,NULL
"12","Gujarat","1","A","BSF","G","EWS","0",6,6,6,NULL,NULL,NULL,NULL,"121G0","68.83919","31","0","2005-08-16",NULL,NULL,NULL,NULL
"12","Gujarat","1","A","BSF","G","SC","1",4,4,4,NULL,NULL,NULL,NULL,"121G1","82.59322","26.75","17.5","2001-06-09",NULL,NULL,NULL,NULL
"12","Gujarat","1","A","BSF","G","ST","2",9,9,9,NULL,NULL,NULL,NULL,"121G2","79.35317","26.5","8.5","2000-06-20",NULL,NULL,NULL,NULL
"12","Gujarat","1","A","BSF","G","ESM","3",6,6,6,NULL,NULL,NULL,NULL,"121G3",NULL,NULL,NULL,NULL,NULL,NULL,NULL,NULL
"12","Gujarat","1","A","BSF","G","OBC","6",16,16,16,NULL,NULL,NULL,NULL,"121G6","83.51036","28.75","15.25","2000-08-11",NULL,NULL,NULL,NULL
"12","Gujarat","1","A","BSF","G","UR","9",24,24,24,NULL,NULL,NULL,NULL,"121G9","86.54484","29.5","7.75","2002-12-20",NULL,NULL,NULL,NULL
"12","Gujarat","1","B","CISF","B","EWS","0",2,2,2,NULL,NULL,NULL,NULL,"121B0","71.00156","22.5","9","2004-11-13",NULL,NULL,NULL,NULL
"12","Gujarat","1","B","CISF","B","SC","1",1,1,1,NULL,NULL,NULL,NULL,"121B1","80.83649","22.25","6.25","2004-06-01",NULL,NULL,NULL,NULL
"12","Gujarat","1","B","CISF","B","ST","2",3,3,3,NULL,NULL,NULL,NULL,"121B2","65.06736","23","7.25","1997-04-02",NULL,NULL,NULL,NULL
"12","Gujarat","1","B","CISF","B","ESM","3",2,2,2,NULL,NULL,NULL,NULL,"121B3",NULL,NULL,NULL,NULL,NULL,NULL,NULL,NULL
"12","Gujarat","1","B","CISF","B","OBC","6",5,5,5,NULL,NULL,NULL,NULL,"121B6","75.3856","33.25","6.25","2003-10-27",NULL,NULL,NULL,NULL
"12","Gujarat","1","B","CISF","B","UR","9",8,8,8,NULL,NULL,NULL,NULL,"121B9","81.18571","35.75","6.25","2002-03-04",NULL,NULL,NULL,NULL
"12","Gujarat","1","B","CISF","G","EWS","0",4,4,4,NULL,NULL,NULL,NULL,"121G0","68.83919","31","0","2005-08-16",NULL,NULL,NULL,NULL
"12","Gujarat","1","B","CISF","G","SC","1",3,3,3,NULL,NULL,NULL,NULL,"121G1","82.59322","26.75","17.5","2001-06-09",NULL,NULL,NULL,NULL
"12","Gujarat","1","B","CISF","G","ST","2",6,6,6,NULL,NULL,NULL,NULL,"121G2","79.35317","26.5","8.5","2000-06-20",NULL,NULL,NULL,NULL
"12","Gujarat","1","B","CISF","G","ESM","3",4,4,4,NULL,NULL,NULL,NULL,"121G3",NULL,NULL,NULL,NULL,NULL,NULL,NULL,NULL
"12","Gujarat","1","B","CISF","G","OBC","6",11,11,11,NULL,NULL,NULL,NULL,"121G6","83.51036","28.75","15.25","2000-08-11",NULL,NULL,NULL,NULL
"12","Gujarat","1","B","CISF","G","UR","9",17,17,17,NULL,NULL,NULL,NULL,"121G9","86.54484","29.5","7.75","2002-12-20",NULL,NULL,NULL,NULL
"12","Gujarat","1","C","CRPF","B","EWS","0",1,1,1,NULL,NULL,NULL,NULL,"121B0","71.00156","22.5","9","2004-11-13",NULL,NULL,NULL,NULL
"12","Gujarat","1","C","CRPF","B","ST","2",1,1,1,NULL,NULL,NULL,NULL,"121B2","65.06736","23","7.25","1997-04-02",NULL,NULL,NULL,NULL
"12","Gujarat","1","C","CRPF","B","ESM","3",1,1,1,NULL,NULL,NULL,NULL,"121B3",NULL,NULL,NULL,NULL,NULL,NULL,NULL,NULL
"12","Gujarat","1","C","CRPF","B","OBC","6",2,2,2,NULL,NULL,NULL,NULL,"121B6","75.3856","33.25","6.25","2003-10-27",NULL,NULL,NULL,NULL
"12","Gujarat","1","C","CRPF","B","UR","9",2,2,2,NULL,NULL,NULL,NULL,"121B9","81.18571","35.75","6.25","2002-03-04",NULL,NULL,NULL,NULL
"12","Gujarat","1","C","CRPF","G","EWS","0",1,1,1,NULL,NULL,NULL,NULL,"121G0","68.83919","31","0","2005-08-16",NULL,NULL,NULL,NULL
"12","Gujarat","1","C","CRPF","G","SC","1",1,1,1,NULL,NULL,NULL,NULL,"121G1","82.59322","26.75","17.5","2001-06-09",NULL,NULL,NULL,NULL
"12","Gujarat","1","C","CRPF","G","ST","2",2,2,2,NULL,NULL,NULL,NULL,"121G2","79.35317","26.5","8.5","2000-06-20",NULL,NULL,NULL,NULL
"12","Gujarat","1","C","CRPF","G","ESM","3",1,1,1,NULL,NULL,NULL,NULL,"121G3",NULL,NULL,NULL,NULL,NULL,NULL,NULL,NULL
"12","Gujarat","1","C","CRPF","G","OBC","6",4,4,4,NULL,NULL,NULL,NULL,"121G6","83.51036","28.75","15.25","2000-08-11",NULL,NULL,NULL,NULL
"12","Gujarat","1","C","CRPF","G","UR","9",6,6,6,NULL,NULL,NULL,NULL,"121G9","86.54484","29.5","7.75","2002-12-20",NULL,NULL,NULL,NULL
"12","Gujarat","1","E","ITBP","G","EWS","0",1,1,1,NULL,NULL,NULL,NULL,"121G0","68.83919","31","0","2005-08-16",NULL,NULL,NULL,NULL
"12","Gujarat","1","E","ITBP","G","SC","1",1,1,1,NULL,NULL,NULL,NULL,"121G1","82.59322","26.75","17.5","2001-06-09",NULL,NULL,NULL,NULL
"12","Gujarat","1","E","ITBP","G","ST","2",2,2,2,NULL,NULL,NULL,NULL,"121G2","79.35317","26.5","8.5","2000-06-20",NULL,NULL,NULL,NULL
"12","Gujarat","1","E","ITBP","G","ESM","3",1,1,1,NULL,NULL,NULL,NULL,"121G3",NULL,NULL,NULL,NULL,NULL,NULL,NULL,NULL
"12","Gujarat","1","E","ITBP","G","OBC","6",3,3,3,NULL,NULL,NULL,NULL,"121G6","83.51036","28.75","15.25","2000-08-11",NULL,NULL,NULL,NULL
"12","Gujarat","1","E","ITBP","G","UR","9",5,5,5,NULL,NULL,NULL,NULL,"121G9","86.54484","29.5","7.75","2002-12-20",NULL,NULL,NULL,NULL
"12","Gujarat","1","F","AR","G","ST","2",1,1,1,NULL,NULL,NULL,NULL,"121G2","79.35317","26.5","8.5","2000-06-20",NULL,NULL,NULL,NULL
"12","Gujarat","1","F","AR","G","OBC","6",1,1,1,NULL,NULL,NULL,NULL,"121G6","83.51036","28.75","15.25","2000-08-11",NULL,NULL,NULL,NULL
"12","Gujarat","1","F","AR","G","UR","9",1,1,1,NULL,NULL,NULL,NULL,"121G9","86.54484","29.5","7.75","2002-12-20",NULL,NULL,NULL,NULL
"12","Gujarat","2","A","BSF","B","EWS","0",25,25,25,NULL,NULL,NULL,NULL,"122B0","59.28931","17.5","10.75","2005-11-13",NULL,NULL,NULL,NULL
"12","Gujarat","2","A","BSF","B","SC","1",17,17,17,NULL,NULL,NULL,NULL,"122B1","68.58376","22","8.5","1999-06-01",NULL,NULL,NULL,NULL
"12","Gujarat","2","A","BSF","B","ST","2",37,37,37,NULL,NULL,NULL,NULL,"122B2","62.36073","19","7.75","2005-05-15",NULL,NULL,NULL,NULL
"12","Gujarat","2","A","BSF","B","ESM","3",25,25,25,NULL,NULL,NULL,NULL,"122B3",NULL,NULL,NULL,NULL,NULL,NULL,NULL,NULL
"12","Gujarat","2","A","BSF","B","OBC","6",66,66,66,NULL,NULL,NULL,NULL,"122B6","65.36002","15.25","19.75","2004-06-20",NULL,NULL,NULL,NULL
"12","Gujarat","2","A","BSF","B","UR","9",101,101,101,NULL,NULL,NULL,NULL,"122B9","71.48718","24.75","18.75","2004-03-02",NULL,NULL,NULL,NULL
"12","Gujarat","2","A","BSF","G","EWS","0",33,33,33,NULL,NULL,NULL,NULL,"122G0","67.61346","19","17","2002-12-15",NULL,NULL,NULL,NULL
"12","Gujarat","2","A","BSF","G","SC","1",23,23,23,NULL,NULL,NULL,NULL,"122G1","77.81228","31","10.75","2004-11-28",NULL,NULL,NULL,NULL
"12","Gujarat","2","A","BSF","G","ST","2",50,50,50,NULL,NULL,NULL,NULL,"122G2","78.60235","31","6.25","2002-11-15",NULL,NULL,NULL,NULL
"12","Gujarat","2","A","BSF","G","ESM","3",33,33,33,NULL,NULL,NULL,NULL,"122G3","47.10067","14.75","5.5","1986-06-01",NULL,NULL,NULL,NULL
"12","Gujarat","2","A","BSF","G","OBC","6",90,90,90,NULL,NULL,NULL,NULL,"122G6","77.02019","29.75","12.25","2001-11-23",NULL,NULL,NULL,NULL
"12","Gujarat","2","A","BSF","G","UR","9",136,136,136,NULL,NULL,NULL,NULL,"122G9","82.9424","33.25","8.5","2005-07-07",NULL,NULL,NULL,NULL
"12","Gujarat","2","B","CISF","B","EWS","0",17,17,17,NULL,NULL,NULL,NULL,"122B0","59.28931","17.5","10.75","2005-11-13",NULL,NULL,NULL,NULL
"12","Gujarat","2","B","CISF","B","SC","1",12,12,12,NULL,NULL,NULL,NULL,"122B1","68.58376","22","8.5","1999-06-01",NULL,NULL,NULL,NULL
"12","Gujarat","2","B","CISF","B","ST","2",26,26,26,NULL,NULL,NULL,NULL,"122B2","62.36073","19","7.75","2005-05-15",NULL,NULL,NULL,NULL
"12","Gujarat","2","B","CISF","B","ESM","3",17,17,17,NULL,NULL,NULL,NULL,"122B3",NULL,NULL,NULL,NULL,NULL,NULL,NULL,NULL
"12","Gujarat","2","B","CISF","B","OBC","6",47,47,47,NULL,NULL,NULL,NULL,"122B6","65.36002","15.25","19.75","2004-06-20",NULL,NULL,NULL,NULL
"12","Gujarat","2","B","CISF","B","UR","9",71,71,71,NULL,NULL,NULL,NULL,"122B9","71.48718","24.75","18.75","2004-03-02",NULL,NULL,NULL,NULL
"12","Gujarat","2","B","CISF","G","EWS","0",37,37,37,NULL,NULL,NULL,NULL,"122G0","67.61346","19","17","2002-12-15",NULL,NULL,NULL,NULL
"12","Gujarat","2","B","CISF","G","SC","1",26,26,26,NULL,NULL,NULL,NULL,"122G1","77.81228","31","10.75","2004-11-28",NULL,NULL,NULL,NULL
"12","Gujarat","2","B","CISF","G","ST","2",55,55,55,NULL,NULL,NULL,NULL,"122G2","78.60235","31","6.25","2002-11-15",NULL,NULL,NULL,NULL
"12","Gujarat","2","B","CISF","G","ESM","3",37,37,37,NULL,NULL,NULL,NULL,"122G3","47.10067","14.75","5.5","1986-06-01",NULL,NULL,NULL,NULL
"12","Gujarat","2","B","CISF","G","OBC","6",99,99,99,NULL,NULL,NULL,NULL,"122G6","77.02019","29.75","12.25","2001-11-23",NULL,NULL,NULL,NULL
"12","Gujarat","2","B","CISF","G","UR","9",151,151,151,NULL,NULL,NULL,NULL,"122G9","82.9424","33.25","8.5","2005-07-07",NULL,NULL,NULL,NULL
"12","Gujarat","2","C","CRPF","B","EWS","0",16,16,16,NULL,NULL,NULL,NULL,"122B0","59.28931","17.5","10.75","2005-11-13",NULL,NULL,NULL,NULL
"12","Gujarat","2","C","CRPF","B","SC","1",11,11,11,NULL,NULL,NULL,NULL,"122B1","68.58376","22","8.5","1999-06-01",NULL,NULL,NULL,NULL
"12","Gujarat","2","C","CRPF","B","ST","2",24,24,24,NULL,NULL,NULL,NULL,"122B2","62.36073","19","7.75","2005-05-15",NULL,NULL,NULL,NULL
"12","Gujarat","2","C","CRPF","B","ESM","3",16,16,16,NULL,NULL,NULL,NULL,"122B3",NULL,NULL,NULL,NULL,NULL,NULL,NULL,NULL
"12","Gujarat","2","C","CRPF","B","OBC","6",43,43,43,NULL,NULL,NULL,NULL,"122B6","65.36002","15.25","19.75","2004-06-20",NULL,NULL,NULL,NULL
"12","Gujarat","2","C","CRPF","B","UR","9",66,66,66,NULL,NULL,NULL,NULL,"122B9","71.48718","24.75","18.75","2004-03-02",NULL,NULL,NULL,NULL
"12","Gujarat","2","C","CRPF","G","EWS","0",34,34,34,NULL,NULL,NULL,NULL,"122G0","67.61346","19","17","2002-12-15",NULL,NULL,NULL,NULL
"12","Gujarat","2","C","CRPF","G","SC","1",24,24,24,NULL,NULL,NULL,NULL,"122G1","77.81228","31","10.75","2004-11-28",NULL,NULL,NULL,NULL
"12","Gujarat","2","C","CRPF","G","ST","2",51,51,51,NULL,NULL,NULL,NULL,"122G2","78.60235","31","6.25","2002-11-15",NULL,NULL,NULL,NULL
"12","Gujarat","2","C","CRPF","G","ESM","3",34,34,34,NULL,NULL,NULL,NULL,"122G3","47.10067","14.75","5.5","1986-06-01",NULL,NULL,NULL,NULL
"12","Gujarat","2","C","CRPF","G","OBC","6",93,93,93,NULL,NULL,NULL,NULL,"122G6","77.02019","29.75","12.25","2001-11-23",NULL,NULL,NULL,NULL
"12","Gujarat","2","C","CRPF","G","UR","9",141,141,141,NULL,NULL,NULL,NULL,"122G9","82.9424","33.25","8.5","2005-07-07",NULL,NULL,NULL,NULL
"12","Gujarat","2","D","SSB","G","EWS","0",2,2,2,NULL,NULL,NULL,NULL,"122G0","67.61346","19","17","2002-12-15",NULL,NULL,NULL,NULL
"12","Gujarat","2","D","SSB","G","SC","1",2,2,2,NULL,NULL,NULL,NULL,"122G1","77.81228","31","10.75","2004-11-28",NULL,NULL,NULL,NULL
"12","Gujarat","2","D","SSB","G","ST","2",3,3,3,NULL,NULL,NULL,NULL,"122G2","78.60235","31","6.25","2002-11-15",NULL,NULL,NULL,NULL
"12","Gujarat","2","D","SSB","G","ESM","3",2,2,2,NULL,NULL,NULL,NULL,"122G3","47.10067","14.75","5.5","1986-06-01",NULL,NULL,NULL,NULL
"12","Gujarat","2","D","SSB","G","OBC","6",6,6,6,NULL,NULL,NULL,NULL,"122G6","77.02019","29.75","12.25","2001-11-23",NULL,NULL,NULL,NULL
"12","Gujarat","2","D","SSB","G","UR","9",8,8,8,NULL,NULL,NULL,NULL,"122G9","82.9424","33.25","8.5","2005-07-07",NULL,NULL,NULL,NULL
"12","Gujarat","2","E","ITBP","G","EWS","0",6,6,6,NULL,NULL,NULL,NULL,"122G0","67.61346","19","17","2002-12-15",NULL,NULL,NULL,NULL
"12","Gujarat","2","E","ITBP","G","SC","1",4,4,4,NULL,NULL,NULL,NULL,"122G1","77.81228","31","10.75","2004-11-28",NULL,NULL,NULL,NULL
"12","Gujarat","2","E","ITBP","G","ST","2",10,10,10,NULL,NULL,NULL,NULL,"122G2","78.60235","31","6.25","2002-11-15",NULL,NULL,NULL,NULL
"12","Gujarat","2","E","ITBP","G","ESM","3",6,6,6,NULL,NULL,NULL,NULL,"122G3","47.10067","14.75","5.5","1986-06-01",NULL,NULL,NULL,NULL
"12","Gujarat","2","E","ITBP","G","OBC","6",17,17,17,NULL,NULL,NULL,NULL,"122G6","77.02019","29.75","12.25","2001-11-23",NULL,NULL,NULL,NULL
"12","Gujarat","2","E","ITBP","G","UR","9",27,27,27,NULL,NULL,NULL,NULL,"122G9","82.9424","33.25","8.5","2005-07-07",NULL,NULL,NULL,NULL
"12","Gujarat","2","F","AR","G","EWS","0",3,3,3,NULL,NULL,NULL,NULL,"122G0","67.61346","19","17","2002-12-15",NULL,NULL,NULL,NULL
"12","Gujarat","2","F","AR","G","SC","1",2,2,2,NULL,NULL,NULL,NULL,"122G1","77.81228","31","10.75","2004-11-28",NULL,NULL,NULL,NULL
"12","Gujarat","2","F","AR","G","ST","2",4,4,4,NULL,NULL,NULL,NULL,"122G2","78.60235","31","6.25","2002-11-15",NULL,NULL,NULL,NULL
"12","Gujarat","2","F","AR","G","ESM","3",3,3,3,NULL,NULL,NULL,NULL,"122G3","47.10067","14.75","5.5","1986-06-01",NULL,NULL,NULL,NULL
"12","Gujarat","2","F","AR","G","OBC","6",8,8,8,NULL,NULL,NULL,NULL,"122G6","77.02019","29.75","12.25","2001-11-23",NULL,NULL,NULL,NULL
"12","Gujarat","2","F","AR","G","UR","9",12,12,12,NULL,NULL,NULL,NULL,"122G9","82.9424","33.25","8.5","2005-07-07",NULL,NULL,NULL,NULL
"13","Haryana","1","A","BSF","G","EWS","0",2,2,2,NULL,NULL,NULL,NULL,"131G0","134.10858","40","17.25","2003-02-11",NULL,NULL,NULL,NULL
"13","Haryana","1","A","BSF","G","SC","1",5,5,5,NULL,NULL,NULL,NULL,"131G1","125.18265","35.5","12.25","1999-02-25",NULL,NULL,NULL,NULL
"13","Haryana","1","A","BSF","G","ESM","3",3,3,3,NULL,NULL,NULL,NULL,"131G3",NULL,NULL,NULL,NULL,NULL,NULL,NULL,NULL
"13","Haryana","1","A","BSF","G","OBC","6",7,7,7,NULL,NULL,NULL,NULL,"131G6","132.97215","31","22","2001-07-25",NULL,NULL,NULL,NULL
"13","Haryana","1","A","BSF","G","UR","9",11,11,11,NULL,NULL,NULL,NULL,"131G9","134.72893","37.75","19.75","2003-09-03",NULL,NULL,NULL,NULL
"13","Haryana","1","B","CISF","G","EWS","0",2,2,2,NULL,NULL,NULL,NULL,"131G0","134.10858","40","17.25","2003-02-11",NULL,NULL,NULL,NULL
"13","Haryana","1","B","CISF","G","SC","1",3,3,3,NULL,NULL,NULL,NULL,"131G1","125.18265","35.5","12.25","1999-02-25",NULL,NULL,NULL,NULL
"13","Haryana","1","B","CISF","G","ESM","3",2,2,2,NULL,NULL,NULL,NULL,"131G3",NULL,NULL,NULL,NULL,NULL,NULL,NULL,NULL
"13","Haryana","1","B","CISF","G","OBC","6",5,5,5,NULL,NULL,NULL,NULL,"131G6","132.97215","31","22","2001-07-25",NULL,NULL,NULL,NULL
"13","Haryana","1","B","CISF","G","UR","9",7,7,7,NULL,NULL,NULL,NULL,"131G9","134.72893","37.75","19.75","2003-09-03",NULL,NULL,NULL,NULL
"13","Haryana","1","C","CRPF","G","EWS","0",1,1,1,NULL,NULL,NULL,NULL,"131G0","134.10858","40","17.25","2003-02-11",NULL,NULL,NULL,NULL
"13","Haryana","1","C","CRPF","G","SC","1",1,1,1,NULL,NULL,NULL,NULL,"131G1","125.18265","35.5","12.25","1999-02-25",NULL,NULL,NULL,NULL
"13","Haryana","1","C","CRPF","G","ESM","3",1,1,1,NULL,NULL,NULL,NULL,"131G3",NULL,NULL,NULL,NULL,NULL,NULL,NULL,NULL
"13","Haryana","1","C","CRPF","G","OBC","6",2,2,2,NULL,NULL,NULL,NULL,"131G6","132.97215","31","22","2001-07-25",NULL,NULL,NULL,NULL
"13","Haryana","1","C","CRPF","G","UR","9",2,2,2,NULL,NULL,NULL,NULL,"131G9","134.72893","37.75","19.75","2003-09-03",NULL,NULL,NULL,NULL
"13","Haryana","1","E","ITBP","G","SC","1",1,1,1,NULL,NULL,NULL,NULL,"131G1","125.18265","35.5","12.25","1999-02-25",NULL,NULL,NULL,NULL
"13","Haryana","1","E","ITBP","G","ESM","3",1,1,1,NULL,NULL,NULL,NULL,"131G3",NULL,NULL,NULL,NULL,NULL,NULL,NULL,NULL
"13","Haryana","1","E","ITBP","G","OBC","6",1,1,1,NULL,NULL,NULL,NULL,"131G6","132.97215","31","22","2001-07-25",NULL,NULL,NULL,NULL
"13","Haryana","1","E","ITBP","G","UR","9",3,3,3,NULL,NULL,NULL,NULL,"131G9","134.72893","37.75","19.75","2003-09-03",NULL,NULL,NULL,NULL
"13","Haryana","1","F","AR","G","UR","9",1,1,1,NULL,NULL,NULL,NULL,"131G9","134.72893","37.75","19.75","2003-09-03",NULL,NULL,NULL,NULL
"13","Haryana","2","A","BSF","G","EWS","0",14,14,14,NULL,NULL,NULL,NULL,"132G0","124.02707","31","15.25","2004-12-02",NULL,NULL,NULL,NULL
"13","Haryana","2","A","BSF","G","SC","1",26,26,26,NULL,NULL,NULL,NULL,"132G1","118.36496","35.75","26.5","2004-11-02",NULL,NULL,NULL,NULL
"13","Haryana","2","A","BSF","G","ESM","3",14,14,14,NULL,NULL,NULL,NULL,"132G3","35.56511","1.75","13","1982-05-04",NULL,NULL,NULL,NULL
"13","Haryana","2","A","BSF","G","OBC","6",38,38,38,NULL,NULL,NULL,NULL,"132G6","124.92206","40","22","2001-08-20",NULL,NULL,NULL,NULL
"13","Haryana","2","A","BSF","G","UR","9",61,61,61,NULL,NULL,NULL,NULL,"132G9","127.31295","33.25","22","2005-08-24",NULL,NULL,NULL,NULL
"13","Haryana","2","B","CISF","G","EWS","0",15,15,15,NULL,NULL,NULL,NULL,"132G0","124.02707","31","15.25","2004-12-02",NULL,NULL,NULL,NULL
"13","Haryana","2","B","CISF","G","SC","1",29,29,29,NULL,NULL,NULL,NULL,"132G1","118.36496","35.75","26.5","2004-11-02",NULL,NULL,NULL,NULL
"13","Haryana","2","B","CISF","G","ESM","3",15,15,15,NULL,NULL,NULL,NULL,"132G3","35.56511","1.75","13","1982-05-04",NULL,NULL,NULL,NULL
"13","Haryana","2","B","CISF","G","OBC","6",42,42,42,NULL,NULL,NULL,NULL,"132G6","124.92206","40","22","2001-08-20",NULL,NULL,NULL,NULL
"13","Haryana","2","B","CISF","G","UR","9",68,68,68,NULL,NULL,NULL,NULL,"132G9","127.31295","33.25","22","2005-08-24",NULL,NULL,NULL,NULL
"13","Haryana","2","C","CRPF","G","EWS","0",14,14,14,NULL,NULL,NULL,NULL,"132G0","124.02707","31","15.25","2004-12-02",NULL,NULL,NULL,NULL
"13","Haryana","2","C","CRPF","G","SC","1",27,27,27,NULL,NULL,NULL,NULL,"132G1","118.36496","35.75","26.5","2004-11-02",NULL,NULL,NULL,NULL
"13","Haryana","2","C","CRPF","G","ESM","3",14,14,14,NULL,NULL,NULL,NULL,"132G3","35.56511","1.75","13","1982-05-04",NULL,NULL,NULL,NULL
"13","Haryana","2","C","CRPF","G","OBC","6",39,39,39,NULL,NULL,NULL,NULL,"132G6","124.92206","40","22","2001-08-20",NULL,NULL,NULL,NULL
"13","Haryana","2","C","CRPF","G","UR","9",64,64,64,NULL,NULL,NULL,NULL,"132G9","127.31295","33.25","22","2005-08-24",NULL,NULL,NULL,NULL
"13","Haryana","2","D","SSB","G","EWS","0",1,1,1,NULL,NULL,NULL,NULL,"132G0","124.02707","31","15.25","2004-12-02",NULL,NULL,NULL,NULL
"13","Haryana","2","D","SSB","G","SC","1",2,2,2,NULL,NULL,NULL,NULL,"132G1","118.36496","35.75","26.5","2004-11-02",NULL,NULL,NULL,NULL
"13","Haryana","2","D","SSB","G","ESM","3",1,1,1,NULL,NULL,NULL,NULL,"132G3","35.56511","1.75","13","1982-05-04",NULL,NULL,NULL,NULL
"13","Haryana","2","D","SSB","G","OBC","6",2,2,2,NULL,NULL,NULL,NULL,"132G6","124.92206","40","22","2001-08-20",NULL,NULL,NULL,NULL
"13","Haryana","2","D","SSB","G","UR","9",4,4,4,NULL,NULL,NULL,NULL,"132G9","127.31295","33.25","22","2005-08-24",NULL,NULL,NULL,NULL
"13","Haryana","2","E","ITBP","G","EWS","0",3,3,3,NULL,NULL,NULL,NULL,"132G0","124.02707","31","15.25","2004-12-02",NULL,NULL,NULL,NULL
"13","Haryana","2","E","ITBP","G","SC","1",5,5,5,NULL,NULL,NULL,NULL,"132G1","118.36496","35.75","26.5","2004-11-02",NULL,NULL,NULL,NULL
"13","Haryana","2","E","ITBP","G","ESM","3",3,3,3,NULL,NULL,NULL,NULL,"132G3","35.56511","1.75","13","1982-05-04",NULL,NULL,NULL,NULL
"13","Haryana","2","E","ITBP","G","OBC","6",7,7,7,NULL,NULL,NULL,NULL,"132G6","124.92206","40","22","2001-08-20",NULL,NULL,NULL,NULL
"13","Haryana","2","E","ITBP","G","UR","9",12,12,12,NULL,NULL,NULL,NULL,"132G9","127.31295","33.25","22","2005-08-24",NULL,NULL,NULL,NULL
"13","Haryana","2","F","AR","G","EWS","0",1,1,1,NULL,NULL,NULL,NULL,"132G0","124.02707","31","15.25","2004-12-02",NULL,NULL,NULL,NULL
"13","Haryana","2","F","AR","G","SC","1",2,2,2,NULL,NULL,NULL,NULL,"132G1","118.36496","35.75","26.5","2004-11-02",NULL,NULL,NULL,NULL
"13","Haryana","2","F","AR","G","ESM","3",1,1,1,NULL,NULL,NULL,NULL,"132G3","35.56511","1.75","13","1982-05-04",NULL,NULL,NULL,NULL
"13","Haryana","2","F","AR","G","OBC","6",3,3,3,NULL,NULL,NULL,NULL,"132G6","124.92206","40","22","2001-08-20",NULL,NULL,NULL,NULL
"13","Haryana","2","F","AR","G","UR","9",6,6,6,NULL,NULL,NULL,NULL,"132G9","127.31295","33.25","22","2005-08-24",NULL,NULL,NULL,NULL
"14","Himachal Pradesh","1","A","BSF","G","EWS","0",1,1,1,NULL,NULL,NULL,NULL,"141G0","111.24678","33.5","14.5","2002-09-28",NULL,NULL,NULL,NULL
"14","Himachal Pradesh","1","A","BSF","G","SC","1",2,2,2,NULL,NULL,NULL,NULL,"141G1","113.05301","33.25","19.75","2000-09-10",NULL,NULL,NULL,NULL
"14","Himachal Pradesh","1","A","BSF","G","ESM","3",1,1,1,NULL,NULL,NULL,NULL,"141G3",NULL,NULL,NULL,NULL,NULL,NULL,NULL,NULL
"14","Himachal Pradesh","1","A","BSF","G","OBC","6",1,1,1,NULL,NULL,NULL,NULL,"141G6","120.48855","37.75","15.25","2000-06-02",NULL,NULL,NULL,NULL
"14","Himachal Pradesh","1","A","BSF","G","UR","9",3,3,3,NULL,NULL,NULL,NULL,"141G9","121.23606","35.5","17.5","2002-11-13",NULL,NULL,NULL,NULL
"14","Himachal Pradesh","1","B","CISF","G","EWS","0",1,1,1,NULL,NULL,NULL,NULL,"141G0","111.24678","33.5","14.5","2002-09-28",NULL,NULL,NULL,NULL
"14","Himachal Pradesh","1","B","CISF","G","SC","1",1,1,1,NULL,NULL,NULL,NULL,"141G1","113.05301","33.25","19.75","2000-09-10",NULL,NULL,NULL,NULL
"14","Himachal Pradesh","1","B","CISF","G","ESM","3",1,1,1,NULL,NULL,NULL,NULL,"141G3",NULL,NULL,NULL,NULL,NULL,NULL,NULL,NULL
"14","Himachal Pradesh","1","B","CISF","G","OBC","6",1,1,1,NULL,NULL,NULL,NULL,"141G6","120.48855","37.75","15.25","2000-06-02",NULL,NULL,NULL,NULL
"14","Himachal Pradesh","1","B","CISF","G","UR","9",2,2,2,NULL,NULL,NULL,NULL,"141G9","121.23606","35.5","17.5","2002-11-13",NULL,NULL,NULL,NULL
"14","Himachal Pradesh","1","C","CRPF","G","SC","1",1,1,1,NULL,NULL,NULL,NULL,"141G1","113.05301","33.25","19.75","2000-09-10",NULL,NULL,NULL,NULL
"14","Himachal Pradesh","1","C","CRPF","G","UR","9",1,1,1,NULL,NULL,NULL,NULL,"141G9","121.23606","35.5","17.5","2002-11-13",NULL,NULL,NULL,NULL
"14","Himachal Pradesh","1","E","ITBP","B","EWS","0",1,1,1,NULL,NULL,NULL,NULL,"141B0",NULL,NULL,NULL,NULL,NULL,NULL,NULL,NULL
"14","Himachal Pradesh","1","E","ITBP","B","SC","1",3,3,3,NULL,NULL,NULL,NULL,"141B1","37.85494","1.75","10.75","2005-01-01",NULL,NULL,NULL,NULL
"14","Himachal Pradesh","1","E","ITBP","B","ESM","3",1,1,1,NULL,NULL,NULL,NULL,"141B3",NULL,NULL,NULL,NULL,NULL,NULL,NULL,NULL
"14","Himachal Pradesh","1","E","ITBP","B","OBC","6",3,3,3,NULL,NULL,NULL,NULL,"141B6",NULL,NULL,NULL,NULL,NULL,NULL,NULL,NULL
"14","Himachal Pradesh","1","E","ITBP","B","UR","9",2,2,2,NULL,NULL,NULL,NULL,"141B9","85.02313","24.5","10.75","2004-07-20",NULL,NULL,NULL,NULL
"14","Himachal Pradesh","1","E","ITBP","G","UR","9",1,1,1,NULL,NULL,NULL,NULL,"141G9","121.23606","35.5","17.5","2002-11-13",NULL,NULL,NULL,NULL
"14","Himachal Pradesh","2","A","BSF","G","EWS","0",4,4,4,NULL,NULL,NULL,NULL,"142G0","114.80954","26.75","24.25","2002-09-28",NULL,NULL,NULL,NULL
"14","Himachal Pradesh","2","A","BSF","G","SC","1",9,9,9,NULL,NULL,NULL,NULL,"142G1","116.83517","33.25","19.75","2000-04-10",NULL,NULL,NULL,NULL
"14","Himachal Pradesh","2","A","BSF","G","ST","2",1,1,1,NULL,NULL,NULL,NULL,"142G2","122.15231","33.5","15","2001-06-02",NULL,NULL,NULL,NULL
"14","Himachal Pradesh","2","A","BSF","G","ESM","3",4,4,4,NULL,NULL,NULL,NULL,"142G3","40.61155","10.75","4","1985-05-14",NULL,NULL,NULL,NULL
"14","Himachal Pradesh","2","A","BSF","G","OBC","6",8,8,8,NULL,NULL,NULL,NULL,"142G6","119.76285","35.5","26.5","2002-04-26",NULL,NULL,NULL,NULL
"14","Himachal Pradesh","2","A","BSF","G","UR","9",16,16,16,NULL,NULL,NULL,NULL,"142G9","121.07476","35.5","19.75","2002-08-20",NULL,NULL,NULL,NULL
"14","Himachal Pradesh","2","B","CISF","B","EWS","0",1,1,1,NULL,NULL,NULL,NULL,"142B0","67.90102","19.75","8.5","2005-06-20",NULL,NULL,NULL,NULL
"14","Himachal Pradesh","2","B","CISF","B","SC","1",1,1,1,NULL,NULL,NULL,NULL,"142B1","41.98906","13","-0.5","2003-10-05",NULL,NULL,NULL,NULL
"14","Himachal Pradesh","2","B","CISF","B","UR","9",1,1,1,NULL,NULL,NULL,NULL,"142B9","86.27463","29","13.75","2006-12-15",NULL,NULL,NULL,NULL
"14","Himachal Pradesh","2","B","CISF","G","EWS","0",4,4,4,NULL,NULL,NULL,NULL,"142G0","114.80954","26.75","24.25","2002-09-28",NULL,NULL,NULL,NULL
"14","Himachal Pradesh","2","B","CISF","G","SC","1",11,11,11,NULL,NULL,NULL,NULL,"142G1","116.83517","33.25","19.75","2000-04-10",NULL,NULL,NULL,NULL
"14","Himachal Pradesh","2","B","CISF","G","ST","2",2,2,2,NULL,NULL,NULL,NULL,"142G2","122.15231","33.5","15","2001-06-02",NULL,NULL,NULL,NULL
"14","Himachal Pradesh","2","B","CISF","G","ESM","3",4,4,4,NULL,NULL,NULL,NULL,"142G3","40.61155","10.75","4","1985-05-14",NULL,NULL,NULL,NULL
"14","Himachal Pradesh","2","B","CISF","G","OBC","6",8,8,8,NULL,NULL,NULL,NULL,"142G6","119.76285","35.5","26.5","2002-04-26",NULL,NULL,NULL,NULL
"14","Himachal Pradesh","2","B","CISF","G","UR","9",17,17,17,NULL,NULL,NULL,NULL,"142G9","121.07476","35.5","19.75","2002-08-20",NULL,NULL,NULL,NULL
"14","Himachal Pradesh","2","C","CRPF","B","SC","1",1,1,1,NULL,NULL,NULL,NULL,"142B1","41.98906","13","-0.5","2003-10-05",NULL,NULL,NULL,NULL
"14","Himachal Pradesh","2","C","CRPF","B","OBC","6",1,1,1,NULL,NULL,NULL,NULL,"142B6",NULL,NULL,NULL,NULL,NULL,NULL,NULL,NULL
"14","Himachal Pradesh","2","C","CRPF","B","UR","9",1,1,1,NULL,NULL,NULL,NULL,"142B9","86.27463","29","13.75","2006-12-15",NULL,NULL,NULL,NULL
"14","Himachal Pradesh","2","C","CRPF","G","EWS","0",4,4,4,NULL,NULL,NULL,NULL,"142G0","114.80954","26.75","24.25","2002-09-28",NULL,NULL,NULL,NULL
"14","Himachal Pradesh","2","C","CRPF","G","SC","1",10,10,10,NULL,NULL,NULL,NULL,"142G1","116.83517","33.25","19.75","2000-04-10",NULL,NULL,NULL,NULL
"14","Himachal Pradesh","2","C","CRPF","G","ST","2",2,2,2,NULL,NULL,NULL,NULL,"142G2","122.15231","33.5","15","2001-06-02",NULL,NULL,NULL,NULL
"14","Himachal Pradesh","2","C","CRPF","G","ESM","3",4,4,4,NULL,NULL,NULL,NULL,"142G3","40.61155","10.75","4","1985-05-14",NULL,NULL,NULL,NULL
"14","Himachal Pradesh","2","C","CRPF","G","OBC","6",8,8,8,NULL,NULL,NULL,NULL,"142G6","119.76285","35.5","26.5","2002-04-26",NULL,NULL,NULL,NULL
"14","Himachal Pradesh","2","C","CRPF","G","UR","9",15,15,15,NULL,NULL,NULL,NULL,"142G9","121.07476","35.5","19.75","2002-08-20",NULL,NULL,NULL,NULL
"14","Himachal Pradesh","2","D","SSB","G","SC","1",1,1,1,NULL,NULL,NULL,NULL,"142G1","116.83517","33.25","19.75","2000-04-10",NULL,NULL,NULL,NULL
"14","Himachal Pradesh","2","D","SSB","G","UR","9",1,1,1,NULL,NULL,NULL,NULL,"142G9","121.07476","35.5","19.75","2002-08-20",NULL,NULL,NULL,NULL
"14","Himachal Pradesh","2","E","ITBP","B","EWS","0",6,6,6,NULL,NULL,NULL,NULL,"142B0","67.90102","19.75","8.5","2005-06-20",NULL,NULL,NULL,NULL
"14","Himachal Pradesh","2","E","ITBP","B","SC","1",12,12,12,NULL,NULL,NULL,NULL,"142B1","41.98906","13","-0.5","2003-10-05",NULL,NULL,NULL,NULL
"14","Himachal Pradesh","2","E","ITBP","B","ST","2",1,1,1,NULL,NULL,NULL,NULL,"142B2","101.23479","33.75","18.5","2001-01-12",NULL,NULL,NULL,NULL
"14","Himachal Pradesh","2","E","ITBP","B","ESM","3",6,6,6,NULL,NULL,NULL,NULL,"142B3",NULL,NULL,NULL,NULL,NULL,NULL,NULL,NULL
"14","Himachal Pradesh","2","E","ITBP","B","OBC","6",22,22,22,NULL,NULL,NULL,NULL,"142B6",NULL,NULL,NULL,NULL,NULL,NULL,NULL,NULL
"14","Himachal Pradesh","2","E","ITBP","B","UR","9",14,14,14,NULL,NULL,NULL,NULL,"142B9","86.27463","29","13.75","2006-12-15",NULL,NULL,NULL,NULL
"14","Himachal Pradesh","2","E","ITBP","G","EWS","0",1,1,1,NULL,NULL,NULL,NULL,"142G0","114.80954","26.75","24.25","2002-09-28",NULL,NULL,NULL,NULL
"14","Himachal Pradesh","2","E","ITBP","G","SC","1",2,2,2,NULL,NULL,NULL,NULL,"142G1","116.83517","33.25","19.75","2000-04-10",NULL,NULL,NULL,NULL
"14","Himachal Pradesh","2","E","ITBP","G","ESM","3",1,1,1,NULL,NULL,NULL,NULL,"142G3","40.61155","10.75","4","1985-05-14",NULL,NULL,NULL,NULL
"14","Himachal Pradesh","2","E","ITBP","G","OBC","6",1,1,1,NULL,NULL,NULL,NULL,"142G6","119.76285","35.5","26.5","2002-04-26",NULL,NULL,NULL,NULL
"14","Himachal Pradesh","2","E","ITBP","G","UR","9",3,3,3,NULL,NULL,NULL,NULL,"142G9","121.07476","35.5","19.75","2002-08-20",NULL,NULL,NULL,NULL
"14","Himachal Pradesh","2","F","AR","G","SC","1",1,1,1,NULL,NULL,NULL,NULL,"142G1","116.83517","33.25","19.75","2000-04-10",NULL,NULL,NULL,NULL
"14","Himachal Pradesh","2","F","AR","G","OBC","6",1,1,1,NULL,NULL,NULL,NULL,"142G6","119.76285","35.5","26.5","2002-04-26",NULL,NULL,NULL,NULL
"14","Himachal Pradesh","2","F","AR","G","UR","9",1,1,1,NULL,NULL,NULL,NULL,"142G9","121.07476","35.5","19.75","2002-08-20",NULL,NULL,NULL,NULL
"15","Jammu & Kashmir","1","A","BSF","B","EWS","0",4,4,4,NULL,NULL,NULL,NULL,"151B0",NULL,NULL,NULL,NULL,NULL,NULL,NULL,NULL
"15","Jammu & Kashmir","1","A","BSF","B","SC","1",3,3,3,NULL,NULL,NULL,NULL,"151B1","66.47712","31.25","1.5","2000-03-09",NULL,NULL,NULL,NULL
"15","Jammu & Kashmir","1","A","BSF","B","ST","2",4,4,4,NULL,NULL,NULL,NULL,"151B2","49.90653","13","4","2005-03-15",NULL,NULL,NULL,NULL
"15","Jammu & Kashmir","1","A","BSF","B","ESM","3",4,4,4,NULL,NULL,NULL,NULL,"151B3",NULL,NULL,NULL,NULL,NULL,NULL,NULL,NULL
"15","Jammu & Kashmir","1","A","BSF","B","OBC","6",11,11,11,NULL,NULL,NULL,NULL,"151B6",NULL,NULL,NULL,NULL,NULL,NULL,NULL,NULL
"15","Jammu & Kashmir","1","A","BSF","B","UR","9",17,17,17,NULL,NULL,NULL,NULL,"151B9","63.64555","11.25","10.75","2006-01-06",NULL,NULL,NULL,NULL
"15","Jammu & Kashmir","1","A","BSF","G","EWS","0",1,1,1,NULL,NULL,NULL,NULL,"151G0",NULL,NULL,NULL,NULL,NULL,NULL,NULL,NULL
"15","Jammu & Kashmir","1","A","BSF","G","SC","1",1,1,1,NULL,NULL,NULL,NULL,"151G1",NULL,NULL,NULL,NULL,NULL,NULL,NULL,NULL
"15","Jammu & Kashmir","1","A","BSF","G","ST","2",2,2,2,NULL,NULL,NULL,NULL,"151G2","46.92862","19","-0.75","2002-04-30",NULL,NULL,NULL,NULL
"15","Jammu & Kashmir","1","A","BSF","G","ESM","3",1,1,1,NULL,NULL,NULL,NULL,"151G3",NULL,NULL,NULL,NULL,NULL,NULL,NULL,NULL
"15","Jammu & Kashmir","1","A","BSF","G","OBC","6",3,3,3,NULL,NULL,NULL,NULL,"151G6",NULL,NULL,NULL,NULL,NULL,NULL,NULL,NULL
"15","Jammu & Kashmir","1","A","BSF","G","UR","9",5,5,5,NULL,NULL,NULL,NULL,"151G9","63.26119","19.75","6","2004-01-28",NULL,NULL,NULL,NULL
"15","Jammu & Kashmir","1","A","BSF","N","EWS","0",8,8,8,NULL,NULL,NULL,NULL,"151N0","43.11156","19.75","1.75","2002-10-11",NULL,NULL,NULL,NULL
"15","Jammu & Kashmir","1","A","BSF","N","SC","1",6,6,6,NULL,NULL,NULL,NULL,"151N1","69.61815","26.5","13.5","1999-02-12",NULL,NULL,NULL,NULL
"15","Jammu & Kashmir","1","A","BSF","N","ST","2",8,8,8,NULL,NULL,NULL,NULL,"151N2","54.98903","31","10.75","2004-02-06",NULL,NULL,NULL,NULL
"15","Jammu & Kashmir","1","A","BSF","N","ESM","3",8,8,8,NULL,NULL,NULL,NULL,"151N3",NULL,NULL,NULL,NULL,NULL,NULL,NULL,NULL
"15","Jammu & Kashmir","1","A","BSF","N","OBC","6",21,21,21,NULL,NULL,NULL,NULL,"151N6","44.79336","15.25","6.25","2006-02-10",NULL,NULL,NULL,NULL
"15","Jammu & Kashmir","1","A","BSF","N","UR","9",34,34,34,NULL,NULL,NULL,NULL,"151N9","67.91975","26.5","7.5","2003-03-22",NULL,NULL,NULL,NULL
"15","Jammu & Kashmir","1","B","CISF","B","EWS","0",2,2,2,NULL,NULL,NULL,NULL,"151B0",NULL,NULL,NULL,NULL,NULL,NULL,NULL,NULL
"15","Jammu & Kashmir","1","B","CISF","B","SC","1",1,1,1,NULL,NULL,NULL,NULL,"151B1","66.47712","31.25","1.5","2000-03-09",NULL,NULL,NULL,NULL
"15","Jammu & Kashmir","1","B","CISF","B","ST","2",2,2,2,NULL,NULL,NULL,NULL,"151B2","49.90653","13","4","2005-03-15",NULL,NULL,NULL,NULL
"15","Jammu & Kashmir","1","B","CISF","B","ESM","3",2,2,2,NULL,NULL,NULL,NULL,"151B3",NULL,NULL,NULL,NULL,NULL,NULL,NULL,NULL
"15","Jammu & Kashmir","1","B","CISF","B","OBC","6",5,5,5,NULL,NULL,NULL,NULL,"151B6",NULL,NULL,NULL,NULL,NULL,NULL,NULL,NULL
"15","Jammu & Kashmir","1","B","CISF","B","UR","9",7,7,7,NULL,NULL,NULL,NULL,"151B9","63.64555","11.25","10.75","2006-01-06",NULL,NULL,NULL,NULL
"15","Jammu & Kashmir","1","B","CISF","G","EWS","0",1,1,1,NULL,NULL,NULL,NULL,"151G0",NULL,NULL,NULL,NULL,NULL,NULL,NULL,NULL
"15","Jammu & Kashmir","1","B","CISF","G","SC","1",1,1,1,NULL,NULL,NULL,NULL,"151G1",NULL,NULL,NULL,NULL,NULL,NULL,NULL,NULL
"15","Jammu & Kashmir","1","B","CISF","G","ST","2",1,1,1,NULL,NULL,NULL,NULL,"151G2","46.92862","19","-0.75","2002-04-30",NULL,NULL,NULL,NULL
"15","Jammu & Kashmir","1","B","CISF","G","ESM","3",1,1,1,NULL,NULL,NULL,NULL,"151G3",NULL,NULL,NULL,NULL,NULL,NULL,NULL,NULL
"15","Jammu & Kashmir","1","B","CISF","G","OBC","6",2,2,2,NULL,NULL,NULL,NULL,"151G6",NULL,NULL,NULL,NULL,NULL,NULL,NULL,NULL
"15","Jammu & Kashmir","1","B","CISF","G","UR","9",3,3,3,NULL,NULL,NULL,NULL,"151G9","63.26119","19.75","6","2004-01-28",NULL,NULL,NULL,NULL
"15","Jammu & Kashmir","1","B","CISF","N","EWS","0",5,5,5,NULL,NULL,NULL,NULL,"151N0","43.11156","19.75","1.75","2002-10-11",NULL,NULL,NULL,NULL
"15","Jammu & Kashmir","1","B","CISF","N","SC","1",4,4,4,NULL,NULL,NULL,NULL,"151N1","69.61815","26.5","13.5","1999-02-12",NULL,NULL,NULL,NULL
"15","Jammu & Kashmir","1","B","CISF","N","ST","2",6,6,6,NULL,NULL,NULL,NULL,"151N2","54.98903","31","10.75","2004-02-06",NULL,NULL,NULL,NULL
"15","Jammu & Kashmir","1","B","CISF","N","ESM","3",5,5,5,NULL,NULL,NULL,NULL,"151N3",NULL,NULL,NULL,NULL,NULL,NULL,NULL,NULL
"15","Jammu & Kashmir","1","B","CISF","N","OBC","6",15,15,15,NULL,NULL,NULL,NULL,"151N6","44.79336","15.25","6.25","2006-02-10",NULL,NULL,NULL,NULL
"15","Jammu & Kashmir","1","B","CISF","N","UR","9",24,24,24,NULL,NULL,NULL,NULL,"151N9","67.91975","26.5","7.5","2003-03-22",NULL,NULL,NULL,NULL
"15","Jammu & Kashmir","1","C","CRPF","B","EWS","0",1,1,1,NULL,NULL,NULL,NULL,"151B0",NULL,NULL,NULL,NULL,NULL,NULL,NULL,NULL
"15","Jammu & Kashmir","1","C","CRPF","B","ST","2",1,1,1,NULL,NULL,NULL,NULL,"151B2","49.90653","13","4","2005-03-15",NULL,NULL,NULL,NULL
"15","Jammu & Kashmir","1","C","CRPF","B","ESM","3",1,1,1,NULL,NULL,NULL,NULL,"151B3",NULL,NULL,NULL,NULL,NULL,NULL,NULL,NULL
"15","Jammu & Kashmir","1","C","CRPF","B","OBC","6",2,2,2,NULL,NULL,NULL,NULL,"151B6",NULL,NULL,NULL,NULL,NULL,NULL,NULL,NULL
"15","Jammu & Kashmir","1","C","CRPF","B","UR","9",2,2,2,NULL,NULL,NULL,NULL,"151B9","63.64555","11.25","10.75","2006-01-06",NULL,NULL,NULL,NULL
"15","Jammu & Kashmir","1","C","CRPF","G","OBC","6",1,1,1,NULL,NULL,NULL,NULL,"151G6",NULL,NULL,NULL,NULL,NULL,NULL,NULL,NULL
"15","Jammu & Kashmir","1","C","CRPF","G","UR","9",2,2,2,NULL,NULL,NULL,NULL,"151G9","63.26119","19.75","6","2004-01-28",NULL,NULL,NULL,NULL
"15","Jammu & Kashmir","1","C","CRPF","N","EWS","0",2,2,2,NULL,NULL,NULL,NULL,"151N0","43.11156","19.75","1.75","2002-10-11",NULL,NULL,NULL,NULL
"15","Jammu & Kashmir","1","C","CRPF","N","SC","1",2,2,2,NULL,NULL,NULL,NULL,"151N1","69.61815","26.5","13.5","1999-02-12",NULL,NULL,NULL,NULL
"15","Jammu & Kashmir","1","C","CRPF","N","ST","2",2,2,2,NULL,NULL,NULL,NULL,"151N2","54.98903","31","10.75","2004-02-06",NULL,NULL,NULL,NULL
"15","Jammu & Kashmir","1","C","CRPF","N","ESM","3",2,2,2,NULL,NULL,NULL,NULL,"151N3",NULL,NULL,NULL,NULL,NULL,NULL,NULL,NULL
"15","Jammu & Kashmir","1","C","CRPF","N","OBC","6",5,5,5,NULL,NULL,NULL,NULL,"151N6","44.79336","15.25","6.25","2006-02-10",NULL,NULL,NULL,NULL
"15","Jammu & Kashmir","1","C","CRPF","N","UR","9",8,8,8,NULL,NULL,NULL,NULL,"151N9","67.91975","26.5","7.5","2003-03-22",NULL,NULL,NULL,NULL
"15","Jammu & Kashmir","1","E","ITBP","G","OBC","6",1,1,1,NULL,NULL,NULL,NULL,"151G6",NULL,NULL,NULL,NULL,NULL,NULL,NULL,NULL
"15","Jammu & Kashmir","1","E","ITBP","G","UR","9",1,1,1,NULL,NULL,NULL,NULL,"151G9","63.26119","19.75","6","2004-01-28",NULL,NULL,NULL,NULL
"15","Jammu & Kashmir","1","E","ITBP","N","EWS","0",1,1,1,NULL,NULL,NULL,NULL,"151N0","43.11156","19.75","1.75","2002-10-11",NULL,NULL,NULL,NULL
"15","Jammu & Kashmir","1","E","ITBP","N","SC","1",1,1,1,NULL,NULL,NULL,NULL,"151N1","69.61815","26.5","13.5","1999-02-12",NULL,NULL,NULL,NULL
"15","Jammu & Kashmir","1","E","ITBP","N","ST","2",2,2,2,NULL,NULL,NULL,NULL,"151N2","54.98903","31","10.75","2004-02-06",NULL,NULL,NULL,NULL
"15","Jammu & Kashmir","1","E","ITBP","N","ESM","3",2,2,2,NULL,NULL,NULL,NULL,"151N3",NULL,NULL,NULL,NULL,NULL,NULL,NULL,NULL
"15","Jammu & Kashmir","1","E","ITBP","N","OBC","6",4,4,4,NULL,NULL,NULL,NULL,"151N6","44.79336","15.25","6.25","2006-02-10",NULL,NULL,NULL,NULL
"15","Jammu & Kashmir","1","E","ITBP","N","UR","9",7,7,7,NULL,NULL,NULL,NULL,"151N9","67.91975","26.5","7.5","2003-03-22",NULL,NULL,NULL,NULL
"15","Jammu & Kashmir","1","F","AR","G","UR","9",1,1,1,NULL,NULL,NULL,NULL,"151G9","63.26119","19.75","6","2004-01-28",NULL,NULL,NULL,NULL
"15","Jammu & Kashmir","1","F","AR","N","OBC","6",1,1,1,NULL,NULL,NULL,NULL,"151N6","44.79336","15.25","6.25","2006-02-10",NULL,NULL,NULL,NULL
"15","Jammu & Kashmir","1","F","AR","N","UR","9",2,2,2,NULL,NULL,NULL,NULL,"151N9","67.91975","26.5","7.5","2003-03-22",NULL,NULL,NULL,NULL
"15","Jammu & Kashmir","2","A","BSF","B","EWS","0",22,22,22,NULL,NULL,NULL,NULL,"152B0","40.09005","6.25","10.75","2006-11-25",NULL,NULL,NULL,NULL
"15","Jammu & Kashmir","2","A","BSF","B","SC","1",18,18,18,NULL,NULL,NULL,NULL,"152B1","64.34394","13","8.5","1997-05-09",NULL,NULL,NULL,NULL
"15","Jammu & Kashmir","2","A","BSF","B","ST","2",24,24,24,NULL,NULL,NULL,NULL,"152B2","67.93606","27","10","2004-10-25",NULL,NULL,NULL,NULL
"15","Jammu & Kashmir","2","A","BSF","B","ESM","3",22,22,22,NULL,NULL,NULL,NULL,"152B3",NULL,NULL,NULL,NULL,NULL,NULL,NULL,NULL
"15","Jammu & Kashmir","2","A","BSF","B","OBC","6",59,59,59,NULL,NULL,NULL,NULL,"152B6",NULL,NULL,NULL,NULL,NULL,NULL,NULL,NULL
"15","Jammu & Kashmir","2","A","BSF","B","UR","9",97,97,97,NULL,NULL,NULL,NULL,"152B9","70.6904","26.5","10.75","2002-02-06",NULL,NULL,NULL,NULL
"15","Jammu & Kashmir","2","A","BSF","G","EWS","0",7,7,7,NULL,NULL,NULL,NULL,"152G0","40.723","10.75","4.25","2006-02-08",NULL,NULL,NULL,NULL
"15","Jammu & Kashmir","2","A","BSF","G","SC","1",5,5,5,NULL,NULL,NULL,NULL,"152G1","64.22029","24.25","17.5","2001-02-22",NULL,NULL,NULL,NULL
"15","Jammu & Kashmir","2","A","BSF","G","ST","2",7,7,7,NULL,NULL,NULL,NULL,"152G2","67.71828","33.25","4","2004-12-30",NULL,NULL,NULL,NULL
"15","Jammu & Kashmir","2","A","BSF","G","ESM","3",7,7,7,NULL,NULL,NULL,NULL,"152G3",NULL,NULL,NULL,NULL,NULL,NULL,NULL,NULL
"15","Jammu & Kashmir","2","A","BSF","G","OBC","6",18,18,18,NULL,NULL,NULL,NULL,"152G6","94.12277","35.5","11.5","2003-01-01",NULL,NULL,NULL,NULL
"15","Jammu & Kashmir","2","A","BSF","G","UR","9",30,30,30,NULL,NULL,NULL,NULL,"152G9","70.0594","23.25","7.5","2004-09-04",NULL,NULL,NULL,NULL
"15","Jammu & Kashmir","2","A","BSF","N","EWS","0",44,44,44,NULL,NULL,NULL,NULL,"152N0","48.28625","19.75","2.5","2002-03-24",NULL,NULL,NULL,NULL
"15","Jammu & Kashmir","2","A","BSF","N","SC","1",35,35,35,NULL,NULL,NULL,NULL,"152N1","68.77736","31","15.5","2003-05-22",NULL,NULL,NULL,NULL
"15","Jammu & Kashmir","2","A","BSF","N","ST","2",48,48,48,NULL,NULL,NULL,NULL,"152N2","68.83919","23.75","12.25","2000-02-10",NULL,NULL,NULL,NULL
"15","Jammu & Kashmir","2","A","BSF","N","ESM","3",44,44,44,NULL,NULL,NULL,NULL,"152N3","35.94576","15.25","9","1980-09-01",NULL,NULL,NULL,NULL
"15","Jammu & Kashmir","2","A","BSF","N","OBC","6",118,118,118,NULL,NULL,NULL,NULL,"152N6","40.03443","13.5","3","2003-07-16",NULL,NULL,NULL,NULL
"15","Jammu & Kashmir","2","A","BSF","N","UR","9",193,193,193,NULL,NULL,NULL,NULL,"152N9","76.83692","24.25","4","2004-03-12",NULL,NULL,NULL,NULL
"15","Jammu & Kashmir","2","B","CISF","B","EWS","0",16,16,16,NULL,NULL,NULL,NULL,"152B0","40.09005","6.25","10.75","2006-11-25",NULL,NULL,NULL,NULL
"15","Jammu & Kashmir","2","B","CISF","B","SC","1",12,12,12,NULL,NULL,NULL,NULL,"152B1","64.34394","13","8.5","1997-05-09",NULL,NULL,NULL,NULL
"15","Jammu & Kashmir","2","B","CISF","B","ST","2",17,17,17,NULL,NULL,NULL,NULL,"152B2","67.93606","27","10","2004-10-25",NULL,NULL,NULL,NULL
"15","Jammu & Kashmir","2","B","CISF","B","ESM","3",16,16,16,NULL,NULL,NULL,NULL,"152B3",NULL,NULL,NULL,NULL,NULL,NULL,NULL,NULL
"15","Jammu & Kashmir","2","B","CISF","B","OBC","6",42,42,42,NULL,NULL,NULL,NULL,"152B6",NULL,NULL,NULL,NULL,NULL,NULL,NULL,NULL
"15","Jammu & Kashmir","2","B","CISF","B","UR","9",68,68,68,NULL,NULL,NULL,NULL,"152B9","70.6904","26.5","10.75","2002-02-06",NULL,NULL,NULL,NULL
"15","Jammu & Kashmir","2","B","CISF","G","EWS","0",8,8,8,NULL,NULL,NULL,NULL,"152G0","40.723","10.75","4.25","2006-02-08",NULL,NULL,NULL,NULL
"15","Jammu & Kashmir","2","B","CISF","G","SC","1",6,6,6,NULL,NULL,NULL,NULL,"152G1","64.22029","24.25","17.5","2001-02-22",NULL,NULL,NULL,NULL
"15","Jammu & Kashmir","2","B","CISF","G","ST","2",8,8,8,NULL,NULL,NULL,NULL,"152G2","67.71828","33.25","4","2004-12-30",NULL,NULL,NULL,NULL
"15","Jammu & Kashmir","2","B","CISF","G","ESM","3",8,8,8,NULL,NULL,NULL,NULL,"152G3",NULL,NULL,NULL,NULL,NULL,NULL,NULL,NULL
"15","Jammu & Kashmir","2","B","CISF","G","OBC","6",20,20,20,NULL,NULL,NULL,NULL,"152G6","94.12277","35.5","11.5","2003-01-01",NULL,NULL,NULL,NULL
"15","Jammu & Kashmir","2","B","CISF","G","UR","9",33,33,33,NULL,NULL,NULL,NULL,"152G9","70.0594","23.25","7.5","2004-09-04",NULL,NULL,NULL,NULL
"15","Jammu & Kashmir","2","B","CISF","N","EWS","0",49,49,49,NULL,NULL,NULL,NULL,"152N0","48.28625","19.75","2.5","2002-03-24",NULL,NULL,NULL,NULL
"15","Jammu & Kashmir","2","B","CISF","N","SC","1",39,39,39,NULL,NULL,NULL,NULL,"152N1","68.77736","31","15.5","2003-05-22",NULL,NULL,NULL,NULL
"15","Jammu & Kashmir","2","B","CISF","N","ST","2",54,54,54,NULL,NULL,NULL,NULL,"152N2","68.83919","23.75","12.25","2000-02-10",NULL,NULL,NULL,NULL
"15","Jammu & Kashmir","2","B","CISF","N","ESM","3",49,49,49,NULL,NULL,NULL,NULL,"152N3","35.94576","15.25","9","1980-09-01",NULL,NULL,NULL,NULL
"15","Jammu & Kashmir","2","B","CISF","N","OBC","6",132,132,132,NULL,NULL,NULL,NULL,"152N6","40.03443","13.5","3","2003-07-16",NULL,NULL,NULL,NULL
"15","Jammu & Kashmir","2","B","CISF","N","UR","9",215,215,215,NULL,NULL,NULL,NULL,"152N9","76.83692","24.25","4","2004-03-12",NULL,NULL,NULL,NULL
"15","Jammu & Kashmir","2","C","CRPF","B","EWS","0",14,14,14,NULL,NULL,NULL,NULL,"152B0","40.09005","6.25","10.75","2006-11-25",NULL,NULL,NULL,NULL
"15","Jammu & Kashmir","2","C","CRPF","B","SC","1",12,12,12,NULL,NULL,NULL,NULL,"152B1","64.34394","13","8.5","1997-05-09",NULL,NULL,NULL,NULL
"15","Jammu & Kashmir","2","C","CRPF","B","ST","2",16,16,16,NULL,NULL,NULL,NULL,"152B2","67.93606","27","10","2004-10-25",NULL,NULL,NULL,NULL
"15","Jammu & Kashmir","2","C","CRPF","B","ESM","3",14,14,14,NULL,NULL,NULL,NULL,"152B3",NULL,NULL,NULL,NULL,NULL,NULL,NULL,NULL
"15","Jammu & Kashmir","2","C","CRPF","B","OBC","6",39,39,39,NULL,NULL,NULL,NULL,"152B6",NULL,NULL,NULL,NULL,NULL,NULL,NULL,NULL
"15","Jammu & Kashmir","2","C","CRPF","B","UR","9",63,63,63,NULL,NULL,NULL,NULL,"152B9","70.6904","26.5","10.75","2002-02-06",NULL,NULL,NULL,NULL
"15","Jammu & Kashmir","2","C","CRPF","G","EWS","0",7,7,7,NULL,NULL,NULL,NULL,"152G0","40.723","10.75","4.25","2006-02-08",NULL,NULL,NULL,NULL
"15","Jammu & Kashmir","2","C","CRPF","G","SC","1",6,6,6,NULL,NULL,NULL,NULL,"152G1","64.22029","24.25","17.5","2001-02-22",NULL,NULL,NULL,NULL
"15","Jammu & Kashmir","2","C","CRPF","G","ST","2",8,8,8,NULL,NULL,NULL,NULL,"152G2","67.71828","33.25","4","2004-12-30",NULL,NULL,NULL,NULL
"15","Jammu & Kashmir","2","C","CRPF","G","ESM","3",7,7,7,NULL,NULL,NULL,NULL,"152G3",NULL,NULL,NULL,NULL,NULL,NULL,NULL,NULL
"15","Jammu & Kashmir","2","C","CRPF","G","OBC","6",19,19,19,NULL,NULL,NULL,NULL,"152G6","94.12277","35.5","11.5","2003-01-01",NULL,NULL,NULL,NULL
"15","Jammu & Kashmir","2","C","CRPF","G","UR","9",30,30,30,NULL,NULL,NULL,NULL,"152G9","70.0594","23.25","7.5","2004-09-04",NULL,NULL,NULL,NULL
"15","Jammu & Kashmir","2","C","CRPF","N","EWS","0",45,45,45,NULL,NULL,NULL,NULL,"152N0","48.28625","19.75","2.5","2002-03-24",NULL,NULL,NULL,NULL
"15","Jammu & Kashmir","2","C","CRPF","N","SC","1",36,36,36,NULL,NULL,NULL,NULL,"152N1","68.77736","31","15.5","2003-05-22",NULL,NULL,NULL,NULL
"15","Jammu & Kashmir","2","C","CRPF","N","ST","2",50,50,50,NULL,NULL,NULL,NULL,"152N2","68.83919","23.75","12.25","2000-02-10",NULL,NULL,NULL,NULL
"15","Jammu & Kashmir","2","C","CRPF","N","ESM","3",45,45,45,NULL,NULL,NULL,NULL,"152N3","35.94576","15.25","9","1980-09-01",NULL,NULL,NULL,NULL
"15","Jammu & Kashmir","2","C","CRPF","N","OBC","6",122,122,122,NULL,NULL,NULL,NULL,"152N6","40.03443","13.5","3","2003-07-16",NULL,NULL,NULL,NULL
"15","Jammu & Kashmir","2","C","CRPF","N","UR","9",200,200,200,NULL,NULL,NULL,NULL,"152N9","76.83692","24.25","4","2004-03-12",NULL,NULL,NULL,NULL
"15","Jammu & Kashmir","2","D","SSB","G","ST","2",1,1,1,NULL,NULL,NULL,NULL,"152G2","67.71828","33.25","4","2004-12-30",NULL,NULL,NULL,NULL
"15","Jammu & Kashmir","2","D","SSB","G","OBC","6",1,1,1,NULL,NULL,NULL,NULL,"152G6","94.12277","35.5","11.5","2003-01-01",NULL,NULL,NULL,NULL
"15","Jammu & Kashmir","2","D","SSB","G","UR","9",2,2,2,NULL,NULL,NULL,NULL,"152G9","70.0594","23.25","7.5","2004-09-04",NULL,NULL,NULL,NULL
"15","Jammu & Kashmir","2","D","SSB","N","EWS","0",3,3,3,NULL,NULL,NULL,NULL,"152N0","48.28625","19.75","2.5","2002-03-24",NULL,NULL,NULL,NULL
"15","Jammu & Kashmir","2","D","SSB","N","SC","1",3,3,3,NULL,NULL,NULL,NULL,"152N1","68.77736","31","15.5","2003-05-22",NULL,NULL,NULL,NULL
"15","Jammu & Kashmir","2","D","SSB","N","ST","2",3,3,3,NULL,NULL,NULL,NULL,"152N2","68.83919","23.75","12.25","2000-02-10",NULL,NULL,NULL,NULL
"15","Jammu & Kashmir","2","D","SSB","N","ESM","3",3,3,3,NULL,NULL,NULL,NULL,"152N3","35.94576","15.25","9","1980-09-01",NULL,NULL,NULL,NULL
"15","Jammu & Kashmir","2","D","SSB","N","OBC","6",7,7,7,NULL,NULL,NULL,NULL,"152N6","40.03443","13.5","3","2003-07-16",NULL,NULL,NULL,NULL
"15","Jammu & Kashmir","2","D","SSB","N","UR","9",12,12,12,NULL,NULL,NULL,NULL,"152N9","76.83692","24.25","4","2004-03-12",NULL,NULL,NULL,NULL
"15","Jammu & Kashmir","2","E","ITBP","G","EWS","0",1,1,1,NULL,NULL,NULL,NULL,"152G0","40.723","10.75","4.25","2006-02-08",NULL,NULL,NULL,NULL
"15","Jammu & Kashmir","2","E","ITBP","G","SC","1",1,1,1,NULL,NULL,NULL,NULL,"152G1","64.22029","24.25","17.5","2001-02-22",NULL,NULL,NULL,NULL
"15","Jammu & Kashmir","2","E","ITBP","G","ST","2",1,1,1,NULL,NULL,NULL,NULL,"152G2","67.71828","33.25","4","2004-12-30",NULL,NULL,NULL,NULL
"15","Jammu & Kashmir","2","E","ITBP","G","ESM","3",1,1,1,NULL,NULL,NULL,NULL,"152G3",NULL,NULL,NULL,NULL,NULL,NULL,NULL,NULL
"15","Jammu & Kashmir","2","E","ITBP","G","OBC","6",3,3,3,NULL,NULL,NULL,NULL,"152G6","94.12277","35.5","11.5","2003-01-01",NULL,NULL,NULL,NULL
"15","Jammu & Kashmir","2","E","ITBP","G","UR","9",6,6,6,NULL,NULL,NULL,NULL,"152G9","70.0594","23.25","7.5","2004-09-04",NULL,NULL,NULL,NULL
"15","Jammu & Kashmir","2","E","ITBP","N","EWS","0",9,9,9,NULL,NULL,NULL,NULL,"152N0","48.28625","19.75","2.5","2002-03-24",NULL,NULL,NULL,NULL
"15","Jammu & Kashmir","2","E","ITBP","N","SC","1",7,7,7,NULL,NULL,NULL,NULL,"152N1","68.77736","31","15.5","2003-05-22",NULL,NULL,NULL,NULL
"15","Jammu & Kashmir","2","E","ITBP","N","ST","2",10,10,10,NULL,NULL,NULL,NULL,"152N2","68.83919","23.75","12.25","2000-02-10",NULL,NULL,NULL,NULL
"15","Jammu & Kashmir","2","E","ITBP","N","ESM","3",9,9,9,NULL,NULL,NULL,NULL,"152N3","35.94576","15.25","9","1980-09-01",NULL,NULL,NULL,NULL
"15","Jammu & Kashmir","2","E","ITBP","N","OBC","6",23,23,23,NULL,NULL,NULL,NULL,"152N6","40.03443","13.5","3","2003-07-16",NULL,NULL,NULL,NULL
"15","Jammu & Kashmir","2","E","ITBP","N","UR","9",38,38,38,NULL,NULL,NULL,NULL,"152N9","76.83692","24.25","4","2004-03-12",NULL,NULL,NULL,NULL
"15","Jammu & Kashmir","2","F","AR","G","EWS","0",1,1,1,NULL,NULL,NULL,NULL,"152G0","40.723","10.75","4.25","2006-02-08",NULL,NULL,NULL,NULL
"15","Jammu & Kashmir","2","F","AR","G","ST","2",1,1,1,NULL,NULL,NULL,NULL,"152G2","67.71828","33.25","4","2004-12-30",NULL,NULL,NULL,NULL
"15","Jammu & Kashmir","2","F","AR","G","ESM","3",1,1,1,NULL,NULL,NULL,NULL,"152G3",NULL,NULL,NULL,NULL,NULL,NULL,NULL,NULL
"15","Jammu & Kashmir","2","F","AR","G","OBC","6",2,2,2,NULL,NULL,NULL,NULL,"152G6","94.12277","35.5","11.5","2003-01-01",NULL,NULL,NULL,NULL
"15","Jammu & Kashmir","2","F","AR","G","UR","9",2,2,2,NULL,NULL,NULL,NULL,"152G9","70.0594","23.25","7.5","2004-09-04",NULL,NULL,NULL,NULL
"15","Jammu & Kashmir","2","F","AR","N","EWS","0",4,4,4,NULL,NULL,NULL,NULL,"152N0","48.28625","19.75","2.5","2002-03-24",NULL,NULL,NULL,NULL
"15","Jammu & Kashmir","2","F","AR","N","SC","1",3,3,3,NULL,NULL,NULL,NULL,"152N1","68.77736","31","15.5","2003-05-22",NULL,NULL,NULL,NULL
"15","Jammu & Kashmir","2","F","AR","N","ST","2",4,4,4,NULL,NULL,NULL,NULL,"152N2","68.83919","23.75","12.25","2000-02-10",NULL,NULL,NULL,NULL
"15","Jammu & Kashmir","2","F","AR","N","ESM","3",4,4,4,NULL,NULL,NULL,NULL,"152N3","35.94576","15.25","9","1980-09-01",NULL,NULL,NULL,NULL
"15","Jammu & Kashmir","2","F","AR","N","OBC","6",10,10,10,NULL,NULL,NULL,NULL,"152N6","40.03443","13.5","3","2003-07-16",NULL,NULL,NULL,NULL
"15","Jammu & Kashmir","2","F","AR","N","UR","9",17,17,17,NULL,NULL,NULL,NULL,"152N9","76.83692","24.25","4","2004-03-12",NULL,NULL,NULL,NULL
"16","Jharkhand","1","A","BSF","G","EWS","0",3,3,3,NULL,NULL,NULL,NULL,"161G0","102.36652","37.75","8.75","2004-02-12",NULL,NULL,NULL,NULL
"16","Jharkhand","1","A","BSF","G","SC","1",4,4,4,NULL,NULL,NULL,NULL,"161G1","98.65968","37.75","6.25","2005-07-14",NULL,NULL,NULL,NULL
"16","Jharkhand","1","A","BSF","G","ST","2",8,8,8,NULL,NULL,NULL,NULL,"161G2","113.9095","34","12.25","2003-10-02",NULL,NULL,NULL,NULL
"16","Jharkhand","1","A","BSF","G","ESM","3",3,3,3,NULL,NULL,NULL,NULL,"161G3",NULL,NULL,NULL,NULL,NULL,NULL,NULL,NULL
"16","Jharkhand","1","A","BSF","G","OBC","6",4,4,4,NULL,NULL,NULL,NULL,"161G6","121.64832","35.75","14.25","2000-11-07",NULL,NULL,NULL,NULL
"16","Jharkhand","1","A","BSF","G","UR","9",13,13,13,NULL,NULL,NULL,NULL,"161G9","119.62627","26.75","17.5","2005-05-01",NULL,NULL,NULL,NULL
"16","Jharkhand","1","A","BSF","N","EWS","0",4,4,4,NULL,NULL,NULL,NULL,"161N0","42.51539","4","4","2003-08-05",NULL,NULL,NULL,NULL
"16","Jharkhand","1","A","BSF","N","SC","1",5,5,5,NULL,NULL,NULL,NULL,"161N1","62.53794","24.25","4","2004-10-20",NULL,NULL,NULL,NULL
"16","Jharkhand","1","A","BSF","N","ST","2",10,10,10,NULL,NULL,NULL,NULL,"161N2","101.22917","29.5","17.5","2004-05-09",NULL,NULL,NULL,NULL
"16","Jharkhand","1","A","BSF","N","ESM","3",4,4,4,NULL,NULL,NULL,NULL,"161N3",NULL,NULL,NULL,NULL,NULL,NULL,NULL,NULL
"16","Jharkhand","1","A","BSF","N","OBC","6",4,4,4,NULL,NULL,NULL,NULL,"161N6","93.1197","31.25","18","2000-01-28",NULL,NULL,NULL,NULL
"16","Jharkhand","1","A","BSF","N","UR","9",16,16,16,NULL,NULL,NULL,NULL,"161N9","91.95026","27.25","18.75","2003-05-20",NULL,NULL,NULL,NULL
"16","Jharkhand","1","B","CISF","G","EWS","0",2,2,2,NULL,NULL,NULL,NULL,"161G0","102.36652","37.75","8.75","2004-02-12",NULL,NULL,NULL,NULL
"16","Jharkhand","1","B","CISF","G","SC","1",3,3,3,NULL,NULL,NULL,NULL,"161G1","98.65968","37.75","6.25","2005-07-14",NULL,NULL,NULL,NULL
"16","Jharkhand","1","B","CISF","G","ST","2",6,6,6,NULL,NULL,NULL,NULL,"161G2","113.9095","34","12.25","2003-10-02",NULL,NULL,NULL,NULL
"16","Jharkhand","1","B","CISF","G","ESM","3",2,2,2,NULL,NULL,NULL,NULL,"161G3",NULL,NULL,NULL,NULL,NULL,NULL,NULL,NULL
"16","Jharkhand","1","B","CISF","G","OBC","6",2,2,2,NULL,NULL,NULL,NULL,"161G6","121.64832","35.75","14.25","2000-11-07",NULL,NULL,NULL,NULL
"16","Jharkhand","1","B","CISF","G","UR","9",9,9,9,NULL,NULL,NULL,NULL,"161G9","119.62627","26.75","17.5","2005-05-01",NULL,NULL,NULL,NULL
"16","Jharkhand","1","B","CISF","N","EWS","0",3,3,3,NULL,NULL,NULL,NULL,"161N0","42.51539","4","4","2003-08-05",NULL,NULL,NULL,NULL
"16","Jharkhand","1","B","CISF","N","SC","1",3,3,3,NULL,NULL,NULL,NULL,"161N1","62.53794","24.25","4","2004-10-20",NULL,NULL,NULL,NULL
"16","Jharkhand","1","B","CISF","N","ST","2",7,7,7,NULL,NULL,NULL,NULL,"161N2","101.22917","29.5","17.5","2004-05-09",NULL,NULL,NULL,NULL
"16","Jharkhand","1","B","CISF","N","ESM","3",3,3,3,NULL,NULL,NULL,NULL,"161N3",NULL,NULL,NULL,NULL,NULL,NULL,NULL,NULL
"16","Jharkhand","1","B","CISF","N","OBC","6",3,3,3,NULL,NULL,NULL,NULL,"161N6","93.1197","31.25","18","2000-01-28",NULL,NULL,NULL,NULL
"16","Jharkhand","1","B","CISF","N","UR","9",11,11,11,NULL,NULL,NULL,NULL,"161N9","91.95026","27.25","18.75","2003-05-20",NULL,NULL,NULL,NULL
"16","Jharkhand","1","C","CRPF","G","EWS","0",1,1,1,NULL,NULL,NULL,NULL,"161G0","102.36652","37.75","8.75","2004-02-12",NULL,NULL,NULL,NULL
"16","Jharkhand","1","C","CRPF","G","SC","1",1,1,1,NULL,NULL,NULL,NULL,"161G1","98.65968","37.75","6.25","2005-07-14",NULL,NULL,NULL,NULL
"16","Jharkhand","1","C","CRPF","G","ST","2",2,2,2,NULL,NULL,NULL,NULL,"161G2","113.9095","34","12.25","2003-10-02",NULL,NULL,NULL,NULL
"16","Jharkhand","1","C","CRPF","G","ESM","3",1,1,1,NULL,NULL,NULL,NULL,"161G3",NULL,NULL,NULL,NULL,NULL,NULL,NULL,NULL
"16","Jharkhand","1","C","CRPF","G","OBC","6",1,1,1,NULL,NULL,NULL,NULL,"161G6","121.64832","35.75","14.25","2000-11-07",NULL,NULL,NULL,NULL
"16","Jharkhand","1","C","CRPF","G","UR","9",3,3,3,NULL,NULL,NULL,NULL,"161G9","119.62627","26.75","17.5","2005-05-01",NULL,NULL,NULL,NULL
"16","Jharkhand","1","C","CRPF","N","EWS","0",1,1,1,NULL,NULL,NULL,NULL,"161N0","42.51539","4","4","2003-08-05",NULL,NULL,NULL,NULL
"16","Jharkhand","1","C","CRPF","N","SC","1",1,1,1,NULL,NULL,NULL,NULL,"161N1","62.53794","24.25","4","2004-10-20",NULL,NULL,NULL,NULL
"16","Jharkhand","1","C","CRPF","N","ST","2",3,3,3,NULL,NULL,NULL,NULL,"161N2","101.22917","29.5","17.5","2004-05-09",NULL,NULL,NULL,NULL
"16","Jharkhand","1","C","CRPF","N","ESM","3",1,1,1,NULL,NULL,NULL,NULL,"161N3",NULL,NULL,NULL,NULL,NULL,NULL,NULL,NULL
"16","Jharkhand","1","C","CRPF","N","OBC","6",1,1,1,NULL,NULL,NULL,NULL,"161N6","93.1197","31.25","18","2000-01-28",NULL,NULL,NULL,NULL
"16","Jharkhand","1","C","CRPF","N","UR","9",4,4,4,NULL,NULL,NULL,NULL,"161N9","91.95026","27.25","18.75","2003-05-20",NULL,NULL,NULL,NULL
"16","Jharkhand","1","E","ITBP","G","EWS","0",1,1,1,NULL,NULL,NULL,NULL,"161G0","102.36652","37.75","8.75","2004-02-12",NULL,NULL,NULL,NULL
"16","Jharkhand","1","E","ITBP","G","SC","1",1,1,1,NULL,NULL,NULL,NULL,"161G1","98.65968","37.75","6.25","2005-07-14",NULL,NULL,NULL,NULL
"16","Jharkhand","1","E","ITBP","G","ST","2",2,2,2,NULL,NULL,NULL,NULL,"161G2","113.9095","34","12.25","2003-10-02",NULL,NULL,NULL,NULL
"16","Jharkhand","1","E","ITBP","G","ESM","3",1,1,1,NULL,NULL,NULL,NULL,"161G3",NULL,NULL,NULL,NULL,NULL,NULL,NULL,NULL
"16","Jharkhand","1","E","ITBP","G","OBC","6",1,1,1,NULL,NULL,NULL,NULL,"161G6","121.64832","35.75","14.25","2000-11-07",NULL,NULL,NULL,NULL
"16","Jharkhand","1","E","ITBP","G","UR","9",2,2,2,NULL,NULL,NULL,NULL,"161G9","119.62627","26.75","17.5","2005-05-01",NULL,NULL,NULL,NULL
"16","Jharkhand","1","E","ITBP","N","EWS","0",1,1,1,NULL,NULL,NULL,NULL,"161N0","42.51539","4","4","2003-08-05",NULL,NULL,NULL,NULL
"16","Jharkhand","1","E","ITBP","N","SC","1",1,1,1,NULL,NULL,NULL,NULL,"161N1","62.53794","24.25","4","2004-10-20",NULL,NULL,NULL,NULL
"16","Jharkhand","1","E","ITBP","N","ST","2",2,2,2,NULL,NULL,NULL,NULL,"161N2","101.22917","29.5","17.5","2004-05-09",NULL,NULL,NULL,NULL
"16","Jharkhand","1","E","ITBP","N","ESM","3",1,1,1,NULL,NULL,NULL,NULL,"161N3",NULL,NULL,NULL,NULL,NULL,NULL,NULL,NULL
"16","Jharkhand","1","E","ITBP","N","OBC","6",1,1,1,NULL,NULL,NULL,NULL,"161N6","93.1197","31.25","18","2000-01-28",NULL,NULL,NULL,NULL
"16","Jharkhand","1","E","ITBP","N","UR","9",2,2,2,NULL,NULL,NULL,NULL,"161N9","91.95026","27.25","18.75","2003-05-20",NULL,NULL,NULL,NULL
"16","Jharkhand","1","F","AR","G","UR","9",1,1,1,NULL,NULL,NULL,NULL,"161G9","119.62627","26.75","17.5","2005-05-01",NULL,NULL,NULL,NULL
"16","Jharkhand","1","F","AR","N","ST","2",1,1,1,NULL,NULL,NULL,NULL,"161N2","101.22917","29.5","17.5","2004-05-09",NULL,NULL,NULL,NULL
"16","Jharkhand","1","F","AR","N","UR","9",1,1,1,NULL,NULL,NULL,NULL,"161N9","91.95026","27.25","18.75","2003-05-20",NULL,NULL,NULL,NULL
"16","Jharkhand","2","A","BSF","G","EWS","0",18,18,18,NULL,NULL,NULL,NULL,"162G0","105.47643","33.25","13","2004-05-17",NULL,NULL,NULL,NULL
"16","Jharkhand","2","A","BSF","G","SC","1",22,22,22,NULL,NULL,NULL,NULL,"162G1","94.88044","22","17.5","2000-10-15",NULL,NULL,NULL,NULL
"16","Jharkhand","2","A","BSF","G","ST","2",47,47,47,NULL,NULL,NULL,NULL,"162G2","100.18568","33.75","21.25","2003-04-13",NULL,NULL,NULL,NULL
"16","Jharkhand","2","A","BSF","G","ESM","3",18,18,18,NULL,NULL,NULL,NULL,"162G3","80.98304","19.75","15.25","1979-02-04",NULL,NULL,NULL,NULL
"16","Jharkhand","2","A","BSF","G","OBC","6",22,22,22,NULL,NULL,NULL,NULL,"162G6","116.19979","35.75","13.75","1999-07-13",NULL,NULL,NULL,NULL
"16","Jharkhand","2","A","BSF","G","UR","9",72,72,72,NULL,NULL,NULL,NULL,"162G9","114.10057","35.75","13.75","2004-04-21",NULL,NULL,NULL,NULL
"16","Jharkhand","2","A","BSF","N","EWS","0",22,22,22,NULL,NULL,NULL,NULL,"162N0","57.53636","13","8.5","2006-06-10",NULL,NULL,NULL,NULL
"16","Jharkhand","2","A","BSF","N","SC","1",26,26,26,NULL,NULL,NULL,NULL,"162N1","37.60987","10.75","10.75","2004-05-04",NULL,NULL,NULL,NULL
"16","Jharkhand","2","A","BSF","N","ST","2",57,57,57,NULL,NULL,NULL,NULL,"162N2","92.37352","26.75","22.25","2001-02-03",NULL,NULL,NULL,NULL
"16","Jharkhand","2","A","BSF","N","ESM","3",22,22,22,NULL,NULL,NULL,NULL,"162N3","63.22989","15.5","22","1984-06-08",NULL,NULL,NULL,NULL
"16","Jharkhand","2","A","BSF","N","OBC","6",27,27,27,NULL,NULL,NULL,NULL,"162N6","86.64851","20.75","7","2001-09-13",NULL,NULL,NULL,NULL
"16","Jharkhand","2","A","BSF","N","UR","9",88,88,88,NULL,NULL,NULL,NULL,"162N9","82.94469","31","6.25","2002-03-07",NULL,NULL,NULL,NULL
"16","Jharkhand","2","B","CISF","G","EWS","0",20,20,20,NULL,NULL,NULL,NULL,"162G0","105.47643","33.25","13","2004-05-17",NULL,NULL,NULL,NULL
"16","Jharkhand","2","B","CISF","G","SC","1",24,24,24,NULL,NULL,NULL,NULL,"162G1","94.88044","22","17.5","2000-10-15",NULL,NULL,NULL,NULL
"16","Jharkhand","2","B","CISF","G","ST","2",52,52,52,NULL,NULL,NULL,NULL,"162G2","100.18568","33.75","21.25","2003-04-13",NULL,NULL,NULL,NULL
"16","Jharkhand","2","B","CISF","G","ESM","3",20,20,20,NULL,NULL,NULL,NULL,"162G3","80.98304","19.75","15.25","1979-02-04",NULL,NULL,NULL,NULL
"16","Jharkhand","2","B","CISF","G","OBC","6",24,24,24,NULL,NULL,NULL,NULL,"162G6","116.19979","35.75","13.75","1999-07-13",NULL,NULL,NULL,NULL
"16","Jharkhand","2","B","CISF","G","UR","9",81,81,81,NULL,NULL,NULL,NULL,"162G9","114.10057","35.75","13.75","2004-04-21",NULL,NULL,NULL,NULL
"16","Jharkhand","2","B","CISF","N","EWS","0",25,25,25,NULL,NULL,NULL,NULL,"162N0","57.53636","13","8.5","2006-06-10",NULL,NULL,NULL,NULL
"16","Jharkhand","2","B","CISF","N","SC","1",30,30,30,NULL,NULL,NULL,NULL,"162N1","37.60987","10.75","10.75","2004-05-04",NULL,NULL,NULL,NULL
"16","Jharkhand","2","B","CISF","N","ST","2",64,64,64,NULL,NULL,NULL,NULL,"162N2","92.37352","26.75","22.25","2001-02-03",NULL,NULL,NULL,NULL
"16","Jharkhand","2","B","CISF","N","ESM","3",25,25,25,NULL,NULL,NULL,NULL,"162N3","63.22989","15.5","22","1984-06-08",NULL,NULL,NULL,NULL
"16","Jharkhand","2","B","CISF","N","OBC","6",29,29,29,NULL,NULL,NULL,NULL,"162N6","86.64851","20.75","7","2001-09-13",NULL,NULL,NULL,NULL
"16","Jharkhand","2","B","CISF","N","UR","9",98,98,98,NULL,NULL,NULL,NULL,"162N9","82.94469","31","6.25","2002-03-07",NULL,NULL,NULL,NULL
"16","Jharkhand","2","C","CRPF","G","EWS","0",19,19,19,NULL,NULL,NULL,NULL,"162G0","105.47643","33.25","13","2004-05-17",NULL,NULL,NULL,NULL
"16","Jharkhand","2","C","CRPF","G","SC","1",22,22,22,NULL,NULL,NULL,NULL,"162G1","94.88044","22","17.5","2000-10-15",NULL,NULL,NULL,NULL
"16","Jharkhand","2","C","CRPF","G","ST","2",49,49,49,NULL,NULL,NULL,NULL,"162G2","100.18568","33.75","21.25","2003-04-13",NULL,NULL,NULL,NULL
"16","Jharkhand","2","C","CRPF","G","ESM","3",19,19,19,NULL,NULL,NULL,NULL,"162G3","80.98304","19.75","15.25","1979-02-04",NULL,NULL,NULL,NULL
"16","Jharkhand","2","C","CRPF","G","OBC","6",22,22,22,NULL,NULL,NULL,NULL,"162G6","116.19979","35.75","13.75","1999-07-13",NULL,NULL,NULL,NULL
"16","Jharkhand","2","C","CRPF","G","UR","9",75,75,75,NULL,NULL,NULL,NULL,"162G9","114.10057","35.75","13.75","2004-04-21",NULL,NULL,NULL,NULL
"16","Jharkhand","2","C","CRPF","N","EWS","0",23,23,23,NULL,NULL,NULL,NULL,"162N0","57.53636","13","8.5","2006-06-10",NULL,NULL,NULL,NULL
"16","Jharkhand","2","C","CRPF","N","SC","1",27,27,27,NULL,NULL,NULL,NULL,"162N1","37.60987","10.75","10.75","2004-05-04",NULL,NULL,NULL,NULL
"16","Jharkhand","2","C","CRPF","N","ST","2",59,59,59,NULL,NULL,NULL,NULL,"162N2","92.37352","26.75","22.25","2001-02-03",NULL,NULL,NULL,NULL
"16","Jharkhand","2","C","CRPF","N","ESM","3",23,23,23,NULL,NULL,NULL,NULL,"162N3","63.22989","15.5","22","1984-06-08",NULL,NULL,NULL,NULL
"16","Jharkhand","2","C","CRPF","N","OBC","6",27,27,27,NULL,NULL,NULL,NULL,"162N6","86.64851","20.75","7","2001-09-13",NULL,NULL,NULL,NULL
"16","Jharkhand","2","C","CRPF","N","UR","9",91,91,91,NULL,NULL,NULL,NULL,"162N9","82.94469","31","6.25","2002-03-07",NULL,NULL,NULL,NULL
"16","Jharkhand","2","D","SSB","G","EWS","0",1,1,1,NULL,NULL,NULL,NULL,"162G0","105.47643","33.25","13","2004-05-17",NULL,NULL,NULL,NULL
"16","Jharkhand","2","D","SSB","G","SC","1",1,1,1,NULL,NULL,NULL,NULL,"162G1","94.88044","22","17.5","2000-10-15",NULL,NULL,NULL,NULL
"16","Jharkhand","2","D","SSB","G","ST","2",3,3,3,NULL,NULL,NULL,NULL,"162G2","100.18568","33.75","21.25","2003-04-13",NULL,NULL,NULL,NULL
"16","Jharkhand","2","D","SSB","G","ESM","3",1,1,1,NULL,NULL,NULL,NULL,"162G3","80.98304","19.75","15.25","1979-02-04",NULL,NULL,NULL,NULL
"16","Jharkhand","2","D","SSB","G","OBC","6",1,1,1,NULL,NULL,NULL,NULL,"162G6","116.19979","35.75","13.75","1999-07-13",NULL,NULL,NULL,NULL
"16","Jharkhand","2","D","SSB","G","UR","9",5,5,5,NULL,NULL,NULL,NULL,"162G9","114.10057","35.75","13.75","2004-04-21",NULL,NULL,NULL,NULL
"16","Jharkhand","2","D","SSB","N","EWS","0",1,1,1,NULL,NULL,NULL,NULL,"162N0","57.53636","13","8.5","2006-06-10",NULL,NULL,NULL,NULL
"16","Jharkhand","2","D","SSB","N","SC","1",2,2,2,NULL,NULL,NULL,NULL,"162N1","37.60987","10.75","10.75","2004-05-04",NULL,NULL,NULL,NULL
"16","Jharkhand","2","D","SSB","N","ST","2",4,4,4,NULL,NULL,NULL,NULL,"162N2","92.37352","26.75","22.25","2001-02-03",NULL,NULL,NULL,NULL
"16","Jharkhand","2","D","SSB","N","ESM","3",1,1,1,NULL,NULL,NULL,NULL,"162N3","63.22989","15.5","22","1984-06-08",NULL,NULL,NULL,NULL
"16","Jharkhand","2","D","SSB","N","OBC","6",2,2,2,NULL,NULL,NULL,NULL,"162N6","86.64851","20.75","7","2001-09-13",NULL,NULL,NULL,NULL
"16","Jharkhand","2","D","SSB","N","UR","9",5,5,5,NULL,NULL,NULL,NULL,"162N9","82.94469","31","6.25","2002-03-07",NULL,NULL,NULL,NULL
"16","Jharkhand","2","E","ITBP","G","EWS","0",3,3,3,NULL,NULL,NULL,NULL,"162G0","105.47643","33.25","13","2004-05-17",NULL,NULL,NULL,NULL
"16","Jharkhand","2","E","ITBP","G","SC","1",4,4,4,NULL,NULL,NULL,NULL,"162G1","94.88044","22","17.5","2000-10-15",NULL,NULL,NULL,NULL
"16","Jharkhand","2","E","ITBP","G","ST","2",9,9,9,NULL,NULL,NULL,NULL,"162G2","100.18568","33.75","21.25","2003-04-13",NULL,NULL,NULL,NULL
"16","Jharkhand","2","E","ITBP","G","ESM","3",3,3,3,NULL,NULL,NULL,NULL,"162G3","80.98304","19.75","15.25","1979-02-04",NULL,NULL,NULL,NULL
"16","Jharkhand","2","E","ITBP","G","OBC","6",4,4,4,NULL,NULL,NULL,NULL,"162G6","116.19979","35.75","13.75","1999-07-13",NULL,NULL,NULL,NULL
"16","Jharkhand","2","E","ITBP","G","UR","9",14,14,14,NULL,NULL,NULL,NULL,"162G9","114.10057","35.75","13.75","2004-04-21",NULL,NULL,NULL,NULL
"16","Jharkhand","2","E","ITBP","N","EWS","0",4,4,4,NULL,NULL,NULL,NULL,"162N0","57.53636","13","8.5","2006-06-10",NULL,NULL,NULL,NULL
"16","Jharkhand","2","E","ITBP","N","SC","1",5,5,5,NULL,NULL,NULL,NULL,"162N1","37.60987","10.75","10.75","2004-05-04",NULL,NULL,NULL,NULL
"16","Jharkhand","2","E","ITBP","N","ST","2",11,11,11,NULL,NULL,NULL,NULL,"162N2","92.37352","26.75","22.25","2001-02-03",NULL,NULL,NULL,NULL
"16","Jharkhand","2","E","ITBP","N","ESM","3",4,4,4,NULL,NULL,NULL,NULL,"162N3","63.22989","15.5","22","1984-06-08",NULL,NULL,NULL,NULL
"16","Jharkhand","2","E","ITBP","N","OBC","6",5,5,5,NULL,NULL,NULL,NULL,"162N6","86.64851","20.75","7","2001-09-13",NULL,NULL,NULL,NULL
"16","Jharkhand","2","E","ITBP","N","UR","9",16,16,16,NULL,NULL,NULL,NULL,"162N9","82.94469","31","6.25","2002-03-07",NULL,NULL,NULL,NULL
"16","Jharkhand","2","F","AR","G","EWS","0",2,2,2,NULL,NULL,NULL,NULL,"162G0","105.47643","33.25","13","2004-05-17",NULL,NULL,NULL,NULL
"16","Jharkhand","2","F","AR","G","SC","1",2,2,2,NULL,NULL,NULL,NULL,"162G1","94.88044","22","17.5","2000-10-15",NULL,NULL,NULL,NULL
"16","Jharkhand","2","F","AR","G","ST","2",4,4,4,NULL,NULL,NULL,NULL,"162G2","100.18568","33.75","21.25","2003-04-13",NULL,NULL,NULL,NULL
"16","Jharkhand","2","F","AR","G","ESM","3",2,2,2,NULL,NULL,NULL,NULL,"162G3","80.98304","19.75","15.25","1979-02-04",NULL,NULL,NULL,NULL
"16","Jharkhand","2","F","AR","G","OBC","6",2,2,2,NULL,NULL,NULL,NULL,"162G6","116.19979","35.75","13.75","1999-07-13",NULL,NULL,NULL,NULL
"16","Jharkhand","2","F","AR","G","UR","9",6,6,6,NULL,NULL,NULL,NULL,"162G9","114.10057","35.75","13.75","2004-04-21",NULL,NULL,NULL,NULL
"16","Jharkhand","2","F","AR","N","EWS","0",2,2,2,NULL,NULL,NULL,NULL,"162N0","57.53636","13","8.5","2006-06-10",NULL,NULL,NULL,NULL
"16","Jharkhand","2","F","AR","N","SC","1",2,2,2,NULL,NULL,NULL,NULL,"162N1","37.60987","10.75","10.75","2004-05-04",NULL,NULL,NULL,NULL
"16","Jharkhand","2","F","AR","N","ST","2",5,5,5,NULL,NULL,NULL,NULL,"162N2","92.37352","26.75","22.25","2001-02-03",NULL,NULL,NULL,NULL
"16","Jharkhand","2","F","AR","N","ESM","3",2,2,2,NULL,NULL,NULL,NULL,"162N3","63.22989","15.5","22","1984-06-08",NULL,NULL,NULL,NULL
"16","Jharkhand","2","F","AR","N","OBC","6",2,2,2,NULL,NULL,NULL,NULL,"162N6","86.64851","20.75","7","2001-09-13",NULL,NULL,NULL,NULL
"16","Jharkhand","2","F","AR","N","UR","9",8,8,8,NULL,NULL,NULL,NULL,"162N9","82.94469","31","6.25","2002-03-07",NULL,NULL,NULL,NULL
"17","Karnataka","1","A","BSF","G","EWS","0",6,6,6,NULL,NULL,NULL,NULL,"171G0","76.01417","31.25","14.25","2002-02-26",NULL,NULL,NULL,NULL
"17","Karnataka","1","A","BSF","G","SC","1",9,9,9,NULL,NULL,NULL,NULL,"171G1","72.58187","31","12.25","2002-07-12",NULL,NULL,NULL,NULL
"17","Karnataka","1","A","BSF","G","ST","2",4,4,4,NULL,NULL,NULL,NULL,"171G2","83.33981","33.5","19.75","2000-05-28",NULL,NULL,NULL,NULL
"17","Karnataka","1","A","BSF","G","ESM","3",6,6,6,NULL,NULL,NULL,NULL,"171G3",NULL,NULL,NULL,NULL,NULL,NULL,NULL,NULL
"17","Karnataka","1","A","BSF","G","OBC","6",17,17,17,NULL,NULL,NULL,NULL,"171G6","74.61643","29.25","24.25","2003-09-21",NULL,NULL,NULL,NULL
"17","Karnataka","1","A","BSF","G","UR","9",24,24,24,NULL,NULL,NULL,NULL,"171G9","79.66434","26.75","8.25","2002-05-02",NULL,NULL,NULL,NULL
"17","Karnataka","1","B","CISF","G","EWS","0",4,4,4,NULL,NULL,NULL,NULL,"171G0","76.01417","31.25","14.25","2002-02-26",NULL,NULL,NULL,NULL
"17","Karnataka","1","B","CISF","G","SC","1",6,6,6,NULL,NULL,NULL,NULL,"171G1","72.58187","31","12.25","2002-07-12",NULL,NULL,NULL,NULL
"17","Karnataka","1","B","CISF","G","ST","2",3,3,3,NULL,NULL,NULL,NULL,"171G2","83.33981","33.5","19.75","2000-05-28",NULL,NULL,NULL,NULL
"17","Karnataka","1","B","CISF","G","ESM","3",4,4,4,NULL,NULL,NULL,NULL,"171G3",NULL,NULL,NULL,NULL,NULL,NULL,NULL,NULL
"17","Karnataka","1","B","CISF","G","OBC","6",11,11,11,NULL,NULL,NULL,NULL,"171G6","74.61643","29.25","24.25","2003-09-21",NULL,NULL,NULL,NULL
"17","Karnataka","1","B","CISF","G","UR","9",17,17,17,NULL,NULL,NULL,NULL,"171G9","79.66434","26.75","8.25","2002-05-02",NULL,NULL,NULL,NULL
"17","Karnataka","1","C","CRPF","G","EWS","0",1,1,1,NULL,NULL,NULL,NULL,"171G0","76.01417","31.25","14.25","2002-02-26",NULL,NULL,NULL,NULL
"17","Karnataka","1","C","CRPF","G","SC","1",2,2,2,NULL,NULL,NULL,NULL,"171G1","72.58187","31","12.25","2002-07-12",NULL,NULL,NULL,NULL
"17","Karnataka","1","C","CRPF","G","ST","2",1,1,1,NULL,NULL,NULL,NULL,"171G2","83.33981","33.5","19.75","2000-05-28",NULL,NULL,NULL,NULL
"17","Karnataka","1","C","CRPF","G","ESM","3",1,1,1,NULL,NULL,NULL,NULL,"171G3",NULL,NULL,NULL,NULL,NULL,NULL,NULL,NULL
"17","Karnataka","1","C","CRPF","G","OBC","6",4,4,4,NULL,NULL,NULL,NULL,"171G6","74.61643","29.25","24.25","2003-09-21",NULL,NULL,NULL,NULL
"17","Karnataka","1","C","CRPF","G","UR","9",6,6,6,NULL,NULL,NULL,NULL,"171G9","79.66434","26.75","8.25","2002-05-02",NULL,NULL,NULL,NULL
"17","Karnataka","1","E","ITBP","G","EWS","0",1,1,1,NULL,NULL,NULL,NULL,"171G0","76.01417","31.25","14.25","2002-02-26",NULL,NULL,NULL,NULL
"17","Karnataka","1","E","ITBP","G","SC","1",2,2,2,NULL,NULL,NULL,NULL,"171G1","72.58187","31","12.25","2002-07-12",NULL,NULL,NULL,NULL
"17","Karnataka","1","E","ITBP","G","ST","2",1,1,1,NULL,NULL,NULL,NULL,"171G2","83.33981","33.5","19.75","2000-05-28",NULL,NULL,NULL,NULL
"17","Karnataka","1","E","ITBP","G","ESM","3",1,1,1,NULL,NULL,NULL,NULL,"171G3",NULL,NULL,NULL,NULL,NULL,NULL,NULL,NULL
"17","Karnataka","1","E","ITBP","G","OBC","6",3,3,3,NULL,NULL,NULL,NULL,"171G6","74.61643","29.25","24.25","2003-09-21",NULL,NULL,NULL,NULL
"17","Karnataka","1","E","ITBP","G","UR","9",5,5,5,NULL,NULL,NULL,NULL,"171G9","79.66434","26.75","8.25","2002-05-02",NULL,NULL,NULL,NULL
"17","Karnataka","1","F","AR","G","SC","1",1,1,1,NULL,NULL,NULL,NULL,"171G1","72.58187","31","12.25","2002-07-12",NULL,NULL,NULL,NULL
"17","Karnataka","1","F","AR","G","OBC","6",1,1,1,NULL,NULL,NULL,NULL,"171G6","74.61643","29.25","24.25","2003-09-21",NULL,NULL,NULL,NULL
"17","Karnataka","1","F","AR","G","UR","9",1,1,1,NULL,NULL,NULL,NULL,"171G9","79.66434","26.75","8.25","2002-05-02",NULL,NULL,NULL,NULL
"17","Karnataka","2","A","BSF","G","EWS","0",34,34,34,NULL,NULL,NULL,NULL,"172G0","65.24795","31","4","2003-02-13",NULL,NULL,NULL,NULL
"17","Karnataka","2","A","BSF","G","SC","1",54,54,54,NULL,NULL,NULL,NULL,"172G1","65.82358","24.25","15.25","2000-06-08",NULL,NULL,NULL,NULL
"17","Karnataka","2","A","BSF","G","ST","2",23,23,23,NULL,NULL,NULL,NULL,"172G2","83.19071","33.25","15.25","2000-11-17",NULL,NULL,NULL,NULL
"17","Karnataka","2","A","BSF","G","ESM","3",34,34,34,NULL,NULL,NULL,NULL,"172G3","33.88296","20","4.25","1982-06-18",NULL,NULL,NULL,NULL
"17","Karnataka","2","A","BSF","G","OBC","6",91,91,91,NULL,NULL,NULL,NULL,"172G6","71.29262","29","8.5","1999-06-05",NULL,NULL,NULL,NULL
"17","Karnataka","2","A","BSF","G","UR","9",134,134,134,NULL,NULL,NULL,NULL,"172G9","77.60615","24.5","13","2002-06-20",NULL,NULL,NULL,NULL
"17","Karnataka","2","B","CISF","G","EWS","0",37,37,37,NULL,NULL,NULL,NULL,"172G0","65.24795","31","4","2003-02-13",NULL,NULL,NULL,NULL
"17","Karnataka","2","B","CISF","G","SC","1",60,60,60,NULL,NULL,NULL,NULL,"172G1","65.82358","24.25","15.25","2000-06-08",NULL,NULL,NULL,NULL
"17","Karnataka","2","B","CISF","G","ST","2",26,26,26,NULL,NULL,NULL,NULL,"172G2","83.19071","33.25","15.25","2000-11-17",NULL,NULL,NULL,NULL
"17","Karnataka","2","B","CISF","G","ESM","3",37,37,37,NULL,NULL,NULL,NULL,"172G3","33.88296","20","4.25","1982-06-18",NULL,NULL,NULL,NULL
"17","Karnataka","2","B","CISF","G","OBC","6",100,100,100,NULL,NULL,NULL,NULL,"172G6","71.29262","29","8.5","1999-06-05",NULL,NULL,NULL,NULL
"17","Karnataka","2","B","CISF","G","UR","9",149,149,149,NULL,NULL,NULL,NULL,"172G9","77.60615","24.5","13","2002-06-20",NULL,NULL,NULL,NULL
"17","Karnataka","2","C","CRPF","G","EWS","0",35,35,35,NULL,NULL,NULL,NULL,"172G0","65.24795","31","4","2003-02-13",NULL,NULL,NULL,NULL
"17","Karnataka","2","C","CRPF","G","SC","1",56,56,56,NULL,NULL,NULL,NULL,"172G1","65.82358","24.25","15.25","2000-06-08",NULL,NULL,NULL,NULL
"17","Karnataka","2","C","CRPF","G","ST","2",24,24,24,NULL,NULL,NULL,NULL,"172G2","83.19071","33.25","15.25","2000-11-17",NULL,NULL,NULL,NULL
"17","Karnataka","2","C","CRPF","G","ESM","3",35,35,35,NULL,NULL,NULL,NULL,"172G3","33.88296","20","4.25","1982-06-18",NULL,NULL,NULL,NULL
"17","Karnataka","2","C","CRPF","G","OBC","6",94,94,94,NULL,NULL,NULL,NULL,"172G6","71.29262","29","8.5","1999-06-05",NULL,NULL,NULL,NULL
"17","Karnataka","2","C","CRPF","G","UR","9",138,138,138,NULL,NULL,NULL,NULL,"172G9","77.60615","24.5","13","2002-06-20",NULL,NULL,NULL,NULL
"17","Karnataka","2","D","SSB","G","EWS","0",2,2,2,NULL,NULL,NULL,NULL,"172G0","65.24795","31","4","2003-02-13",NULL,NULL,NULL,NULL
"17","Karnataka","2","D","SSB","G","SC","1",3,3,3,NULL,NULL,NULL,NULL,"172G1","65.82358","24.25","15.25","2000-06-08",NULL,NULL,NULL,NULL
"17","Karnataka","2","D","SSB","G","ST","2",2,2,2,NULL,NULL,NULL,NULL,"172G2","83.19071","33.25","15.25","2000-11-17",NULL,NULL,NULL,NULL
"17","Karnataka","2","D","SSB","G","ESM","3",2,2,2,NULL,NULL,NULL,NULL,"172G3","33.88296","20","4.25","1982-06-18",NULL,NULL,NULL,NULL
"17","Karnataka","2","D","SSB","G","OBC","6",6,6,6,NULL,NULL,NULL,NULL,"172G6","71.29262","29","8.5","1999-06-05",NULL,NULL,NULL,NULL
"17","Karnataka","2","D","SSB","G","UR","9",8,8,8,NULL,NULL,NULL,NULL,"172G9","77.60615","24.5","13","2002-06-20",NULL,NULL,NULL,NULL
"17","Karnataka","2","E","ITBP","G","EWS","0",6,6,6,NULL,NULL,NULL,NULL,"172G0","65.24795","31","4","2003-02-13",NULL,NULL,NULL,NULL
"17","Karnataka","2","E","ITBP","G","SC","1",10,10,10,NULL,NULL,NULL,NULL,"172G1","65.82358","24.25","15.25","2000-06-08",NULL,NULL,NULL,NULL
"17","Karnataka","2","E","ITBP","G","ST","2",5,5,5,NULL,NULL,NULL,NULL,"172G2","83.19071","33.25","15.25","2000-11-17",NULL,NULL,NULL,NULL
"17","Karnataka","2","E","ITBP","G","ESM","3",6,6,6,NULL,NULL,NULL,NULL,"172G3","33.88296","20","4.25","1982-06-18",NULL,NULL,NULL,NULL
"17","Karnataka","2","E","ITBP","G","OBC","6",17,17,17,NULL,NULL,NULL,NULL,"172G6","71.29262","29","8.5","1999-06-05",NULL,NULL,NULL,NULL
"17","Karnataka","2","E","ITBP","G","UR","9",26,26,26,NULL,NULL,NULL,NULL,"172G9","77.60615","24.5","13","2002-06-20",NULL,NULL,NULL,NULL
"17","Karnataka","2","F","AR","G","EWS","0",3,3,3,NULL,NULL,NULL,NULL,"172G0","65.24795","31","4","2003-02-13",NULL,NULL,NULL,NULL
"17","Karnataka","2","F","AR","G","SC","1",5,5,5,NULL,NULL,NULL,NULL,"172G1","65.82358","24.25","15.25","2000-06-08",NULL,NULL,NULL,NULL
"17","Karnataka","2","F","AR","G","ST","2",2,2,2,NULL,NULL,NULL,NULL,"172G2","83.19071","33.25","15.25","2000-11-17",NULL,NULL,NULL,NULL
"17","Karnataka","2","F","AR","G","ESM","3",3,3,3,NULL,NULL,NULL,NULL,"172G3","33.88296","20","4.25","1982-06-18",NULL,NULL,NULL,NULL
"17","Karnataka","2","F","AR","G","OBC","6",8,8,8,NULL,NULL,NULL,NULL,"172G6","71.29262","29","8.5","1999-06-05",NULL,NULL,NULL,NULL
"17","Karnataka","2","F","AR","G","UR","9",11,11,11,NULL,NULL,NULL,NULL,"172G9","77.60615","24.5","13","2002-06-20",NULL,NULL,NULL,NULL
"18","Kerala","1","A","BSF","G","EWS","0",3,3,3,NULL,NULL,NULL,NULL,"181G0","74.38375","17.75","4.5","2005-10-23",NULL,NULL,NULL,NULL
"18","Kerala","1","A","BSF","G","SC","1",3,3,3,NULL,NULL,NULL,NULL,"181G1","85.24516","29.5","9.25","2002-02-15",NULL,NULL,NULL,NULL
"18","Kerala","1","A","BSF","G","ESM","3",4,4,4,NULL,NULL,NULL,NULL,"181G3",NULL,NULL,NULL,NULL,NULL,NULL,NULL,NULL
"18","Kerala","1","A","BSF","G","OBC","6",11,11,11,NULL,NULL,NULL,NULL,"181G6","102.69544","35.5","14.75","1999-07-21",NULL,NULL,NULL,NULL
"18","Kerala","1","A","BSF","G","UR","9",20,20,20,NULL,NULL,NULL,NULL,"181G9","96.98829","31.5","8.75","2004-03-25",NULL,NULL,NULL,NULL
"18","Kerala","1","A","BSF","N","EWS","0",2,2,2,NULL,NULL,NULL,NULL,"181N0",NULL,NULL,NULL,NULL,NULL,NULL,NULL,NULL
"18","Kerala","1","A","BSF","N","SC","1",2,2,2,NULL,NULL,NULL,NULL,"181N1","34.91198","10","9.75","2005-10-10",NULL,NULL,NULL,NULL
"18","Kerala","1","A","BSF","N","ESM","3",2,2,2,NULL,NULL,NULL,NULL,"181N3",NULL,NULL,NULL,NULL,NULL,NULL,NULL,NULL
"18","Kerala","1","A","BSF","N","OBC","6",7,7,7,NULL,NULL,NULL,NULL,"181N6","49.25888","18.75","5.75","2002-11-09",NULL,NULL,NULL,NULL
"18","Kerala","1","A","BSF","N","UR","9",13,13,13,NULL,NULL,NULL,NULL,"181N9","48.25676","8.5","15.25","2004-11-05",NULL,NULL,NULL,NULL
"18","Kerala","1","B","CISF","G","EWS","0",2,2,2,NULL,NULL,NULL,NULL,"181G0","74.38375","17.75","4.5","2005-10-23",NULL,NULL,NULL,NULL
"18","Kerala","1","B","CISF","G","SC","1",3,3,3,NULL,NULL,NULL,NULL,"181G1","85.24516","29.5","9.25","2002-02-15",NULL,NULL,NULL,NULL
"18","Kerala","1","B","CISF","G","ESM","3",2,2,2,NULL,NULL,NULL,NULL,"181G3",NULL,NULL,NULL,NULL,NULL,NULL,NULL,NULL
"18","Kerala","1","B","CISF","G","OBC","6",6,6,6,NULL,NULL,NULL,NULL,"181G6","102.69544","35.5","14.75","1999-07-21",NULL,NULL,NULL,NULL
"18","Kerala","1","B","CISF","G","UR","9",12,12,12,NULL,NULL,NULL,NULL,"181G9","96.98829","31.5","8.75","2004-03-25",NULL,NULL,NULL,NULL
"18","Kerala","1","B","CISF","N","EWS","0",1,1,1,NULL,NULL,NULL,NULL,"181N0",NULL,NULL,NULL,NULL,NULL,NULL,NULL,NULL
"18","Kerala","1","B","CISF","N","SC","1",2,2,2,NULL,NULL,NULL,NULL,"181N1","34.91198","10","9.75","2005-10-10",NULL,NULL,NULL,NULL
"18","Kerala","1","B","CISF","N","ESM","3",2,2,2,NULL,NULL,NULL,NULL,"181N3",NULL,NULL,NULL,NULL,NULL,NULL,NULL,NULL
"18","Kerala","1","B","CISF","N","OBC","6",5,5,5,NULL,NULL,NULL,NULL,"181N6","49.25888","18.75","5.75","2002-11-09",NULL,NULL,NULL,NULL
"18","Kerala","1","B","CISF","N","UR","9",10,10,10,NULL,NULL,NULL,NULL,"181N9","48.25676","8.5","15.25","2004-11-05",NULL,NULL,NULL,NULL
"18","Kerala","1","C","CRPF","G","EWS","0",1,1,1,NULL,NULL,NULL,NULL,"181G0","74.38375","17.75","4.5","2005-10-23",NULL,NULL,NULL,NULL
"18","Kerala","1","C","CRPF","G","SC","1",1,1,1,NULL,NULL,NULL,NULL,"181G1","85.24516","29.5","9.25","2002-02-15",NULL,NULL,NULL,NULL
"18","Kerala","1","C","CRPF","G","ESM","3",1,1,1,NULL,NULL,NULL,NULL,"181G3",NULL,NULL,NULL,NULL,NULL,NULL,NULL,NULL
"18","Kerala","1","C","CRPF","G","OBC","6",2,2,2,NULL,NULL,NULL,NULL,"181G6","102.69544","35.5","14.75","1999-07-21",NULL,NULL,NULL,NULL
"18","Kerala","1","C","CRPF","G","UR","9",4,4,4,NULL,NULL,NULL,NULL,"181G9","96.98829","31.5","8.75","2004-03-25",NULL,NULL,NULL,NULL
"18","Kerala","1","C","CRPF","N","EWS","0",1,1,1,NULL,NULL,NULL,NULL,"181N0",NULL,NULL,NULL,NULL,NULL,NULL,NULL,NULL
"18","Kerala","1","C","CRPF","N","SC","1",1,1,1,NULL,NULL,NULL,NULL,"181N1","34.91198","10","9.75","2005-10-10",NULL,NULL,NULL,NULL
"18","Kerala","1","C","CRPF","N","ESM","3",1,1,1,NULL,NULL,NULL,NULL,"181N3",NULL,NULL,NULL,NULL,NULL,NULL,NULL,NULL
"18","Kerala","1","C","CRPF","N","OBC","6",1,1,1,NULL,NULL,NULL,NULL,"181N6","49.25888","18.75","5.75","2002-11-09",NULL,NULL,NULL,NULL
"18","Kerala","1","C","CRPF","N","UR","9",2,2,2,NULL,NULL,NULL,NULL,"181N9","48.25676","8.5","15.25","2004-11-05",NULL,NULL,NULL,NULL
"18","Kerala","1","E","ITBP","G","EWS","0",1,1,1,NULL,NULL,NULL,NULL,"181G0","74.38375","17.75","4.5","2005-10-23",NULL,NULL,NULL,NULL
"18","Kerala","1","E","ITBP","G","SC","1",1,1,1,NULL,NULL,NULL,NULL,"181G1","85.24516","29.5","9.25","2002-02-15",NULL,NULL,NULL,NULL
"18","Kerala","1","E","ITBP","G","ESM","3",1,1,1,NULL,NULL,NULL,NULL,"181G3",NULL,NULL,NULL,NULL,NULL,NULL,NULL,NULL
"18","Kerala","1","E","ITBP","G","OBC","6",2,2,2,NULL,NULL,NULL,NULL,"181G6","102.69544","35.5","14.75","1999-07-21",NULL,NULL,NULL,NULL
"18","Kerala","1","E","ITBP","G","UR","9",7,7,7,NULL,NULL,NULL,NULL,"181G9","96.98829","31.5","8.75","2004-03-25",NULL,NULL,NULL,NULL
"18","Kerala","1","E","ITBP","N","OBC","6",1,1,1,NULL,NULL,NULL,NULL,"181N6","49.25888","18.75","5.75","2002-11-09",NULL,NULL,NULL,NULL
"18","Kerala","1","E","ITBP","N","UR","9",3,3,3,NULL,NULL,NULL,NULL,"181N9","48.25676","8.5","15.25","2004-11-05",NULL,NULL,NULL,NULL
"18","Kerala","1","F","AR","G","UR","9",1,1,1,NULL,NULL,NULL,NULL,"181G9","96.98829","31.5","8.75","2004-03-25",NULL,NULL,NULL,NULL
"18","Kerala","1","F","AR","N","UR","9",1,1,1,NULL,NULL,NULL,NULL,"181N9","48.25676","8.5","15.25","2004-11-05",NULL,NULL,NULL,NULL
"18","Kerala","2","A","BSF","G","EWS","0",21,21,21,NULL,NULL,NULL,NULL,"182G0","40.50062","6.25","6.25","2005-10-01",NULL,NULL,NULL,NULL
"18","Kerala","2","A","BSF","G","SC","1",21,21,21,NULL,NULL,NULL,NULL,"182G1","51.31907","17","9.25","2002-12-17",NULL,NULL,NULL,NULL
"18","Kerala","2","A","BSF","G","ST","2",2,2,2,NULL,NULL,NULL,NULL,"182G2","56.03384","19.75","17.5","2000-10-23",NULL,NULL,NULL,NULL
"18","Kerala","2","A","BSF","G","ESM","3",21,21,21,NULL,NULL,NULL,NULL,"182G3","38.17905","7.75","-0.25","1983-09-15",NULL,NULL,NULL,NULL
"18","Kerala","2","A","BSF","G","OBC","6",58,58,58,NULL,NULL,NULL,NULL,"182G6","58.75999","23.25","7","2002-11-07",NULL,NULL,NULL,NULL
"18","Kerala","2","A","BSF","G","UR","9",111,111,111,NULL,NULL,NULL,NULL,"182G9","58.91051","22","8.5","2005-09-01",NULL,NULL,NULL,NULL
"18","Kerala","2","A","BSF","N","EWS","0",16,16,16,NULL,NULL,NULL,NULL,"182N0","41.54806","23.5","0.75","2006-03-20",NULL,NULL,NULL,NULL
"18","Kerala","2","A","BSF","N","SC","1",16,16,16,NULL,NULL,NULL,NULL,"182N1","36.90547","12.5","7.75","2000-06-22",NULL,NULL,NULL,NULL
"18","Kerala","2","A","BSF","N","ST","2",1,1,1,NULL,NULL,NULL,NULL,"182N2","47.96189","21","11.75","1999-08-12",NULL,NULL,NULL,NULL
"18","Kerala","2","A","BSF","N","ESM","3",16,16,16,NULL,NULL,NULL,NULL,"182N3",NULL,NULL,NULL,NULL,NULL,NULL,NULL,NULL
"18","Kerala","2","A","BSF","N","OBC","6",41,41,41,NULL,NULL,NULL,NULL,"182N6","40.71156","16.25","5.5","2006-08-13",NULL,NULL,NULL,NULL
"18","Kerala","2","A","BSF","N","UR","9",81,81,81,NULL,NULL,NULL,NULL,"182N9","48.05089","25.75","1","2002-02-15",NULL,NULL,NULL,NULL
"18","Kerala","2","B","CISF","G","EWS","0",20,20,20,NULL,NULL,NULL,NULL,"182G0","40.50062","6.25","6.25","2005-10-01",NULL,NULL,NULL,NULL
"18","Kerala","2","B","CISF","G","SC","1",22,22,22,NULL,NULL,NULL,NULL,"182G1","51.31907","17","9.25","2002-12-17",NULL,NULL,NULL,NULL
"18","Kerala","2","B","CISF","G","ST","2",2,2,2,NULL,NULL,NULL,NULL,"182G2","56.03384","19.75","17.5","2000-10-23",NULL,NULL,NULL,NULL
"18","Kerala","2","B","CISF","G","ESM","3",21,21,21,NULL,NULL,NULL,NULL,"182G3","38.17905","7.75","-0.25","1983-09-15",NULL,NULL,NULL,NULL
"18","Kerala","2","B","CISF","G","OBC","6",57,57,57,NULL,NULL,NULL,NULL,"182G6","58.75999","23.25","7","2002-11-07",NULL,NULL,NULL,NULL
"18","Kerala","2","B","CISF","G","UR","9",110,110,110,NULL,NULL,NULL,NULL,"182G9","58.91051","22","8.5","2005-09-01",NULL,NULL,NULL,NULL
"18","Kerala","2","B","CISF","N","EWS","0",13,13,13,NULL,NULL,NULL,NULL,"182N0","41.54806","23.5","0.75","2006-03-20",NULL,NULL,NULL,NULL
"18","Kerala","2","B","CISF","N","SC","1",16,16,16,NULL,NULL,NULL,NULL,"182N1","36.90547","12.5","7.75","2000-06-22",NULL,NULL,NULL,NULL
"18","Kerala","2","B","CISF","N","ST","2",3,3,3,NULL,NULL,NULL,NULL,"182N2","47.96189","21","11.75","1999-08-12",NULL,NULL,NULL,NULL
"18","Kerala","2","B","CISF","N","ESM","3",16,16,16,NULL,NULL,NULL,NULL,"182N3",NULL,NULL,NULL,NULL,NULL,NULL,NULL,NULL
"18","Kerala","2","B","CISF","N","OBC","6",44,44,44,NULL,NULL,NULL,NULL,"182N6","40.71156","16.25","5.5","2006-08-13",NULL,NULL,NULL,NULL
"18","Kerala","2","B","CISF","N","UR","9",84,84,84,NULL,NULL,NULL,NULL,"182N9","48.05089","25.75","1","2002-02-15",NULL,NULL,NULL,NULL
"18","Kerala","2","C","CRPF","G","EWS","0",19,19,19,NULL,NULL,NULL,NULL,"182G0","40.50062","6.25","6.25","2005-10-01",NULL,NULL,NULL,NULL
"18","Kerala","2","C","CRPF","G","SC","1",19,19,19,NULL,NULL,NULL,NULL,"182G1","51.31907","17","9.25","2002-12-17",NULL,NULL,NULL,NULL
"18","Kerala","2","C","CRPF","G","ST","2",2,2,2,NULL,NULL,NULL,NULL,"182G2","56.03384","19.75","17.5","2000-10-23",NULL,NULL,NULL,NULL
"18","Kerala","2","C","CRPF","G","ESM","3",19,19,19,NULL,NULL,NULL,NULL,"182G3","38.17905","7.75","-0.25","1983-09-15",NULL,NULL,NULL,NULL
"18","Kerala","2","C","CRPF","G","OBC","6",51,51,51,NULL,NULL,NULL,NULL,"182G6","58.75999","23.25","7","2002-11-07",NULL,NULL,NULL,NULL
"18","Kerala","2","C","CRPF","G","UR","9",99,99,99,NULL,NULL,NULL,NULL,"182G9","58.91051","22","8.5","2005-09-01",NULL,NULL,NULL,NULL
"18","Kerala","2","C","CRPF","N","EWS","0",12,12,12,NULL,NULL,NULL,NULL,"182N0","41.54806","23.5","0.75","2006-03-20",NULL,NULL,NULL,NULL
"18","Kerala","2","C","CRPF","N","SC","1",12,12,12,NULL,NULL,NULL,NULL,"182N1","36.90547","12.5","7.75","2000-06-22",NULL,NULL,NULL,NULL
"18","Kerala","2","C","CRPF","N","ST","2",1,1,1,NULL,NULL,NULL,NULL,"182N2","47.96189","21","11.75","1999-08-12",NULL,NULL,NULL,NULL
"18","Kerala","2","C","CRPF","N","ESM","3",12,12,12,NULL,NULL,NULL,NULL,"182N3",NULL,NULL,NULL,NULL,NULL,NULL,NULL,NULL
"18","Kerala","2","C","CRPF","N","OBC","6",33,33,33,NULL,NULL,NULL,NULL,"182N6","40.71156","16.25","5.5","2006-08-13",NULL,NULL,NULL,NULL
"18","Kerala","2","C","CRPF","N","UR","9",65,65,65,NULL,NULL,NULL,NULL,"182N9","48.05089","25.75","1","2002-02-15",NULL,NULL,NULL,NULL
"18","Kerala","2","D","SSB","G","EWS","0",2,2,2,NULL,NULL,NULL,NULL,"182G0","40.50062","6.25","6.25","2005-10-01",NULL,NULL,NULL,NULL
"18","Kerala","2","D","SSB","G","SC","1",2,2,2,NULL,NULL,NULL,NULL,"182G1","51.31907","17","9.25","2002-12-17",NULL,NULL,NULL,NULL
"18","Kerala","2","D","SSB","G","ESM","3",2,2,2,NULL,NULL,NULL,NULL,"182G3","38.17905","7.75","-0.25","1983-09-15",NULL,NULL,NULL,NULL
"18","Kerala","2","D","SSB","G","OBC","6",5,5,5,NULL,NULL,NULL,NULL,"182G6","58.75999","23.25","7","2002-11-07",NULL,NULL,NULL,NULL
"18","Kerala","2","D","SSB","G","UR","9",10,10,10,NULL,NULL,NULL,NULL,"182G9","58.91051","22","8.5","2005-09-01",NULL,NULL,NULL,NULL
"18","Kerala","2","D","SSB","N","EWS","0",2,2,2,NULL,NULL,NULL,NULL,"182N0","41.54806","23.5","0.75","2006-03-20",NULL,NULL,NULL,NULL
"18","Kerala","2","D","SSB","N","SC","1",4,4,4,NULL,NULL,NULL,NULL,"182N1","36.90547","12.5","7.75","2000-06-22",NULL,NULL,NULL,NULL
"18","Kerala","2","D","SSB","N","ESM","3",2,2,2,NULL,NULL,NULL,NULL,"182N3",NULL,NULL,NULL,NULL,NULL,NULL,NULL,NULL
"18","Kerala","2","D","SSB","N","OBC","6",3,3,3,NULL,NULL,NULL,NULL,"182N6","40.71156","16.25","5.5","2006-08-13",NULL,NULL,NULL,NULL
"18","Kerala","2","D","SSB","N","UR","9",6,6,6,NULL,NULL,NULL,NULL,"182N9","48.05089","25.75","1","2002-02-15",NULL,NULL,NULL,NULL
"18","Kerala","2","E","ITBP","G","EWS","0",5,5,5,NULL,NULL,NULL,NULL,"182G0","40.50062","6.25","6.25","2005-10-01",NULL,NULL,NULL,NULL
"18","Kerala","2","E","ITBP","G","SC","1",5,5,5,NULL,NULL,NULL,NULL,"182G1","51.31907","17","9.25","2002-12-17",NULL,NULL,NULL,NULL
"18","Kerala","2","E","ITBP","G","ESM","3",5,5,5,NULL,NULL,NULL,NULL,"182G3","38.17905","7.75","-0.25","1983-09-15",NULL,NULL,NULL,NULL
"18","Kerala","2","E","ITBP","G","OBC","6",13,13,13,NULL,NULL,NULL,NULL,"182G6","58.75999","23.25","7","2002-11-07",NULL,NULL,NULL,NULL
"18","Kerala","2","E","ITBP","G","UR","9",23,23,23,NULL,NULL,NULL,NULL,"182G9","58.91051","22","8.5","2005-09-01",NULL,NULL,NULL,NULL
"18","Kerala","2","E","ITBP","N","EWS","0",3,3,3,NULL,NULL,NULL,NULL,"182N0","41.54806","23.5","0.75","2006-03-20",NULL,NULL,NULL,NULL
"18","Kerala","2","E","ITBP","N","SC","1",3,3,3,NULL,NULL,NULL,NULL,"182N1","36.90547","12.5","7.75","2000-06-22",NULL,NULL,NULL,NULL
"18","Kerala","2","E","ITBP","N","ESM","3",3,3,3,NULL,NULL,NULL,NULL,"182N3",NULL,NULL,NULL,NULL,NULL,NULL,NULL,NULL
"18","Kerala","2","E","ITBP","N","OBC","6",8,8,8,NULL,NULL,NULL,NULL,"182N6","40.71156","16.25","5.5","2006-08-13",NULL,NULL,NULL,NULL
"18","Kerala","2","E","ITBP","N","UR","9",15,15,15,NULL,NULL,NULL,NULL,"182N9","48.05089","25.75","1","2002-02-15",NULL,NULL,NULL,NULL
"18","Kerala","2","F","AR","G","EWS","0",3,3,3,NULL,NULL,NULL,NULL,"182G0","40.50062","6.25","6.25","2005-10-01",NULL,NULL,NULL,NULL
"18","Kerala","2","F","AR","G","SC","1",3,3,3,NULL,NULL,NULL,NULL,"182G1","51.31907","17","9.25","2002-12-17",NULL,NULL,NULL,NULL
"18","Kerala","2","F","AR","G","ST","2",1,1,1,NULL,NULL,NULL,NULL,"182G2","56.03384","19.75","17.5","2000-10-23",NULL,NULL,NULL,NULL
"18","Kerala","2","F","AR","G","ESM","3",3,3,3,NULL,NULL,NULL,NULL,"182G3","38.17905","7.75","-0.25","1983-09-15",NULL,NULL,NULL,NULL
"18","Kerala","2","F","AR","G","OBC","6",7,7,7,NULL,NULL,NULL,NULL,"182G6","58.75999","23.25","7","2002-11-07",NULL,NULL,NULL,NULL
"18","Kerala","2","F","AR","G","UR","9",12,12,12,NULL,NULL,NULL,NULL,"182G9","58.91051","22","8.5","2005-09-01",NULL,NULL,NULL,NULL
"18","Kerala","2","F","AR","N","EWS","0",2,2,2,NULL,NULL,NULL,NULL,"182N0","41.54806","23.5","0.75","2006-03-20",NULL,NULL,NULL,NULL
"25","Nagaland","1","F","AR","B","OBC","6",1,1,1,NULL,NULL,NULL,NULL,"251B6",NULL,NULL,NULL,NULL,NULL,NULL,NULL,NULL
"18","Kerala","2","F","AR","N","SC","1",2,2,2,NULL,NULL,NULL,NULL,"182N1","36.90547","12.5","7.75","2000-06-22",NULL,NULL,NULL,NULL
"18","Kerala","2","F","AR","N","ST","2",1,1,1,NULL,NULL,NULL,NULL,"182N2","47.96189","21","11.75","1999-08-12",NULL,NULL,NULL,NULL
"18","Kerala","2","F","AR","N","ESM","3",2,2,2,NULL,NULL,NULL,NULL,"182N3",NULL,NULL,NULL,NULL,NULL,NULL,NULL,NULL
"18","Kerala","2","F","AR","N","OBC","6",5,5,5,NULL,NULL,NULL,NULL,"182N6","40.71156","16.25","5.5","2006-08-13",NULL,NULL,NULL,NULL
"18","Kerala","2","F","AR","N","UR","9",9,9,9,NULL,NULL,NULL,NULL,"182N9","48.05089","25.75","1","2002-02-15",NULL,NULL,NULL,NULL
"2","Andhra Pradesh ","1","A","BSF","G","EWS","0",5,5,5,NULL,NULL,NULL,NULL,"21G0","79.53324","37.75","5.75","2003-06-13",NULL,NULL,NULL,NULL
"2","Andhra Pradesh ","1","A","BSF","G","SC","1",8,8,8,NULL,NULL,NULL,NULL,"21G1","84.29708","37.75","11.75","2000-12-11",NULL,NULL,NULL,NULL
"2","Andhra Pradesh ","1","A","BSF","G","ST","2",3,3,3,NULL,NULL,NULL,NULL,"21G2","80.38764","33.75","10.25","1998-01-07",NULL,NULL,NULL,NULL
"2","Andhra Pradesh ","1","A","BSF","G","ESM","3",5,5,5,NULL,NULL,NULL,NULL,"21G3",NULL,NULL,NULL,NULL,NULL,NULL,NULL,NULL
"2","Andhra Pradesh ","1","A","BSF","G","OBC","6",13,13,13,NULL,NULL,NULL,NULL,"21G6","91.38997","25","15.5","2000-08-01",NULL,NULL,NULL,NULL
"2","Andhra Pradesh ","1","A","BSF","G","UR","9",19,19,19,NULL,NULL,NULL,NULL,"21G9","92.98788","35.75","6.75","2002-05-20",NULL,NULL,NULL,NULL
"2","Andhra Pradesh ","1","A","BSF","N","EWS","0",1,1,1,NULL,NULL,NULL,NULL,"21N0",NULL,NULL,NULL,NULL,NULL,NULL,NULL,NULL
"2","Andhra Pradesh ","1","A","BSF","N","SC","1",3,3,3,NULL,NULL,NULL,NULL,"21N1","55.03984","18.25","20.5","1997-02-05",NULL,NULL,NULL,NULL
"2","Andhra Pradesh ","1","A","BSF","N","ESM","3",1,1,1,NULL,NULL,NULL,NULL,"21N3",NULL,NULL,NULL,NULL,NULL,NULL,NULL,NULL
"2","Andhra Pradesh ","1","A","BSF","N","OBC","6",2,2,2,NULL,NULL,NULL,NULL,"21N6",NULL,NULL,NULL,NULL,NULL,NULL,NULL,NULL
"2","Andhra Pradesh ","1","A","BSF","N","UR","9",2,2,2,NULL,NULL,NULL,NULL,"21N9","63.32846","25.5","14","2002-05-31",NULL,NULL,NULL,NULL
"2","Andhra Pradesh ","1","B","CISF","G","EWS","0",3,3,3,NULL,NULL,NULL,NULL,"21G0","79.53324","37.75","5.75","2003-06-13",NULL,NULL,NULL,NULL
"2","Andhra Pradesh ","1","B","CISF","G","SC","1",5,5,5,NULL,NULL,NULL,NULL,"21G1","84.29708","37.75","11.75","2000-12-11",NULL,NULL,NULL,NULL
"2","Andhra Pradesh ","1","B","CISF","G","ST","2",2,2,2,NULL,NULL,NULL,NULL,"21G2","80.38764","33.75","10.25","1998-01-07",NULL,NULL,NULL,NULL
"2","Andhra Pradesh ","1","B","CISF","G","ESM","3",3,3,3,NULL,NULL,NULL,NULL,"21G3",NULL,NULL,NULL,NULL,NULL,NULL,NULL,NULL
"2","Andhra Pradesh ","1","B","CISF","G","OBC","6",9,9,9,NULL,NULL,NULL,NULL,"21G6","91.38997","25","15.5","2000-08-01",NULL,NULL,NULL,NULL
"2","Andhra Pradesh ","1","B","CISF","G","UR","9",14,14,14,NULL,NULL,NULL,NULL,"21G9","92.98788","35.75","6.75","2002-05-20",NULL,NULL,NULL,NULL
"2","Andhra Pradesh ","1","B","CISF","N","SC","1",1,1,1,NULL,NULL,NULL,NULL,"21N1","55.03984","18.25","20.5","1997-02-05",NULL,NULL,NULL,NULL
"2","Andhra Pradesh ","1","B","CISF","N","OBC","6",1,1,1,NULL,NULL,NULL,NULL,"21N6",NULL,NULL,NULL,NULL,NULL,NULL,NULL,NULL
"2","Andhra Pradesh ","1","B","CISF","N","UR","9",2,2,2,NULL,NULL,NULL,NULL,"21N9","63.32846","25.5","14","2002-05-31",NULL,NULL,NULL,NULL
"2","Andhra Pradesh ","1","C","CRPF","G","EWS","0",1,1,1,NULL,NULL,NULL,NULL,"21G0","79.53324","37.75","5.75","2003-06-13",NULL,NULL,NULL,NULL
"2","Andhra Pradesh ","1","C","CRPF","G","SC","1",2,2,2,NULL,NULL,NULL,NULL,"21G1","84.29708","37.75","11.75","2000-12-11",NULL,NULL,NULL,NULL
"2","Andhra Pradesh ","1","C","CRPF","G","ST","2",1,1,1,NULL,NULL,NULL,NULL,"21G2","80.38764","33.75","10.25","1998-01-07",NULL,NULL,NULL,NULL
"2","Andhra Pradesh ","1","C","CRPF","G","ESM","3",1,1,1,NULL,NULL,NULL,NULL,"21G3",NULL,NULL,NULL,NULL,NULL,NULL,NULL,NULL
"2","Andhra Pradesh ","1","C","CRPF","G","OBC","6",3,3,3,NULL,NULL,NULL,NULL,"21G6","91.38997","25","15.5","2000-08-01",NULL,NULL,NULL,NULL
"2","Andhra Pradesh ","1","C","CRPF","G","UR","9",5,5,5,NULL,NULL,NULL,NULL,"21G9","92.98788","35.75","6.75","2002-05-20",NULL,NULL,NULL,NULL
"2","Andhra Pradesh ","1","C","CRPF","N","UR","9",1,1,1,NULL,NULL,NULL,NULL,"21N9","63.32846","25.5","14","2002-05-31",NULL,NULL,NULL,NULL
"2","Andhra Pradesh ","1","E","ITBP","G","EWS","0",1,1,1,NULL,NULL,NULL,NULL,"21G0","79.53324","37.75","5.75","2003-06-13",NULL,NULL,NULL,NULL
"2","Andhra Pradesh ","1","E","ITBP","G","SC","1",1,1,1,NULL,NULL,NULL,NULL,"21G1","84.29708","37.75","11.75","2000-12-11",NULL,NULL,NULL,NULL
"2","Andhra Pradesh ","1","E","ITBP","G","ST","2",1,1,1,NULL,NULL,NULL,NULL,"21G2","80.38764","33.75","10.25","1998-01-07",NULL,NULL,NULL,NULL
"2","Andhra Pradesh ","1","E","ITBP","G","ESM","3",1,1,1,NULL,NULL,NULL,NULL,"21G3",NULL,NULL,NULL,NULL,NULL,NULL,NULL,NULL
"2","Andhra Pradesh ","1","E","ITBP","G","OBC","6",2,2,2,NULL,NULL,NULL,NULL,"21G6","91.38997","25","15.5","2000-08-01",NULL,NULL,NULL,NULL
"2","Andhra Pradesh ","1","E","ITBP","G","UR","9",5,5,5,NULL,NULL,NULL,NULL,"21G9","92.98788","35.75","6.75","2002-05-20",NULL,NULL,NULL,NULL
"2","Andhra Pradesh ","1","E","ITBP","N","EWS","0",1,1,1,NULL,NULL,NULL,NULL,"21N0",NULL,NULL,NULL,NULL,NULL,NULL,NULL,NULL
"2","Andhra Pradesh ","1","E","ITBP","N","SC","1",6,6,6,NULL,NULL,NULL,NULL,"21N1","55.03984","18.25","20.5","1997-02-05",NULL,NULL,NULL,NULL
"2","Andhra Pradesh ","1","E","ITBP","N","ESM","3",1,1,1,NULL,NULL,NULL,NULL,"21N3",NULL,NULL,NULL,NULL,NULL,NULL,NULL,NULL
"2","Andhra Pradesh ","1","F","AR","G","OBC","6",1,1,1,NULL,NULL,NULL,NULL,"21G6","91.38997","25","15.5","2000-08-01",NULL,NULL,NULL,NULL
"2","Andhra Pradesh ","1","F","AR","G","UR","9",1,1,1,NULL,NULL,NULL,NULL,"21G9","92.98788","35.75","6.75","2002-05-20",NULL,NULL,NULL,NULL
"2","Andhra Pradesh ","2","A","BSF","G","EWS","0",27,27,27,NULL,NULL,NULL,NULL,"22G0","64.0039","18.5","3.25","2004-06-10",NULL,NULL,NULL,NULL
"2","Andhra Pradesh ","2","A","BSF","G","SC","1",43,43,43,NULL,NULL,NULL,NULL,"22G1","70.28212","20.75","22.25","1998-05-21",NULL,NULL,NULL,NULL
"2","Andhra Pradesh ","2","A","BSF","G","ST","2",19,19,19,NULL,NULL,NULL,NULL,"22G2","69.08777","24.25","19.75","2002-03-15",NULL,NULL,NULL,NULL
"2","Andhra Pradesh ","2","A","BSF","G","ESM","3",27,27,27,NULL,NULL,NULL,NULL,"22G3","32.42489","6.25","15.25","1981-11-16",NULL,NULL,NULL,NULL
"2","Andhra Pradesh ","2","A","BSF","G","OBC","6",73,73,73,NULL,NULL,NULL,NULL,"22G6","83.80045","24.25","22","1999-06-30",NULL,NULL,NULL,NULL
"2","Andhra Pradesh ","2","A","BSF","G","UR","9",109,109,109,NULL,NULL,NULL,NULL,"22G9","83.11954","40","13","2002-06-08",NULL,NULL,NULL,NULL
"2","Andhra Pradesh ","2","A","BSF","N","EWS","0",3,3,3,NULL,NULL,NULL,NULL,"22N0","47.25625","15.25","17.5","2004-01-22",NULL,NULL,NULL,NULL
"2","Andhra Pradesh ","2","A","BSF","N","SC","1",6,6,6,NULL,NULL,NULL,NULL,"22N1","41.7846","23","7","2001-03-07",NULL,NULL,NULL,NULL
"2","Andhra Pradesh ","2","A","BSF","N","ST","2",2,2,2,NULL,NULL,NULL,NULL,"22N2","69.32191","31","13.25","1998-07-08",NULL,NULL,NULL,NULL
"2","Andhra Pradesh ","2","A","BSF","N","ESM","3",3,3,3,NULL,NULL,NULL,NULL,"22N3",NULL,NULL,NULL,NULL,NULL,NULL,NULL,NULL
"2","Andhra Pradesh ","2","A","BSF","N","OBC","6",9,9,9,NULL,NULL,NULL,NULL,"22N6","47.47949","20","13.25","2002-06-30",NULL,NULL,NULL,NULL
"2","Andhra Pradesh ","2","A","BSF","N","UR","9",14,14,14,NULL,NULL,NULL,NULL,"22N9","50.18089","25.5","3.25","2004-04-16",NULL,NULL,NULL,NULL
"2","Andhra Pradesh ","2","B","CISF","G","EWS","0",30,30,30,NULL,NULL,NULL,NULL,"22G0","64.0039","18.5","3.25","2004-06-10",NULL,NULL,NULL,NULL
"2","Andhra Pradesh ","2","B","CISF","G","SC","1",48,48,48,NULL,NULL,NULL,NULL,"22G1","70.28212","20.75","22.25","1998-05-21",NULL,NULL,NULL,NULL
"2","Andhra Pradesh ","2","B","CISF","G","ST","2",21,21,21,NULL,NULL,NULL,NULL,"22G2","69.08777","24.25","19.75","2002-03-15",NULL,NULL,NULL,NULL
"2","Andhra Pradesh ","2","B","CISF","G","ESM","3",30,30,30,NULL,NULL,NULL,NULL,"22G3","32.42489","6.25","15.25","1981-11-16",NULL,NULL,NULL,NULL
"2","Andhra Pradesh ","2","B","CISF","G","OBC","6",81,81,81,NULL,NULL,NULL,NULL,"22G6","83.80045","24.25","22","1999-06-30",NULL,NULL,NULL,NULL
"2","Andhra Pradesh ","2","B","CISF","G","UR","9",121,121,121,NULL,NULL,NULL,NULL,"22G9","83.11954","40","13","2002-06-08",NULL,NULL,NULL,NULL
"2","Andhra Pradesh ","2","B","CISF","N","EWS","0",4,4,4,NULL,NULL,NULL,NULL,"22N0","47.25625","15.25","17.5","2004-01-22",NULL,NULL,NULL,NULL
"2","Andhra Pradesh ","2","B","CISF","N","SC","1",6,6,6,NULL,NULL,NULL,NULL,"22N1","41.7846","23","7","2001-03-07",NULL,NULL,NULL,NULL
"2","Andhra Pradesh ","2","B","CISF","N","ST","2",3,3,3,NULL,NULL,NULL,NULL,"22N2","69.32191","31","13.25","1998-07-08",NULL,NULL,NULL,NULL
"2","Andhra Pradesh ","2","B","CISF","N","ESM","3",4,4,4,NULL,NULL,NULL,NULL,"22N3",NULL,NULL,NULL,NULL,NULL,NULL,NULL,NULL
"2","Andhra Pradesh ","2","B","CISF","N","OBC","6",10,10,10,NULL,NULL,NULL,NULL,"22N6","47.47949","20","13.25","2002-06-30",NULL,NULL,NULL,NULL
"2","Andhra Pradesh ","2","B","CISF","N","UR","9",15,15,15,NULL,NULL,NULL,NULL,"22N9","50.18089","25.5","3.25","2004-04-16",NULL,NULL,NULL,NULL
"2","Andhra Pradesh ","2","C","CRPF","G","EWS","0",28,28,28,NULL,NULL,NULL,NULL,"22G0","64.0039","18.5","3.25","2004-06-10",NULL,NULL,NULL,NULL
"2","Andhra Pradesh ","2","C","CRPF","G","SC","1",45,45,45,NULL,NULL,NULL,NULL,"22G1","70.28212","20.75","22.25","1998-05-21",NULL,NULL,NULL,NULL
"2","Andhra Pradesh ","2","C","CRPF","G","ST","2",20,20,20,NULL,NULL,NULL,NULL,"22G2","69.08777","24.25","19.75","2002-03-15",NULL,NULL,NULL,NULL
"2","Andhra Pradesh ","2","C","CRPF","G","ESM","3",28,28,28,NULL,NULL,NULL,NULL,"22G3","32.42489","6.25","15.25","1981-11-16",NULL,NULL,NULL,NULL
"2","Andhra Pradesh ","2","C","CRPF","G","OBC","6",76,76,76,NULL,NULL,NULL,NULL,"22G6","83.80045","24.25","22","1999-06-30",NULL,NULL,NULL,NULL
"2","Andhra Pradesh ","2","C","CRPF","G","UR","9",111,111,111,NULL,NULL,NULL,NULL,"22G9","83.11954","40","13","2002-06-08",NULL,NULL,NULL,NULL
"2","Andhra Pradesh ","2","C","CRPF","N","EWS","0",4,4,4,NULL,NULL,NULL,NULL,"22N0","47.25625","15.25","17.5","2004-01-22",NULL,NULL,NULL,NULL
"2","Andhra Pradesh ","2","C","CRPF","N","SC","1",6,6,6,NULL,NULL,NULL,NULL,"22N1","41.7846","23","7","2001-03-07",NULL,NULL,NULL,NULL
"2","Andhra Pradesh ","2","C","CRPF","N","ST","2",2,2,2,NULL,NULL,NULL,NULL,"22N2","69.32191","31","13.25","1998-07-08",NULL,NULL,NULL,NULL
"2","Andhra Pradesh ","2","C","CRPF","N","ESM","3",4,4,4,NULL,NULL,NULL,NULL,"22N3",NULL,NULL,NULL,NULL,NULL,NULL,NULL,NULL
"2","Andhra Pradesh ","2","C","CRPF","N","OBC","6",9,9,9,NULL,NULL,NULL,NULL,"22N6","47.47949","20","13.25","2002-06-30",NULL,NULL,NULL,NULL
"2","Andhra Pradesh ","2","C","CRPF","N","UR","9",14,14,14,NULL,NULL,NULL,NULL,"22N9","50.18089","25.5","3.25","2004-04-16",NULL,NULL,NULL,NULL
"2","Andhra Pradesh ","2","D","SSB","G","EWS","0",2,2,2,NULL,NULL,NULL,NULL,"22G0","64.0039","18.5","3.25","2004-06-10",NULL,NULL,NULL,NULL
"2","Andhra Pradesh ","2","D","SSB","G","SC","1",2,2,2,NULL,NULL,NULL,NULL,"22G1","70.28212","20.75","22.25","1998-05-21",NULL,NULL,NULL,NULL
"2","Andhra Pradesh ","2","D","SSB","G","ST","2",1,1,1,NULL,NULL,NULL,NULL,"22G2","69.08777","24.25","19.75","2002-03-15",NULL,NULL,NULL,NULL
"2","Andhra Pradesh ","2","D","SSB","G","ESM","3",2,2,2,NULL,NULL,NULL,NULL,"22G3","32.42489","6.25","15.25","1981-11-16",NULL,NULL,NULL,NULL
"2","Andhra Pradesh ","2","D","SSB","G","OBC","6",5,5,5,NULL,NULL,NULL,NULL,"22G6","83.80045","24.25","22","1999-06-30",NULL,NULL,NULL,NULL
"2","Andhra Pradesh ","2","D","SSB","G","UR","9",7,7,7,NULL,NULL,NULL,NULL,"22G9","83.11954","40","13","2002-06-08",NULL,NULL,NULL,NULL
"2","Andhra Pradesh ","2","D","SSB","N","OBC","6",1,1,1,NULL,NULL,NULL,NULL,"22N6","47.47949","20","13.25","2002-06-30",NULL,NULL,NULL,NULL
"2","Andhra Pradesh ","2","D","SSB","N","UR","9",1,1,1,NULL,NULL,NULL,NULL,"22N9","50.18089","25.5","3.25","2004-04-16",NULL,NULL,NULL,NULL
"2","Andhra Pradesh ","2","E","ITBP","G","EWS","0",5,5,5,NULL,NULL,NULL,NULL,"22G0","64.0039","18.5","3.25","2004-06-10",NULL,NULL,NULL,NULL
"2","Andhra Pradesh ","2","E","ITBP","G","SC","1",8,8,8,NULL,NULL,NULL,NULL,"22G1","70.28212","20.75","22.25","1998-05-21",NULL,NULL,NULL,NULL
"2","Andhra Pradesh ","2","E","ITBP","G","ST","2",4,4,4,NULL,NULL,NULL,NULL,"22G2","69.08777","24.25","19.75","2002-03-15",NULL,NULL,NULL,NULL
"2","Andhra Pradesh ","2","E","ITBP","G","ESM","3",5,5,5,NULL,NULL,NULL,NULL,"22G3","32.42489","6.25","15.25","1981-11-16",NULL,NULL,NULL,NULL
"2","Andhra Pradesh ","2","E","ITBP","G","OBC","6",14,14,14,NULL,NULL,NULL,NULL,"22G6","83.80045","24.25","22","1999-06-30",NULL,NULL,NULL,NULL
"2","Andhra Pradesh ","2","E","ITBP","G","UR","9",21,21,21,NULL,NULL,NULL,NULL,"22G9","83.11954","40","13","2002-06-08",NULL,NULL,NULL,NULL
"2","Andhra Pradesh ","2","E","ITBP","N","EWS","0",1,1,1,NULL,NULL,NULL,NULL,"22N0","47.25625","15.25","17.5","2004-01-22",NULL,NULL,NULL,NULL
"2","Andhra Pradesh ","2","E","ITBP","N","SC","1",1,1,1,NULL,NULL,NULL,NULL,"22N1","41.7846","23","7","2001-03-07",NULL,NULL,NULL,NULL
"2","Andhra Pradesh ","2","E","ITBP","N","ESM","3",1,1,1,NULL,NULL,NULL,NULL,"22N3",NULL,NULL,NULL,NULL,NULL,NULL,NULL,NULL
"2","Andhra Pradesh ","2","E","ITBP","N","OBC","6",2,2,2,NULL,NULL,NULL,NULL,"22N6","47.47949","20","13.25","2002-06-30",NULL,NULL,NULL,NULL
"2","Andhra Pradesh ","2","E","ITBP","N","UR","9",2,2,2,NULL,NULL,NULL,NULL,"22N9","50.18089","25.5","3.25","2004-04-16",NULL,NULL,NULL,NULL
"2","Andhra Pradesh ","2","F","AR","G","EWS","0",2,2,2,NULL,NULL,NULL,NULL,"22G0","64.0039","18.5","3.25","2004-06-10",NULL,NULL,NULL,NULL
"2","Andhra Pradesh ","2","F","AR","G","SC","1",4,4,4,NULL,NULL,NULL,NULL,"22G1","70.28212","20.75","22.25","1998-05-21",NULL,NULL,NULL,NULL
"2","Andhra Pradesh ","2","F","AR","G","ST","2",2,2,2,NULL,NULL,NULL,NULL,"22G2","69.08777","24.25","19.75","2002-03-15",NULL,NULL,NULL,NULL
"2","Andhra Pradesh ","2","F","AR","G","ESM","3",2,2,2,NULL,NULL,NULL,NULL,"22G3","32.42489","6.25","15.25","1981-11-16",NULL,NULL,NULL,NULL
"2","Andhra Pradesh ","2","F","AR","G","OBC","6",6,6,6,NULL,NULL,NULL,NULL,"22G6","83.80045","24.25","22","1999-06-30",NULL,NULL,NULL,NULL
"2","Andhra Pradesh ","2","F","AR","G","UR","9",9,9,9,NULL,NULL,NULL,NULL,"22G9","83.11954","40","13","2002-06-08",NULL,NULL,NULL,NULL
"2","Andhra Pradesh ","2","F","AR","N","SC","1",1,1,1,NULL,NULL,NULL,NULL,"22N1","41.7846","23","7","2001-03-07",NULL,NULL,NULL,NULL
"2","Andhra Pradesh ","2","F","AR","N","OBC","6",1,1,1,NULL,NULL,NULL,NULL,"22N6","47.47949","20","13.25","2002-06-30",NULL,NULL,NULL,NULL
"2","Andhra Pradesh ","2","F","AR","N","UR","9",1,1,1,NULL,NULL,NULL,NULL,"22N9","50.18089","25.5","3.25","2004-04-16",NULL,NULL,NULL,NULL
"20","Madhya Pradesh","1","A","BSF","G","EWS","0",7,7,7,NULL,NULL,NULL,NULL,"201G0","124.64455","37.75","13","2002-10-20",NULL,NULL,NULL,NULL
"20","Madhya Pradesh","1","A","BSF","G","SC","1",11,11,11,NULL,NULL,NULL,NULL,"201G1","116.68159","28.75","17.5","2002-08-18",NULL,NULL,NULL,NULL
"20","Madhya Pradesh","1","A","BSF","G","ST","2",14,14,14,NULL,NULL,NULL,NULL,"201G2","107.53725","33.25","10.75","2002-03-01",NULL,NULL,NULL,NULL
"20","Madhya Pradesh","1","A","BSF","G","ESM","3",7,7,7,NULL,NULL,NULL,NULL,"201G3",NULL,NULL,NULL,NULL,NULL,NULL,NULL,NULL
"20","Madhya Pradesh","1","A","BSF","G","OBC","6",11,11,11,NULL,NULL,NULL,NULL,"201G6","130.50481","37.75","16","2000-10-26",NULL,NULL,NULL,NULL
"20","Madhya Pradesh","1","A","BSF","G","UR","9",27,27,27,NULL,NULL,NULL,NULL,"201G9","128.66434","40","12","2004-07-02",NULL,NULL,NULL,NULL
"20","Madhya Pradesh","1","A","BSF","N","EWS","0",2,2,2,NULL,NULL,NULL,NULL,"201N0","45.42733","13.25","13","2002-07-18",NULL,NULL,NULL,NULL
"20","Madhya Pradesh","1","A","BSF","N","SC","1",3,3,3,NULL,NULL,NULL,NULL,"201N1","78.48961","25.25","14.5","2000-07-22",NULL,NULL,NULL,NULL
"20","Madhya Pradesh","1","A","BSF","N","ST","2",5,5,5,NULL,NULL,NULL,NULL,"201N2","96.22675","38","21.25","2000-11-26",NULL,NULL,NULL,NULL
"20","Madhya Pradesh","1","A","BSF","N","ESM","3",2,2,2,NULL,NULL,NULL,NULL,"201N3",NULL,NULL,NULL,NULL,NULL,NULL,NULL,NULL
"20","Madhya Pradesh","1","A","BSF","N","OBC","6",3,3,3,NULL,NULL,NULL,NULL,"201N6","114.9287","33.25","15.25","2000-06-16",NULL,NULL,NULL,NULL
"20","Madhya Pradesh","1","A","BSF","N","UR","9",9,9,9,NULL,NULL,NULL,NULL,"201N9","104.77253","24.25","17.5","2002-03-19",NULL,NULL,NULL,NULL
"20","Madhya Pradesh","1","B","CISF","G","EWS","0",5,5,5,NULL,NULL,NULL,NULL,"201G0","124.64455","37.75","13","2002-10-20",NULL,NULL,NULL,NULL
"20","Madhya Pradesh","1","B","CISF","G","SC","1",7,7,7,NULL,NULL,NULL,NULL,"201G1","116.68159","28.75","17.5","2002-08-18",NULL,NULL,NULL,NULL
"20","Madhya Pradesh","1","B","CISF","G","ST","2",10,10,10,NULL,NULL,NULL,NULL,"201G2","107.53725","33.25","10.75","2002-03-01",NULL,NULL,NULL,NULL
"20","Madhya Pradesh","1","B","CISF","G","ESM","3",5,5,5,NULL,NULL,NULL,NULL,"201G3",NULL,NULL,NULL,NULL,NULL,NULL,NULL,NULL
"20","Madhya Pradesh","1","B","CISF","G","OBC","6",7,7,7,NULL,NULL,NULL,NULL,"201G6","130.50481","37.75","16","2000-10-26",NULL,NULL,NULL,NULL
"20","Madhya Pradesh","1","B","CISF","G","UR","9",20,20,20,NULL,NULL,NULL,NULL,"201G9","128.66434","40","12","2004-07-02",NULL,NULL,NULL,NULL
"20","Madhya Pradesh","1","B","CISF","N","EWS","0",2,2,2,NULL,NULL,NULL,NULL,"201N0","45.42733","13.25","13","2002-07-18",NULL,NULL,NULL,NULL
"20","Madhya Pradesh","1","B","CISF","N","SC","1",2,2,2,NULL,NULL,NULL,NULL,"201N1","78.48961","25.25","14.5","2000-07-22",NULL,NULL,NULL,NULL
"20","Madhya Pradesh","1","B","CISF","N","ST","2",3,3,3,NULL,NULL,NULL,NULL,"201N2","96.22675","38","21.25","2000-11-26",NULL,NULL,NULL,NULL
"20","Madhya Pradesh","1","B","CISF","N","ESM","3",2,2,2,NULL,NULL,NULL,NULL,"201N3",NULL,NULL,NULL,NULL,NULL,NULL,NULL,NULL
"20","Madhya Pradesh","1","B","CISF","N","OBC","6",2,2,2,NULL,NULL,NULL,NULL,"201N6","114.9287","33.25","15.25","2000-06-16",NULL,NULL,NULL,NULL
"20","Madhya Pradesh","1","B","CISF","N","UR","9",6,6,6,NULL,NULL,NULL,NULL,"201N9","104.77253","24.25","17.5","2002-03-19",NULL,NULL,NULL,NULL
"20","Madhya Pradesh","1","C","CRPF","G","EWS","0",2,2,2,NULL,NULL,NULL,NULL,"201G0","124.64455","37.75","13","2002-10-20",NULL,NULL,NULL,NULL
"20","Madhya Pradesh","1","C","CRPF","G","SC","1",3,3,3,NULL,NULL,NULL,NULL,"201G1","116.68159","28.75","17.5","2002-08-18",NULL,NULL,NULL,NULL
"20","Madhya Pradesh","1","C","CRPF","G","ST","2",3,3,3,NULL,NULL,NULL,NULL,"201G2","107.53725","33.25","10.75","2002-03-01",NULL,NULL,NULL,NULL
"20","Madhya Pradesh","1","C","CRPF","G","ESM","3",2,2,2,NULL,NULL,NULL,NULL,"201G3",NULL,NULL,NULL,NULL,NULL,NULL,NULL,NULL
"20","Madhya Pradesh","1","C","CRPF","G","OBC","6",3,3,3,NULL,NULL,NULL,NULL,"201G6","130.50481","37.75","16","2000-10-26",NULL,NULL,NULL,NULL
"20","Madhya Pradesh","1","C","CRPF","G","UR","9",6,6,6,NULL,NULL,NULL,NULL,"201G9","128.66434","40","12","2004-07-02",NULL,NULL,NULL,NULL
"20","Madhya Pradesh","1","C","CRPF","N","EWS","0",1,1,1,NULL,NULL,NULL,NULL,"201N0","45.42733","13.25","13","2002-07-18",NULL,NULL,NULL,NULL
"20","Madhya Pradesh","1","C","CRPF","N","SC","1",1,1,1,NULL,NULL,NULL,NULL,"201N1","78.48961","25.25","14.5","2000-07-22",NULL,NULL,NULL,NULL
"20","Madhya Pradesh","1","C","CRPF","N","ST","2",1,1,1,NULL,NULL,NULL,NULL,"201N2","96.22675","38","21.25","2000-11-26",NULL,NULL,NULL,NULL
"20","Madhya Pradesh","1","C","CRPF","N","ESM","3",1,1,1,NULL,NULL,NULL,NULL,"201N3",NULL,NULL,NULL,NULL,NULL,NULL,NULL,NULL
"20","Madhya Pradesh","1","C","CRPF","N","OBC","6",1,1,1,NULL,NULL,NULL,NULL,"201N6","114.9287","33.25","15.25","2000-06-16",NULL,NULL,NULL,NULL
"20","Madhya Pradesh","1","C","CRPF","N","UR","9",2,2,2,NULL,NULL,NULL,NULL,"201N9","104.77253","24.25","17.5","2002-03-19",NULL,NULL,NULL,NULL
"20","Madhya Pradesh","1","E","ITBP","G","EWS","0",1,1,1,NULL,NULL,NULL,NULL,"201G0","124.64455","37.75","13","2002-10-20",NULL,NULL,NULL,NULL
"20","Madhya Pradesh","1","E","ITBP","G","SC","1",2,2,2,NULL,NULL,NULL,NULL,"201G1","116.68159","28.75","17.5","2002-08-18",NULL,NULL,NULL,NULL
"20","Madhya Pradesh","1","E","ITBP","G","ST","2",3,3,3,NULL,NULL,NULL,NULL,"201G2","107.53725","33.25","10.75","2002-03-01",NULL,NULL,NULL,NULL
"20","Madhya Pradesh","1","E","ITBP","G","ESM","3",1,1,1,NULL,NULL,NULL,NULL,"201G3",NULL,NULL,NULL,NULL,NULL,NULL,NULL,NULL
"20","Madhya Pradesh","1","E","ITBP","G","OBC","6",2,2,2,NULL,NULL,NULL,NULL,"201G6","130.50481","37.75","16","2000-10-26",NULL,NULL,NULL,NULL
"20","Madhya Pradesh","1","E","ITBP","G","UR","9",6,6,6,NULL,NULL,NULL,NULL,"201G9","128.66434","40","12","2004-07-02",NULL,NULL,NULL,NULL
"20","Madhya Pradesh","1","E","ITBP","N","SC","1",1,1,1,NULL,NULL,NULL,NULL,"201N1","78.48961","25.25","14.5","2000-07-22",NULL,NULL,NULL,NULL
"20","Madhya Pradesh","1","E","ITBP","N","ST","2",1,1,1,NULL,NULL,NULL,NULL,"201N2","96.22675","38","21.25","2000-11-26",NULL,NULL,NULL,NULL
"20","Madhya Pradesh","1","E","ITBP","N","ESM","3",1,1,1,NULL,NULL,NULL,NULL,"201N3",NULL,NULL,NULL,NULL,NULL,NULL,NULL,NULL
"20","Madhya Pradesh","1","E","ITBP","N","OBC","6",1,1,1,NULL,NULL,NULL,NULL,"201N6","114.9287","33.25","15.25","2000-06-16",NULL,NULL,NULL,NULL
"20","Madhya Pradesh","1","E","ITBP","N","UR","9",2,2,2,NULL,NULL,NULL,NULL,"201N9","104.77253","24.25","17.5","2002-03-19",NULL,NULL,NULL,NULL
"20","Madhya Pradesh","1","F","AR","G","ST","2",1,1,1,NULL,NULL,NULL,NULL,"201G2","107.53725","33.25","10.75","2002-03-01",NULL,NULL,NULL,NULL
"20","Madhya Pradesh","1","F","AR","G","OBC","6",1,1,1,NULL,NULL,NULL,NULL,"201G6","130.50481","37.75","16","2000-10-26",NULL,NULL,NULL,NULL
"20","Madhya Pradesh","1","F","AR","G","UR","9",1,1,1,NULL,NULL,NULL,NULL,"201G9","128.66434","40","12","2004-07-02",NULL,NULL,NULL,NULL
"20","Madhya Pradesh","1","F","AR","N","UR","9",1,1,1,NULL,NULL,NULL,NULL,"201N9","104.77253","24.25","17.5","2002-03-19",NULL,NULL,NULL,NULL
"20","Madhya Pradesh","2","A","BSF","G","EWS","0",40,40,40,NULL,NULL,NULL,NULL,"202G0","110.44786","31.75","28.75","2006-09-26",NULL,NULL,NULL,NULL
"20","Madhya Pradesh","2","A","BSF","G","SC","1",60,60,60,NULL,NULL,NULL,NULL,"202G1","113.84541","27","19.75","1999-10-09",NULL,NULL,NULL,NULL
"20","Madhya Pradesh","2","A","BSF","G","ST","2",80,80,80,NULL,NULL,NULL,NULL,"202G2","100.74623","33.25","13","2005-11-15",NULL,NULL,NULL,NULL
"20","Madhya Pradesh","2","A","BSF","G","ESM","3",40,40,40,NULL,NULL,NULL,NULL,"202G3","36.97539","6.25","8.5","1985-11-12",NULL,NULL,NULL,NULL
"20","Madhya Pradesh","2","A","BSF","G","OBC","6",60,60,60,NULL,NULL,NULL,NULL,"202G6","127.31295","35.5","22","2001-05-13",NULL,NULL,NULL,NULL
"20","Madhya Pradesh","2","A","BSF","G","UR","9",159,159,159,NULL,NULL,NULL,NULL,"202G9","120.95043","37.75","10.75","2005-10-15",NULL,NULL,NULL,NULL
"20","Madhya Pradesh","2","A","BSF","N","EWS","0",12,12,12,NULL,NULL,NULL,NULL,"202N0","66.32606","8.75","13","2004-06-21",NULL,NULL,NULL,NULL
"20","Madhya Pradesh","2","A","BSF","N","SC","1",19,19,19,NULL,NULL,NULL,NULL,"202N1","40.28808","4.75","2.75","1997-08-25",NULL,NULL,NULL,NULL
"20","Madhya Pradesh","2","A","BSF","N","ST","2",25,25,25,NULL,NULL,NULL,NULL,"202N2","84.2003","25.25","15.25","1998-03-23",NULL,NULL,NULL,NULL
"20","Madhya Pradesh","2","A","BSF","N","ESM","3",12,12,12,NULL,NULL,NULL,NULL,"202N3",NULL,NULL,NULL,NULL,NULL,NULL,NULL,NULL
"20","Madhya Pradesh","2","A","BSF","N","OBC","6",18,18,18,NULL,NULL,NULL,NULL,"202N6","91.28282","26.5","15.25","2000-07-14",NULL,NULL,NULL,NULL
"20","Madhya Pradesh","2","A","BSF","N","UR","9",50,50,50,NULL,NULL,NULL,NULL,"202N9","82.49581","28.75","8.5","2006-12-12",NULL,NULL,NULL,NULL
"20","Madhya Pradesh","2","B","CISF","G","EWS","0",44,44,44,NULL,NULL,NULL,NULL,"202G0","110.44786","31.75","28.75","2006-09-26",NULL,NULL,NULL,NULL
"20","Madhya Pradesh","2","B","CISF","G","SC","1",66,66,66,NULL,NULL,NULL,NULL,"202G1","113.84541","27","19.75","1999-10-09",NULL,NULL,NULL,NULL
"20","Madhya Pradesh","2","B","CISF","G","ST","2",89,89,89,NULL,NULL,NULL,NULL,"202G2","100.74623","33.25","13","2005-11-15",NULL,NULL,NULL,NULL
"20","Madhya Pradesh","2","B","CISF","G","ESM","3",44,44,44,NULL,NULL,NULL,NULL,"202G3","36.97539","6.25","8.5","1985-11-12",NULL,NULL,NULL,NULL
"20","Madhya Pradesh","2","B","CISF","G","OBC","6",66,66,66,NULL,NULL,NULL,NULL,"202G6","127.31295","35.5","22","2001-05-13",NULL,NULL,NULL,NULL
"20","Madhya Pradesh","2","B","CISF","G","UR","9",177,177,177,NULL,NULL,NULL,NULL,"202G9","120.95043","37.75","10.75","2005-10-15",NULL,NULL,NULL,NULL
"20","Madhya Pradesh","2","B","CISF","N","EWS","0",14,14,14,NULL,NULL,NULL,NULL,"202N0","66.32606","8.75","13","2004-06-21",NULL,NULL,NULL,NULL
"20","Madhya Pradesh","2","B","CISF","N","SC","1",21,21,21,NULL,NULL,NULL,NULL,"202N1","40.28808","4.75","2.75","1997-08-25",NULL,NULL,NULL,NULL
"20","Madhya Pradesh","2","B","CISF","N","ST","2",27,27,27,NULL,NULL,NULL,NULL,"202N2","84.2003","25.25","15.25","1998-03-23",NULL,NULL,NULL,NULL
"20","Madhya Pradesh","2","B","CISF","N","ESM","3",14,14,14,NULL,NULL,NULL,NULL,"202N3",NULL,NULL,NULL,NULL,NULL,NULL,NULL,NULL
"20","Madhya Pradesh","2","B","CISF","N","OBC","6",21,21,21,NULL,NULL,NULL,NULL,"202N6","91.28282","26.5","15.25","2000-07-14",NULL,NULL,NULL,NULL
"20","Madhya Pradesh","2","B","CISF","N","UR","9",55,55,55,NULL,NULL,NULL,NULL,"202N9","82.49581","28.75","8.5","2006-12-12",NULL,NULL,NULL,NULL
"20","Madhya Pradesh","2","C","CRPF","G","EWS","0",41,41,41,NULL,NULL,NULL,NULL,"202G0","110.44786","31.75","28.75","2006-09-26",NULL,NULL,NULL,NULL
"20","Madhya Pradesh","2","C","CRPF","G","SC","1",62,62,62,NULL,NULL,NULL,NULL,"202G1","113.84541","27","19.75","1999-10-09",NULL,NULL,NULL,NULL
"20","Madhya Pradesh","2","C","CRPF","G","ST","2",82,82,82,NULL,NULL,NULL,NULL,"202G2","100.74623","33.25","13","2005-11-15",NULL,NULL,NULL,NULL
"20","Madhya Pradesh","2","C","CRPF","G","ESM","3",41,41,41,NULL,NULL,NULL,NULL,"202G3","36.97539","6.25","8.5","1985-11-12",NULL,NULL,NULL,NULL
"20","Madhya Pradesh","2","C","CRPF","G","OBC","6",62,62,62,NULL,NULL,NULL,NULL,"202G6","127.31295","35.5","22","2001-05-13",NULL,NULL,NULL,NULL
"20","Madhya Pradesh","2","C","CRPF","G","UR","9",165,165,165,NULL,NULL,NULL,NULL,"202G9","120.95043","37.75","10.75","2005-10-15",NULL,NULL,NULL,NULL
"20","Madhya Pradesh","2","C","CRPF","N","EWS","0",13,13,13,NULL,NULL,NULL,NULL,"202N0","66.32606","8.75","13","2004-06-21",NULL,NULL,NULL,NULL
"20","Madhya Pradesh","2","C","CRPF","N","SC","1",19,19,19,NULL,NULL,NULL,NULL,"202N1","40.28808","4.75","2.75","1997-08-25",NULL,NULL,NULL,NULL
"20","Madhya Pradesh","2","C","CRPF","N","ST","2",26,26,26,NULL,NULL,NULL,NULL,"202N2","84.2003","25.25","15.25","1998-03-23",NULL,NULL,NULL,NULL
"20","Madhya Pradesh","2","C","CRPF","N","ESM","3",13,13,13,NULL,NULL,NULL,NULL,"202N3",NULL,NULL,NULL,NULL,NULL,NULL,NULL,NULL
"20","Madhya Pradesh","2","C","CRPF","N","OBC","6",19,19,19,NULL,NULL,NULL,NULL,"202N6","91.28282","26.5","15.25","2000-07-14",NULL,NULL,NULL,NULL
"20","Madhya Pradesh","2","C","CRPF","N","UR","9",51,51,51,NULL,NULL,NULL,NULL,"202N9","82.49581","28.75","8.5","2006-12-12",NULL,NULL,NULL,NULL
"20","Madhya Pradesh","2","D","SSB","G","EWS","0",3,3,3,NULL,NULL,NULL,NULL,"202G0","110.44786","31.75","28.75","2006-09-26",NULL,NULL,NULL,NULL
"20","Madhya Pradesh","2","D","SSB","G","SC","1",4,4,4,NULL,NULL,NULL,NULL,"202G1","113.84541","27","19.75","1999-10-09",NULL,NULL,NULL,NULL
"20","Madhya Pradesh","2","D","SSB","G","ST","2",5,5,5,NULL,NULL,NULL,NULL,"202G2","100.74623","33.25","13","2005-11-15",NULL,NULL,NULL,NULL
"20","Madhya Pradesh","2","D","SSB","G","ESM","3",3,3,3,NULL,NULL,NULL,NULL,"202G3","36.97539","6.25","8.5","1985-11-12",NULL,NULL,NULL,NULL
"20","Madhya Pradesh","2","D","SSB","G","OBC","6",3,3,3,NULL,NULL,NULL,NULL,"202G6","127.31295","35.5","22","2001-05-13",NULL,NULL,NULL,NULL
"20","Madhya Pradesh","2","D","SSB","G","UR","9",10,10,10,NULL,NULL,NULL,NULL,"202G9","120.95043","37.75","10.75","2005-10-15",NULL,NULL,NULL,NULL
"20","Madhya Pradesh","2","D","SSB","N","EWS","0",1,1,1,NULL,NULL,NULL,NULL,"202N0","66.32606","8.75","13","2004-06-21",NULL,NULL,NULL,NULL
"20","Madhya Pradesh","2","D","SSB","N","SC","1",1,1,1,NULL,NULL,NULL,NULL,"202N1","40.28808","4.75","2.75","1997-08-25",NULL,NULL,NULL,NULL
"20","Madhya Pradesh","2","D","SSB","N","ST","2",2,2,2,NULL,NULL,NULL,NULL,"202N2","84.2003","25.25","15.25","1998-03-23",NULL,NULL,NULL,NULL
"20","Madhya Pradesh","2","D","SSB","N","ESM","3",1,1,1,NULL,NULL,NULL,NULL,"202N3",NULL,NULL,NULL,NULL,NULL,NULL,NULL,NULL
"20","Madhya Pradesh","2","D","SSB","N","OBC","6",1,1,1,NULL,NULL,NULL,NULL,"202N6","91.28282","26.5","15.25","2000-07-14",NULL,NULL,NULL,NULL
"20","Madhya Pradesh","2","D","SSB","N","UR","9",3,3,3,NULL,NULL,NULL,NULL,"202N9","82.49581","28.75","8.5","2006-12-12",NULL,NULL,NULL,NULL
"20","Madhya Pradesh","2","E","ITBP","G","EWS","0",8,8,8,NULL,NULL,NULL,NULL,"202G0","110.44786","31.75","28.75","2006-09-26",NULL,NULL,NULL,NULL
"20","Madhya Pradesh","2","E","ITBP","G","SC","1",12,12,12,NULL,NULL,NULL,NULL,"202G1","113.84541","27","19.75","1999-10-09",NULL,NULL,NULL,NULL
"20","Madhya Pradesh","2","E","ITBP","G","ST","2",15,15,15,NULL,NULL,NULL,NULL,"202G2","100.74623","33.25","13","2005-11-15",NULL,NULL,NULL,NULL
"20","Madhya Pradesh","2","E","ITBP","G","ESM","3",8,8,8,NULL,NULL,NULL,NULL,"202G3","36.97539","6.25","8.5","1985-11-12",NULL,NULL,NULL,NULL
"20","Madhya Pradesh","2","E","ITBP","G","OBC","6",12,12,12,NULL,NULL,NULL,NULL,"202G6","127.31295","35.5","22","2001-05-13",NULL,NULL,NULL,NULL
"20","Madhya Pradesh","2","E","ITBP","G","UR","9",30,30,30,NULL,NULL,NULL,NULL,"202G9","120.95043","37.75","10.75","2005-10-15",NULL,NULL,NULL,NULL
"20","Madhya Pradesh","2","E","ITBP","N","EWS","0",3,3,3,NULL,NULL,NULL,NULL,"202N0","66.32606","8.75","13","2004-06-21",NULL,NULL,NULL,NULL
"20","Madhya Pradesh","2","E","ITBP","N","SC","1",4,4,4,NULL,NULL,NULL,NULL,"202N1","40.28808","4.75","2.75","1997-08-25",NULL,NULL,NULL,NULL
"20","Madhya Pradesh","2","E","ITBP","N","ST","2",5,5,5,NULL,NULL,NULL,NULL,"202N2","84.2003","25.25","15.25","1998-03-23",NULL,NULL,NULL,NULL
"20","Madhya Pradesh","2","E","ITBP","N","ESM","3",3,3,3,NULL,NULL,NULL,NULL,"202N3",NULL,NULL,NULL,NULL,NULL,NULL,NULL,NULL
"20","Madhya Pradesh","2","E","ITBP","N","OBC","6",4,4,4,NULL,NULL,NULL,NULL,"202N6","91.28282","26.5","15.25","2000-07-14",NULL,NULL,NULL,NULL
"20","Madhya Pradesh","2","E","ITBP","N","UR","9",9,9,9,NULL,NULL,NULL,NULL,"202N9","82.49581","28.75","8.5","2006-12-12",NULL,NULL,NULL,NULL
"20","Madhya Pradesh","2","F","AR","G","EWS","0",3,3,3,NULL,NULL,NULL,NULL,"202G0","110.44786","31.75","28.75","2006-09-26",NULL,NULL,NULL,NULL
"20","Madhya Pradesh","2","F","AR","G","SC","1",5,5,5,NULL,NULL,NULL,NULL,"202G1","113.84541","27","19.75","1999-10-09",NULL,NULL,NULL,NULL
"20","Madhya Pradesh","2","F","AR","G","ST","2",7,7,7,NULL,NULL,NULL,NULL,"202G2","100.74623","33.25","13","2005-11-15",NULL,NULL,NULL,NULL
"20","Madhya Pradesh","2","F","AR","G","ESM","3",3,3,3,NULL,NULL,NULL,NULL,"202G3","36.97539","6.25","8.5","1985-11-12",NULL,NULL,NULL,NULL
"20","Madhya Pradesh","2","F","AR","G","OBC","6",5,5,5,NULL,NULL,NULL,NULL,"202G6","127.31295","35.5","22","2001-05-13",NULL,NULL,NULL,NULL
"20","Madhya Pradesh","2","F","AR","G","UR","9",14,14,14,NULL,NULL,NULL,NULL,"202G9","120.95043","37.75","10.75","2005-10-15",NULL,NULL,NULL,NULL
"20","Madhya Pradesh","2","F","AR","N","EWS","0",1,1,1,NULL,NULL,NULL,NULL,"202N0","66.32606","8.75","13","2004-06-21",NULL,NULL,NULL,NULL
"20","Madhya Pradesh","2","F","AR","N","SC","1",2,2,2,NULL,NULL,NULL,NULL,"202N1","40.28808","4.75","2.75","1997-08-25",NULL,NULL,NULL,NULL
"20","Madhya Pradesh","2","F","AR","N","ST","2",2,2,2,NULL,NULL,NULL,NULL,"202N2","84.2003","25.25","15.25","1998-03-23",NULL,NULL,NULL,NULL
"20","Madhya Pradesh","2","F","AR","N","ESM","3",1,1,1,NULL,NULL,NULL,NULL,"202N3",NULL,NULL,NULL,NULL,NULL,NULL,NULL,NULL
"20","Madhya Pradesh","2","F","AR","N","OBC","6",2,2,2,NULL,NULL,NULL,NULL,"202N6","91.28282","26.5","15.25","2000-07-14",NULL,NULL,NULL,NULL
"20","Madhya Pradesh","2","F","AR","N","UR","9",4,4,4,NULL,NULL,NULL,NULL,"202N9","82.49581","28.75","8.5","2006-12-12",NULL,NULL,NULL,NULL
"21","Maharashtra","1","A","BSF","G","EWS","0",11,11,11,NULL,NULL,NULL,NULL,"211G0","90.19945","35.5","6.25","2003-06-06",NULL,NULL,NULL,NULL
"21","Maharashtra","1","A","BSF","G","SC","1",11,11,11,NULL,NULL,NULL,NULL,"211G1","89.11299","27.5","23.5","2002-09-28",NULL,NULL,NULL,NULL
"21","Maharashtra","1","A","BSF","G","ST","2",10,10,10,NULL,NULL,NULL,NULL,"211G2","86.79234","33.25","17.5","2001-07-19",NULL,NULL,NULL,NULL
"21","Maharashtra","1","A","BSF","G","ESM","3",11,11,11,NULL,NULL,NULL,NULL,"211G3",NULL,NULL,NULL,NULL,NULL,NULL,NULL,NULL
"21","Maharashtra","1","A","BSF","G","OBC","6",29,29,29,NULL,NULL,NULL,NULL,"211G6","91.68138","19.75","18.5","2006-08-24",NULL,NULL,NULL,NULL
"21","Maharashtra","1","A","BSF","G","UR","9",48,48,48,NULL,NULL,NULL,NULL,"211G9","94.7103","33.75","12.5","2003-11-10",NULL,NULL,NULL,NULL
"21","Maharashtra","1","A","BSF","N","EWS","0",1,1,1,NULL,NULL,NULL,NULL,"211N0","89.71197","31","10.75","2006-05-22",NULL,NULL,NULL,NULL
"21","Maharashtra","1","A","BSF","N","SC","1",2,2,2,NULL,NULL,NULL,NULL,"211N1","83.23919","23","13","1999-11-09",NULL,NULL,NULL,NULL
"21","Maharashtra","1","A","BSF","N","ST","2",1,1,1,NULL,NULL,NULL,NULL,"211N2","88.98829","29.75","13","2003-11-18",NULL,NULL,NULL,NULL
"21","Maharashtra","1","A","BSF","N","ESM","3",2,2,2,NULL,NULL,NULL,NULL,"211N3",NULL,NULL,NULL,NULL,NULL,NULL,NULL,NULL
"21","Maharashtra","1","A","BSF","N","OBC","6",4,4,4,NULL,NULL,NULL,NULL,"211N6","91.16203","28.75","15.25","2004-10-01",NULL,NULL,NULL,NULL
"21","Maharashtra","1","A","BSF","N","UR","9",7,7,7,NULL,NULL,NULL,NULL,"211N9","92.83383","33.5","11","2005-10-24",NULL,NULL,NULL,NULL
"21","Maharashtra","1","B","CISF","G","EWS","0",8,8,8,NULL,NULL,NULL,NULL,"211G0","90.19945","35.5","6.25","2003-06-06",NULL,NULL,NULL,NULL
"21","Maharashtra","1","B","CISF","G","SC","1",8,8,8,NULL,NULL,NULL,NULL,"211G1","89.11299","27.5","23.5","2002-09-28",NULL,NULL,NULL,NULL
"21","Maharashtra","1","B","CISF","G","ST","2",7,7,7,NULL,NULL,NULL,NULL,"211G2","86.79234","33.25","17.5","2001-07-19",NULL,NULL,NULL,NULL
"21","Maharashtra","1","B","CISF","G","ESM","3",8,8,8,NULL,NULL,NULL,NULL,"211G3",NULL,NULL,NULL,NULL,NULL,NULL,NULL,NULL
"21","Maharashtra","1","B","CISF","G","OBC","6",20,20,20,NULL,NULL,NULL,NULL,"211G6","91.68138","19.75","18.5","2006-08-24",NULL,NULL,NULL,NULL
"21","Maharashtra","1","B","CISF","G","UR","9",33,33,33,NULL,NULL,NULL,NULL,"211G9","94.7103","33.75","12.5","2003-11-10",NULL,NULL,NULL,NULL
"21","Maharashtra","1","B","CISF","N","EWS","0",1,1,1,NULL,NULL,NULL,NULL,"211N0","89.71197","31","10.75","2006-05-22",NULL,NULL,NULL,NULL
"21","Maharashtra","1","B","CISF","N","SC","1",1,1,1,NULL,NULL,NULL,NULL,"211N1","83.23919","23","13","1999-11-09",NULL,NULL,NULL,NULL
"21","Maharashtra","1","B","CISF","N","ST","2",1,1,1,NULL,NULL,NULL,NULL,"211N2","88.98829","29.75","13","2003-11-18",NULL,NULL,NULL,NULL
"21","Maharashtra","1","B","CISF","N","ESM","3",1,1,1,NULL,NULL,NULL,NULL,"211N3",NULL,NULL,NULL,NULL,NULL,NULL,NULL,NULL
"21","Maharashtra","1","B","CISF","N","OBC","6",3,3,3,NULL,NULL,NULL,NULL,"211N6","91.16203","28.75","15.25","2004-10-01",NULL,NULL,NULL,NULL
"21","Maharashtra","1","B","CISF","N","UR","9",5,5,5,NULL,NULL,NULL,NULL,"211N9","92.83383","33.5","11","2005-10-24",NULL,NULL,NULL,NULL
"21","Maharashtra","1","C","CRPF","G","EWS","0",3,3,3,NULL,NULL,NULL,NULL,"211G0","90.19945","35.5","6.25","2003-06-06",NULL,NULL,NULL,NULL
"21","Maharashtra","1","C","CRPF","G","SC","1",3,3,3,NULL,NULL,NULL,NULL,"211G1","89.11299","27.5","23.5","2002-09-28",NULL,NULL,NULL,NULL
"21","Maharashtra","1","C","CRPF","G","ST","2",2,2,2,NULL,NULL,NULL,NULL,"211G2","86.79234","33.25","17.5","2001-07-19",NULL,NULL,NULL,NULL
"21","Maharashtra","1","C","CRPF","G","ESM","3",3,3,3,NULL,NULL,NULL,NULL,"211G3",NULL,NULL,NULL,NULL,NULL,NULL,NULL,NULL
"21","Maharashtra","1","C","CRPF","G","OBC","6",7,7,7,NULL,NULL,NULL,NULL,"211G6","91.68138","19.75","18.5","2006-08-24",NULL,NULL,NULL,NULL
"21","Maharashtra","1","C","CRPF","G","UR","9",12,12,12,NULL,NULL,NULL,NULL,"211G9","94.7103","33.75","12.5","2003-11-10",NULL,NULL,NULL,NULL
"21","Maharashtra","1","C","CRPF","N","OBC","6",1,1,1,NULL,NULL,NULL,NULL,"211N6","91.16203","28.75","15.25","2004-10-01",NULL,NULL,NULL,NULL
"21","Maharashtra","1","C","CRPF","N","UR","9",3,3,3,NULL,NULL,NULL,NULL,"211N9","92.83383","33.5","11","2005-10-24",NULL,NULL,NULL,NULL
"21","Maharashtra","1","E","ITBP","G","EWS","0",2,2,2,NULL,NULL,NULL,NULL,"211G0","90.19945","35.5","6.25","2003-06-06",NULL,NULL,NULL,NULL
"21","Maharashtra","1","E","ITBP","G","SC","1",3,3,3,NULL,NULL,NULL,NULL,"211G1","89.11299","27.5","23.5","2002-09-28",NULL,NULL,NULL,NULL
"21","Maharashtra","1","E","ITBP","G","ST","2",2,2,2,NULL,NULL,NULL,NULL,"211G2","86.79234","33.25","17.5","2001-07-19",NULL,NULL,NULL,NULL
"21","Maharashtra","1","E","ITBP","G","ESM","3",2,2,2,NULL,NULL,NULL,NULL,"211G3",NULL,NULL,NULL,NULL,NULL,NULL,NULL,NULL
"21","Maharashtra","1","E","ITBP","G","OBC","6",6,6,6,NULL,NULL,NULL,NULL,"211G6","91.68138","19.75","18.5","2006-08-24",NULL,NULL,NULL,NULL
"21","Maharashtra","1","E","ITBP","G","UR","9",10,10,10,NULL,NULL,NULL,NULL,"211G9","94.7103","33.75","12.5","2003-11-10",NULL,NULL,NULL,NULL
"21","Maharashtra","1","E","ITBP","N","OBC","6",1,1,1,NULL,NULL,NULL,NULL,"211N6","91.16203","28.75","15.25","2004-10-01",NULL,NULL,NULL,NULL
"21","Maharashtra","1","E","ITBP","N","UR","9",2,2,2,NULL,NULL,NULL,NULL,"211N9","92.83383","33.5","11","2005-10-24",NULL,NULL,NULL,NULL
"21","Maharashtra","1","F","AR","G","EWS","0",1,1,1,NULL,NULL,NULL,NULL,"211G0","90.19945","35.5","6.25","2003-06-06",NULL,NULL,NULL,NULL
"21","Maharashtra","1","F","AR","G","SC","1",1,1,1,NULL,NULL,NULL,NULL,"211G1","89.11299","27.5","23.5","2002-09-28",NULL,NULL,NULL,NULL
"21","Maharashtra","1","F","AR","G","ESM","3",1,1,1,NULL,NULL,NULL,NULL,"211G3",NULL,NULL,NULL,NULL,NULL,NULL,NULL,NULL
"21","Maharashtra","1","F","AR","G","OBC","6",1,1,1,NULL,NULL,NULL,NULL,"211G6","91.68138","19.75","18.5","2006-08-24",NULL,NULL,NULL,NULL
"21","Maharashtra","1","F","AR","G","UR","9",2,2,2,NULL,NULL,NULL,NULL,"211G9","94.7103","33.75","12.5","2003-11-10",NULL,NULL,NULL,NULL
"21","Maharashtra","1","F","AR","N","UR","9",1,1,1,NULL,NULL,NULL,NULL,"211N9","92.83383","33.5","11","2005-10-24",NULL,NULL,NULL,NULL
"21","Maharashtra","2","A","BSF","G","EWS","0",62,62,62,NULL,NULL,NULL,NULL,"212G0","100.52501","35.5","19.75","2003-06-21",NULL,NULL,NULL,NULL
"21","Maharashtra","2","A","BSF","G","SC","1",62,62,62,NULL,NULL,NULL,NULL,"212G1","96.31764","31.25","14","2004-09-24",NULL,NULL,NULL,NULL
"21","Maharashtra","2","A","BSF","G","ST","2",55,55,55,NULL,NULL,NULL,NULL,"212G2","89.11722","33.25","6.25","2001-07-15",NULL,NULL,NULL,NULL
"21","Maharashtra","2","A","BSF","G","ESM","3",62,62,62,NULL,NULL,NULL,NULL,"212G3","32.85845","3","6.75","1984-06-16",NULL,NULL,NULL,NULL
"21","Maharashtra","2","A","BSF","G","OBC","6",167,167,167,NULL,NULL,NULL,NULL,"212G6","102.85237","35.5","4","2000-02-22",NULL,NULL,NULL,NULL
"21","Maharashtra","2","A","BSF","G","UR","9",271,271,271,NULL,NULL,NULL,NULL,"212G9","103.4764","29.75","18","2004-11-06",NULL,NULL,NULL,NULL
"21","Maharashtra","2","A","BSF","N","EWS","0",8,8,8,NULL,NULL,NULL,NULL,"212N0","47.74809","8.5","8.5","2003-08-30",NULL,NULL,NULL,NULL
"21","Maharashtra","2","A","BSF","N","SC","1",9,9,9,NULL,NULL,NULL,NULL,"212N1","54.73558","9.75","14","2004-12-23",NULL,NULL,NULL,NULL
"37","Ladakh","1","A","BSF","N","OBC","6",1,1,1,NULL,NULL,NULL,NULL,"371N6",NULL,NULL,NULL,NULL,NULL,NULL,NULL,NULL
"21","Maharashtra","2","A","BSF","N","ST","2",8,8,8,NULL,NULL,NULL,NULL,"212N2","86.01556","31","1.75","2001-01-03",NULL,NULL,NULL,NULL
"21","Maharashtra","2","A","BSF","N","ESM","3",9,9,9,NULL,NULL,NULL,NULL,"212N3",NULL,NULL,NULL,NULL,NULL,NULL,NULL,NULL
"21","Maharashtra","2","A","BSF","N","OBC","6",23,23,23,NULL,NULL,NULL,NULL,"212N6","81.03277","28.75","10.75","2003-02-07",NULL,NULL,NULL,NULL
"21","Maharashtra","2","A","BSF","N","UR","9",37,37,37,NULL,NULL,NULL,NULL,"212N9","81.61957","35.5","14.25","2002-04-29",NULL,NULL,NULL,NULL
"21","Maharashtra","2","B","CISF","G","EWS","0",68,68,68,NULL,NULL,NULL,NULL,"212G0","100.52501","35.5","19.75","2003-06-21",NULL,NULL,NULL,NULL
"21","Maharashtra","2","B","CISF","G","SC","1",68,68,68,NULL,NULL,NULL,NULL,"212G1","96.31764","31.25","14","2004-09-24",NULL,NULL,NULL,NULL
"21","Maharashtra","2","B","CISF","G","ST","2",62,62,62,NULL,NULL,NULL,NULL,"212G2","89.11722","33.25","6.25","2001-07-15",NULL,NULL,NULL,NULL
"21","Maharashtra","2","B","CISF","G","ESM","3",68,68,68,NULL,NULL,NULL,NULL,"212G3","32.85845","3","6.75","1984-06-16",NULL,NULL,NULL,NULL
"21","Maharashtra","2","B","CISF","G","OBC","6",185,185,185,NULL,NULL,NULL,NULL,"212G6","102.85237","35.5","4","2000-02-22",NULL,NULL,NULL,NULL
"21","Maharashtra","2","B","CISF","G","UR","9",301,301,301,NULL,NULL,NULL,NULL,"212G9","103.4764","29.75","18","2004-11-06",NULL,NULL,NULL,NULL
"21","Maharashtra","2","B","CISF","N","EWS","0",9,9,9,NULL,NULL,NULL,NULL,"212N0","47.74809","8.5","8.5","2003-08-30",NULL,NULL,NULL,NULL
"21","Maharashtra","2","B","CISF","N","SC","1",9,9,9,NULL,NULL,NULL,NULL,"212N1","54.73558","9.75","14","2004-12-23",NULL,NULL,NULL,NULL
"21","Maharashtra","2","B","CISF","N","ST","2",9,9,9,NULL,NULL,NULL,NULL,"212N2","86.01556","31","1.75","2001-01-03",NULL,NULL,NULL,NULL
"21","Maharashtra","2","B","CISF","N","ESM","3",10,10,10,NULL,NULL,NULL,NULL,"212N3",NULL,NULL,NULL,NULL,NULL,NULL,NULL,NULL
"21","Maharashtra","2","B","CISF","N","OBC","6",26,26,26,NULL,NULL,NULL,NULL,"212N6","81.03277","28.75","10.75","2003-02-07",NULL,NULL,NULL,NULL
"21","Maharashtra","2","B","CISF","N","UR","9",42,42,42,NULL,NULL,NULL,NULL,"212N9","81.61957","35.5","14.25","2002-04-29",NULL,NULL,NULL,NULL
"21","Maharashtra","2","C","CRPF","G","EWS","0",64,64,64,NULL,NULL,NULL,NULL,"212G0","100.52501","35.5","19.75","2003-06-21",NULL,NULL,NULL,NULL
"21","Maharashtra","2","C","CRPF","G","SC","1",64,64,64,NULL,NULL,NULL,NULL,"212G1","96.31764","31.25","14","2004-09-24",NULL,NULL,NULL,NULL
"21","Maharashtra","2","C","CRPF","G","ST","2",57,57,57,NULL,NULL,NULL,NULL,"212G2","89.11722","33.25","6.25","2001-07-15",NULL,NULL,NULL,NULL
"21","Maharashtra","2","C","CRPF","G","ESM","3",64,64,64,NULL,NULL,NULL,NULL,"212G3","32.85845","3","6.75","1984-06-16",NULL,NULL,NULL,NULL
"21","Maharashtra","2","C","CRPF","G","OBC","6",172,172,172,NULL,NULL,NULL,NULL,"212G6","102.85237","35.5","4","2000-02-22",NULL,NULL,NULL,NULL
"21","Maharashtra","2","C","CRPF","G","UR","9",281,281,281,NULL,NULL,NULL,NULL,"212G9","103.4764","29.75","18","2004-11-06",NULL,NULL,NULL,NULL
"21","Maharashtra","2","C","CRPF","N","EWS","0",9,9,9,NULL,NULL,NULL,NULL,"212N0","47.74809","8.5","8.5","2003-08-30",NULL,NULL,NULL,NULL
"21","Maharashtra","2","C","CRPF","N","SC","1",9,9,9,NULL,NULL,NULL,NULL,"212N1","54.73558","9.75","14","2004-12-23",NULL,NULL,NULL,NULL
"21","Maharashtra","2","C","CRPF","N","ST","2",8,8,8,NULL,NULL,NULL,NULL,"212N2","86.01556","31","1.75","2001-01-03",NULL,NULL,NULL,NULL
"21","Maharashtra","2","C","CRPF","N","ESM","3",9,9,9,NULL,NULL,NULL,NULL,"212N3",NULL,NULL,NULL,NULL,NULL,NULL,NULL,NULL
"21","Maharashtra","2","C","CRPF","N","OBC","6",24,24,24,NULL,NULL,NULL,NULL,"212N6","81.03277","28.75","10.75","2003-02-07",NULL,NULL,NULL,NULL
"21","Maharashtra","2","C","CRPF","N","UR","9",39,39,39,NULL,NULL,NULL,NULL,"212N9","81.61957","35.5","14.25","2002-04-29",NULL,NULL,NULL,NULL
"21","Maharashtra","2","D","SSB","G","EWS","0",4,4,4,NULL,NULL,NULL,NULL,"212G0","100.52501","35.5","19.75","2003-06-21",NULL,NULL,NULL,NULL
"21","Maharashtra","2","D","SSB","G","SC","1",4,4,4,NULL,NULL,NULL,NULL,"212G1","96.31764","31.25","14","2004-09-24",NULL,NULL,NULL,NULL
"21","Maharashtra","2","D","SSB","G","ST","2",3,3,3,NULL,NULL,NULL,NULL,"212G2","89.11722","33.25","6.25","2001-07-15",NULL,NULL,NULL,NULL
"21","Maharashtra","2","D","SSB","G","ESM","3",4,4,4,NULL,NULL,NULL,NULL,"212G3","32.85845","3","6.75","1984-06-16",NULL,NULL,NULL,NULL
"21","Maharashtra","2","D","SSB","G","OBC","6",10,10,10,NULL,NULL,NULL,NULL,"212G6","102.85237","35.5","4","2000-02-22",NULL,NULL,NULL,NULL
"21","Maharashtra","2","D","SSB","G","UR","9",17,17,17,NULL,NULL,NULL,NULL,"212G9","103.4764","29.75","18","2004-11-06",NULL,NULL,NULL,NULL
"21","Maharashtra","2","D","SSB","N","EWS","0",1,1,1,NULL,NULL,NULL,NULL,"212N0","47.74809","8.5","8.5","2003-08-30",NULL,NULL,NULL,NULL
"21","Maharashtra","2","D","SSB","N","SC","1",1,1,1,NULL,NULL,NULL,NULL,"212N1","54.73558","9.75","14","2004-12-23",NULL,NULL,NULL,NULL
"21","Maharashtra","2","D","SSB","N","ESM","3",1,1,1,NULL,NULL,NULL,NULL,"212N3",NULL,NULL,NULL,NULL,NULL,NULL,NULL,NULL
"21","Maharashtra","2","D","SSB","N","OBC","6",1,1,1,NULL,NULL,NULL,NULL,"212N6","81.03277","28.75","10.75","2003-02-07",NULL,NULL,NULL,NULL
"21","Maharashtra","2","D","SSB","N","UR","9",2,2,2,NULL,NULL,NULL,NULL,"212N9","81.61957","35.5","14.25","2002-04-29",NULL,NULL,NULL,NULL
"21","Maharashtra","2","E","ITBP","G","EWS","0",12,12,12,NULL,NULL,NULL,NULL,"212G0","100.52501","35.5","19.75","2003-06-21",NULL,NULL,NULL,NULL
"21","Maharashtra","2","E","ITBP","G","SC","1",12,12,12,NULL,NULL,NULL,NULL,"212G1","96.31764","31.25","14","2004-09-24",NULL,NULL,NULL,NULL
"21","Maharashtra","2","E","ITBP","G","ST","2",11,11,11,NULL,NULL,NULL,NULL,"212G2","89.11722","33.25","6.25","2001-07-15",NULL,NULL,NULL,NULL
"21","Maharashtra","2","E","ITBP","G","ESM","3",12,12,12,NULL,NULL,NULL,NULL,"212G3","32.85845","3","6.75","1984-06-16",NULL,NULL,NULL,NULL
"21","Maharashtra","2","E","ITBP","G","OBC","6",32,32,32,NULL,NULL,NULL,NULL,"212G6","102.85237","35.5","4","2000-02-22",NULL,NULL,NULL,NULL
"21","Maharashtra","2","E","ITBP","G","UR","9",52,52,52,NULL,NULL,NULL,NULL,"212G9","103.4764","29.75","18","2004-11-06",NULL,NULL,NULL,NULL
"21","Maharashtra","2","E","ITBP","N","EWS","0",2,2,2,NULL,NULL,NULL,NULL,"212N0","47.74809","8.5","8.5","2003-08-30",NULL,NULL,NULL,NULL
"21","Maharashtra","2","E","ITBP","N","SC","1",2,2,2,NULL,NULL,NULL,NULL,"212N1","54.73558","9.75","14","2004-12-23",NULL,NULL,NULL,NULL
"21","Maharashtra","2","E","ITBP","N","ST","2",1,1,1,NULL,NULL,NULL,NULL,"212N2","86.01556","31","1.75","2001-01-03",NULL,NULL,NULL,NULL
"21","Maharashtra","2","E","ITBP","N","ESM","3",2,2,2,NULL,NULL,NULL,NULL,"212N3",NULL,NULL,NULL,NULL,NULL,NULL,NULL,NULL
"21","Maharashtra","2","E","ITBP","N","OBC","6",5,5,5,NULL,NULL,NULL,NULL,"212N6","81.03277","28.75","10.75","2003-02-07",NULL,NULL,NULL,NULL
"21","Maharashtra","2","E","ITBP","N","UR","9",7,7,7,NULL,NULL,NULL,NULL,"212N9","81.61957","35.5","14.25","2002-04-29",NULL,NULL,NULL,NULL
"21","Maharashtra","2","F","AR","G","EWS","0",5,5,5,NULL,NULL,NULL,NULL,"212G0","100.52501","35.5","19.75","2003-06-21",NULL,NULL,NULL,NULL
"21","Maharashtra","2","F","AR","G","SC","1",5,5,5,NULL,NULL,NULL,NULL,"212G1","96.31764","31.25","14","2004-09-24",NULL,NULL,NULL,NULL
"21","Maharashtra","2","F","AR","G","ST","2",5,5,5,NULL,NULL,NULL,NULL,"212G2","89.11722","33.25","6.25","2001-07-15",NULL,NULL,NULL,NULL
"21","Maharashtra","2","F","AR","G","ESM","3",5,5,5,NULL,NULL,NULL,NULL,"212G3","32.85845","3","6.75","1984-06-16",NULL,NULL,NULL,NULL
"21","Maharashtra","2","F","AR","G","OBC","6",14,14,14,NULL,NULL,NULL,NULL,"212G6","102.85237","35.5","4","2000-02-22",NULL,NULL,NULL,NULL
"21","Maharashtra","2","F","AR","G","UR","9",24,24,24,NULL,NULL,NULL,NULL,"212G9","103.4764","29.75","18","2004-11-06",NULL,NULL,NULL,NULL
"21","Maharashtra","2","F","AR","N","EWS","0",1,1,1,NULL,NULL,NULL,NULL,"212N0","47.74809","8.5","8.5","2003-08-30",NULL,NULL,NULL,NULL
"21","Maharashtra","2","F","AR","N","SC","1",1,1,1,NULL,NULL,NULL,NULL,"212N1","54.73558","9.75","14","2004-12-23",NULL,NULL,NULL,NULL
"21","Maharashtra","2","F","AR","N","ST","2",1,1,1,NULL,NULL,NULL,NULL,"212N2","86.01556","31","1.75","2001-01-03",NULL,NULL,NULL,NULL
"21","Maharashtra","2","F","AR","N","ESM","3",1,1,1,NULL,NULL,NULL,NULL,"212N3",NULL,NULL,NULL,NULL,NULL,NULL,NULL,NULL
"21","Maharashtra","2","F","AR","N","OBC","6",2,2,2,NULL,NULL,NULL,NULL,"212N6","81.03277","28.75","10.75","2003-02-07",NULL,NULL,NULL,NULL
"21","Maharashtra","2","F","AR","N","UR","9",3,3,3,NULL,NULL,NULL,NULL,"212N9","81.61957","35.5","14.25","2002-04-29",NULL,NULL,NULL,NULL
"22","Manipur","1","A","BSF","G","ST","2",1,1,1,NULL,NULL,NULL,NULL,"221G2","75.16494","33.25","6.5","2005-03-01",NULL,NULL,NULL,NULL
"22","Manipur","1","A","BSF","G","OBC","6",1,1,1,NULL,NULL,NULL,NULL,"221G6","68.51259","22","9.25","2001-02-02",NULL,NULL,NULL,NULL
"22","Manipur","1","A","BSF","G","UR","9",1,1,1,NULL,NULL,NULL,NULL,"221G9","69.5048","25.25","2.5","2005-04-27",NULL,NULL,NULL,NULL
"22","Manipur","1","A","BSF","N","EWS","0",2,2,2,NULL,NULL,NULL,NULL,"221N0",NULL,NULL,NULL,NULL,NULL,NULL,NULL,NULL
"22","Manipur","1","A","BSF","N","SC","1",1,1,1,NULL,NULL,NULL,NULL,"221N1","91.43228","33.5","0.75","2001-01-31",NULL,NULL,NULL,NULL
"22","Manipur","1","A","BSF","N","ST","2",6,6,6,NULL,NULL,NULL,NULL,"221N2","70.54581","29.5","6","2005-04-27",NULL,NULL,NULL,NULL
"22","Manipur","1","A","BSF","N","ESM","3",2,2,2,NULL,NULL,NULL,NULL,"221N3",NULL,NULL,NULL,NULL,NULL,NULL,NULL,NULL
"22","Manipur","1","A","BSF","N","OBC","6",2,2,2,NULL,NULL,NULL,NULL,"221N6","67.49715","29","10.75","2003-03-02",NULL,NULL,NULL,NULL
"22","Manipur","1","A","BSF","N","UR","9",7,7,7,NULL,NULL,NULL,NULL,"221N9","70.85559","31.75","7.75","2002-04-13",NULL,NULL,NULL,NULL
"22","Manipur","1","B","CISF","B","ST","2",1,1,1,NULL,NULL,NULL,NULL,"221B2","70.1582","33.5","5.5","2001-04-01",NULL,NULL,NULL,NULL
"22","Manipur","1","B","CISF","B","UR","9",1,1,1,NULL,NULL,NULL,NULL,"221B9","67.66984","13","4.75","2006-03-10",NULL,NULL,NULL,NULL
"22","Manipur","1","B","CISF","G","ST","2",1,1,1,NULL,NULL,NULL,NULL,"221G2","75.16494","33.25","6.5","2005-03-01",NULL,NULL,NULL,NULL
"22","Manipur","1","B","CISF","G","UR","9",2,2,2,NULL,NULL,NULL,NULL,"221G9","69.5048","25.25","2.5","2005-04-27",NULL,NULL,NULL,NULL
"22","Manipur","1","B","CISF","N","EWS","0",2,2,2,NULL,NULL,NULL,NULL,"221N0",NULL,NULL,NULL,NULL,NULL,NULL,NULL,NULL
"22","Manipur","1","B","CISF","N","ST","2",4,4,4,NULL,NULL,NULL,NULL,"221N2","70.54581","29.5","6","2005-04-27",NULL,NULL,NULL,NULL
"22","Manipur","1","B","CISF","N","ESM","3",1,1,1,NULL,NULL,NULL,NULL,"221N3",NULL,NULL,NULL,NULL,NULL,NULL,NULL,NULL
"22","Manipur","1","B","CISF","N","OBC","6",2,2,2,NULL,NULL,NULL,NULL,"221N6","67.49715","29","10.75","2003-03-02",NULL,NULL,NULL,NULL
"22","Manipur","1","B","CISF","N","UR","9",5,5,5,NULL,NULL,NULL,NULL,"221N9","70.85559","31.75","7.75","2002-04-13",NULL,NULL,NULL,NULL
"22","Manipur","1","C","CRPF","G","UR","9",1,1,1,NULL,NULL,NULL,NULL,"221G9","69.5048","25.25","2.5","2005-04-27",NULL,NULL,NULL,NULL
"22","Manipur","1","C","CRPF","N","ST","2",1,1,1,NULL,NULL,NULL,NULL,"221N2","70.54581","29.5","6","2005-04-27",NULL,NULL,NULL,NULL
"22","Manipur","1","C","CRPF","N","OBC","6",1,1,1,NULL,NULL,NULL,NULL,"221N6","67.49715","29","10.75","2003-03-02",NULL,NULL,NULL,NULL
"22","Manipur","1","C","CRPF","N","UR","9",2,2,2,NULL,NULL,NULL,NULL,"221N9","70.85559","31.75","7.75","2002-04-13",NULL,NULL,NULL,NULL
"22","Manipur","1","E","ITBP","N","ST","2",1,1,1,NULL,NULL,NULL,NULL,"221N2","70.54581","29.5","6","2005-04-27",NULL,NULL,NULL,NULL
"22","Manipur","1","E","ITBP","N","UR","9",2,2,2,NULL,NULL,NULL,NULL,"221N9","70.85559","31.75","7.75","2002-04-13",NULL,NULL,NULL,NULL
"22","Manipur","1","F","AR","B","EWS","0",1,1,1,NULL,NULL,NULL,NULL,"221B0",NULL,NULL,NULL,NULL,NULL,NULL,NULL,NULL
"22","Manipur","1","F","AR","B","ST","2",3,3,3,NULL,NULL,NULL,NULL,"221B2","70.1582","33.5","5.5","2001-04-01",NULL,NULL,NULL,NULL
"22","Manipur","1","F","AR","B","ESM","3",1,1,1,NULL,NULL,NULL,NULL,"221B3",NULL,NULL,NULL,NULL,NULL,NULL,NULL,NULL
"22","Manipur","1","F","AR","B","OBC","6",1,1,1,NULL,NULL,NULL,NULL,"221B6",NULL,NULL,NULL,NULL,NULL,NULL,NULL,NULL
"22","Manipur","1","F","AR","B","UR","9",3,3,3,NULL,NULL,NULL,NULL,"221B9","67.66984","13","4.75","2006-03-10",NULL,NULL,NULL,NULL
"22","Manipur","1","F","AR","N","UR","9",1,1,1,NULL,NULL,NULL,NULL,"221N9","70.85559","31.75","7.75","2002-04-13",NULL,NULL,NULL,NULL
"22","Manipur","2","A","BSF","G","EWS","0",3,3,3,NULL,NULL,NULL,NULL,"222G0",NULL,NULL,NULL,NULL,NULL,NULL,NULL,NULL
"22","Manipur","2","A","BSF","G","ST","2",7,7,7,NULL,NULL,NULL,NULL,"222G2","62.27089","15.5","11.5","2005-03-06",NULL,NULL,NULL,NULL
"22","Manipur","2","A","BSF","G","ESM","3",2,2,2,NULL,NULL,NULL,NULL,"222G3",NULL,NULL,NULL,NULL,NULL,NULL,NULL,NULL
"22","Manipur","2","A","BSF","G","OBC","6",3,3,3,NULL,NULL,NULL,NULL,"222G6","67.41876","29","6.75","2005-02-08",NULL,NULL,NULL,NULL
"22","Manipur","2","A","BSF","G","UR","9",8,8,8,NULL,NULL,NULL,NULL,"222G9","67.83152","25.75","-1","2003-03-15",NULL,NULL,NULL,NULL
"22","Manipur","2","A","BSF","N","EWS","0",10,10,10,NULL,NULL,NULL,NULL,"222N0","64.23003","19","5.5","2006-02-02",NULL,NULL,NULL,NULL
"22","Manipur","2","A","BSF","N","SC","1",3,3,3,NULL,NULL,NULL,NULL,"222N1","71.88123","29.5","8.5","2001-03-20",NULL,NULL,NULL,NULL
"22","Manipur","2","A","BSF","N","ST","2",35,35,35,NULL,NULL,NULL,NULL,"222N2","64.8814","26.5","16.25","2003-04-02",NULL,NULL,NULL,NULL
"22","Manipur","2","A","BSF","N","ESM","3",10,10,10,NULL,NULL,NULL,NULL,"222N3",NULL,NULL,NULL,NULL,NULL,NULL,NULL,NULL
"22","Manipur","2","A","BSF","N","OBC","6",13,13,13,NULL,NULL,NULL,NULL,"222N6","67.33618","26.5","9","2003-09-17",NULL,NULL,NULL,NULL
"22","Manipur","2","A","BSF","N","UR","9",41,41,41,NULL,NULL,NULL,NULL,"222N9","69.07608","13","15.25","2005-03-03",NULL,NULL,NULL,NULL
"22","Manipur","2","B","CISF","B","EWS","0",2,2,2,NULL,NULL,NULL,NULL,"222B0",NULL,NULL,NULL,NULL,NULL,NULL,NULL,NULL
"22","Manipur","2","B","CISF","B","ST","2",6,6,6,NULL,NULL,NULL,NULL,"222B2","59.6049","23.25","7.25","1999-03-20",NULL,NULL,NULL,NULL
"22","Manipur","2","B","CISF","B","ESM","3",2,2,2,NULL,NULL,NULL,NULL,"222B3",NULL,NULL,NULL,NULL,NULL,NULL,NULL,NULL
"22","Manipur","2","B","CISF","B","OBC","6",3,3,3,NULL,NULL,NULL,NULL,"222B6","69.5048","24.25","6.25","2001-01-01",NULL,NULL,NULL,NULL
"22","Manipur","2","B","CISF","B","UR","9",7,7,7,NULL,NULL,NULL,NULL,"222B9","60.3051","33.5","0","2005-05-17",NULL,NULL,NULL,NULL
"22","Manipur","2","B","CISF","G","EWS","0",2,2,2,NULL,NULL,NULL,NULL,"222G0",NULL,NULL,NULL,NULL,NULL,NULL,NULL,NULL
"22","Manipur","2","B","CISF","G","ST","2",9,9,9,NULL,NULL,NULL,NULL,"222G2","62.27089","15.5","11.5","2005-03-06",NULL,NULL,NULL,NULL
"22","Manipur","2","B","CISF","G","ESM","3",2,2,2,NULL,NULL,NULL,NULL,"222G3",NULL,NULL,NULL,NULL,NULL,NULL,NULL,NULL
"22","Manipur","2","B","CISF","G","OBC","6",3,3,3,NULL,NULL,NULL,NULL,"222G6","67.41876","29","6.75","2005-02-08",NULL,NULL,NULL,NULL
"22","Manipur","2","B","CISF","G","UR","9",10,10,10,NULL,NULL,NULL,NULL,"222G9","67.83152","25.75","-1","2003-03-15",NULL,NULL,NULL,NULL
"22","Manipur","2","B","CISF","N","EWS","0",11,11,11,NULL,NULL,NULL,NULL,"222N0","64.23003","19","5.5","2006-02-02",NULL,NULL,NULL,NULL
"22","Manipur","2","B","CISF","N","SC","1",3,3,3,NULL,NULL,NULL,NULL,"222N1","71.88123","29.5","8.5","2001-03-20",NULL,NULL,NULL,NULL
"22","Manipur","2","B","CISF","N","ST","2",39,39,39,NULL,NULL,NULL,NULL,"222N2","64.8814","26.5","16.25","2003-04-02",NULL,NULL,NULL,NULL
"22","Manipur","2","B","CISF","N","ESM","3",11,11,11,NULL,NULL,NULL,NULL,"222N3",NULL,NULL,NULL,NULL,NULL,NULL,NULL,NULL
"22","Manipur","2","B","CISF","N","OBC","6",15,15,15,NULL,NULL,NULL,NULL,"222N6","67.33618","26.5","9","2003-09-17",NULL,NULL,NULL,NULL
"22","Manipur","2","B","CISF","N","UR","9",46,46,46,NULL,NULL,NULL,NULL,"222N9","69.07608","13","15.25","2005-03-03",NULL,NULL,NULL,NULL
"22","Manipur","2","C","CRPF","B","EWS","0",2,2,2,NULL,NULL,NULL,NULL,"222B0",NULL,NULL,NULL,NULL,NULL,NULL,NULL,NULL
"22","Manipur","2","C","CRPF","B","ST","2",5,5,5,NULL,NULL,NULL,NULL,"222B2","59.6049","23.25","7.25","1999-03-20",NULL,NULL,NULL,NULL
"22","Manipur","2","C","CRPF","B","ESM","3",2,2,2,NULL,NULL,NULL,NULL,"222B3",NULL,NULL,NULL,NULL,NULL,NULL,NULL,NULL
"22","Manipur","2","C","CRPF","B","OBC","6",3,3,3,NULL,NULL,NULL,NULL,"222B6","69.5048","24.25","6.25","2001-01-01",NULL,NULL,NULL,NULL
"22","Manipur","2","C","CRPF","B","UR","9",6,6,6,NULL,NULL,NULL,NULL,"222B9","60.3051","33.5","0","2005-05-17",NULL,NULL,NULL,NULL
"22","Manipur","2","C","CRPF","G","EWS","0",2,2,2,NULL,NULL,NULL,NULL,"222G0",NULL,NULL,NULL,NULL,NULL,NULL,NULL,NULL
"22","Manipur","2","C","CRPF","G","ST","2",5,5,5,NULL,NULL,NULL,NULL,"222G2","62.27089","15.5","11.5","2005-03-06",NULL,NULL,NULL,NULL
"22","Manipur","2","C","CRPF","G","ESM","3",2,2,2,NULL,NULL,NULL,NULL,"222G3",NULL,NULL,NULL,NULL,NULL,NULL,NULL,NULL
"22","Manipur","2","C","CRPF","G","OBC","6",2,2,2,NULL,NULL,NULL,NULL,"222G6","67.41876","29","6.75","2005-02-08",NULL,NULL,NULL,NULL
"22","Manipur","2","C","CRPF","G","UR","9",7,7,7,NULL,NULL,NULL,NULL,"222G9","67.83152","25.75","-1","2003-03-15",NULL,NULL,NULL,NULL
"22","Manipur","2","C","CRPF","N","EWS","0",11,11,11,NULL,NULL,NULL,NULL,"222N0","64.23003","19","5.5","2006-02-02",NULL,NULL,NULL,NULL
"22","Manipur","2","C","CRPF","N","SC","1",3,3,3,NULL,NULL,NULL,NULL,"222N1","71.88123","29.5","8.5","2001-03-20",NULL,NULL,NULL,NULL
"22","Manipur","2","C","CRPF","N","ST","2",36,36,36,NULL,NULL,NULL,NULL,"222N2","64.8814","26.5","16.25","2003-04-02",NULL,NULL,NULL,NULL
"22","Manipur","2","C","CRPF","N","ESM","3",11,11,11,NULL,NULL,NULL,NULL,"222N3",NULL,NULL,NULL,NULL,NULL,NULL,NULL,NULL
"22","Manipur","2","C","CRPF","N","OBC","6",14,14,14,NULL,NULL,NULL,NULL,"222N6","67.33618","26.5","9","2003-09-17",NULL,NULL,NULL,NULL
"22","Manipur","2","C","CRPF","N","UR","9",41,41,41,NULL,NULL,NULL,NULL,"222N9","69.07608","13","15.25","2005-03-03",NULL,NULL,NULL,NULL
"22","Manipur","2","D","SSB","G","ST","2",2,2,2,NULL,NULL,NULL,NULL,"222G2","62.27089","15.5","11.5","2005-03-06",NULL,NULL,NULL,NULL
"22","Manipur","2","D","SSB","N","EWS","0",1,1,1,NULL,NULL,NULL,NULL,"222N0","64.23003","19","5.5","2006-02-02",NULL,NULL,NULL,NULL
"22","Manipur","2","D","SSB","N","ST","2",2,2,2,NULL,NULL,NULL,NULL,"222N2","64.8814","26.5","16.25","2003-04-02",NULL,NULL,NULL,NULL
"22","Manipur","2","D","SSB","N","ESM","3",1,1,1,NULL,NULL,NULL,NULL,"222N3",NULL,NULL,NULL,NULL,NULL,NULL,NULL,NULL
"22","Manipur","2","D","SSB","N","OBC","6",1,1,1,NULL,NULL,NULL,NULL,"222N6","67.33618","26.5","9","2003-09-17",NULL,NULL,NULL,NULL
"22","Manipur","2","D","SSB","N","UR","9",2,2,2,NULL,NULL,NULL,NULL,"222N9","69.07608","13","15.25","2005-03-03",NULL,NULL,NULL,NULL
"22","Manipur","2","E","ITBP","G","EWS","0",1,1,1,NULL,NULL,NULL,NULL,"222G0",NULL,NULL,NULL,NULL,NULL,NULL,NULL,NULL
"22","Manipur","2","E","ITBP","G","ST","2",2,2,2,NULL,NULL,NULL,NULL,"222G2","62.27089","15.5","11.5","2005-03-06",NULL,NULL,NULL,NULL
"22","Manipur","2","E","ITBP","G","ESM","3",1,1,1,NULL,NULL,NULL,NULL,"222G3",NULL,NULL,NULL,NULL,NULL,NULL,NULL,NULL
"22","Manipur","2","E","ITBP","G","UR","9",2,2,2,NULL,NULL,NULL,NULL,"222G9","67.83152","25.75","-1","2003-03-15",NULL,NULL,NULL,NULL
"22","Manipur","2","E","ITBP","N","EWS","0",2,2,2,NULL,NULL,NULL,NULL,"222N0","64.23003","19","5.5","2006-02-02",NULL,NULL,NULL,NULL
"22","Manipur","2","E","ITBP","N","SC","1",1,1,1,NULL,NULL,NULL,NULL,"222N1","71.88123","29.5","8.5","2001-03-20",NULL,NULL,NULL,NULL
"22","Manipur","2","E","ITBP","N","ST","2",7,7,7,NULL,NULL,NULL,NULL,"222N2","64.8814","26.5","16.25","2003-04-02",NULL,NULL,NULL,NULL
"22","Manipur","2","E","ITBP","N","ESM","3",2,2,2,NULL,NULL,NULL,NULL,"222N3",NULL,NULL,NULL,NULL,NULL,NULL,NULL,NULL
"22","Manipur","2","E","ITBP","N","OBC","6",3,3,3,NULL,NULL,NULL,NULL,"222N6","67.33618","26.5","9","2003-09-17",NULL,NULL,NULL,NULL
"22","Manipur","2","E","ITBP","N","UR","9",8,8,8,NULL,NULL,NULL,NULL,"222N9","69.07608","13","15.25","2005-03-03",NULL,NULL,NULL,NULL
"22","Manipur","2","F","AR","B","EWS","0",11,11,11,NULL,NULL,NULL,NULL,"222B0",NULL,NULL,NULL,NULL,NULL,NULL,NULL,NULL
"22","Manipur","2","F","AR","B","SC","1",9,9,9,NULL,NULL,NULL,NULL,"222B1",NULL,NULL,NULL,NULL,NULL,NULL,NULL,NULL
"22","Manipur","2","F","AR","B","ST","2",30,30,30,NULL,NULL,NULL,NULL,"222B2","59.6049","23.25","7.25","1999-03-20",NULL,NULL,NULL,NULL
"22","Manipur","2","F","AR","B","ESM","3",13,13,13,NULL,NULL,NULL,NULL,"222B3",NULL,NULL,NULL,NULL,NULL,NULL,NULL,NULL
"22","Manipur","2","F","AR","B","OBC","6",39,39,39,NULL,NULL,NULL,NULL,"222B6","69.5048","24.25","6.25","2001-01-01",NULL,NULL,NULL,NULL
"22","Manipur","2","F","AR","B","UR","9",41,41,41,NULL,NULL,NULL,NULL,"222B9","60.3051","33.5","0","2005-05-17",NULL,NULL,NULL,NULL
"22","Manipur","2","F","AR","G","UR","9",1,1,1,NULL,NULL,NULL,NULL,"222G9","67.83152","25.75","-1","2003-03-15",NULL,NULL,NULL,NULL
"22","Manipur","2","F","AR","N","EWS","0",1,1,1,NULL,NULL,NULL,NULL,"222N0","64.23003","19","5.5","2006-02-02",NULL,NULL,NULL,NULL
"22","Manipur","2","F","AR","N","ST","2",3,3,3,NULL,NULL,NULL,NULL,"222N2","64.8814","26.5","16.25","2003-04-02",NULL,NULL,NULL,NULL
"22","Manipur","2","F","AR","N","ESM","3",1,1,1,NULL,NULL,NULL,NULL,"222N3",NULL,NULL,NULL,NULL,NULL,NULL,NULL,NULL
"22","Manipur","2","F","AR","N","OBC","6",1,1,1,NULL,NULL,NULL,NULL,"222N6","67.33618","26.5","9","2003-09-17",NULL,NULL,NULL,NULL
"22","Manipur","2","F","AR","N","UR","9",4,4,4,NULL,NULL,NULL,NULL,"222N9","69.07608","13","15.25","2005-03-03",NULL,NULL,NULL,NULL
"23","Meghalaya","1","A","BSF","B","EWS","0",2,2,2,NULL,NULL,NULL,NULL,"231B0",NULL,NULL,NULL,NULL,NULL,NULL,NULL,NULL
"23","Meghalaya","1","A","BSF","B","ST","2",9,9,9,NULL,NULL,NULL,NULL,"231B2","44.49006","8.5","8.5","2002-05-02",NULL,NULL,NULL,NULL
"23","Meghalaya","1","A","BSF","B","ESM","3",2,2,2,NULL,NULL,NULL,NULL,"231B3",NULL,NULL,NULL,NULL,NULL,NULL,NULL,NULL
"23","Meghalaya","1","A","BSF","B","OBC","6",1,1,1,NULL,NULL,NULL,NULL,"231B6","46.74418","15.75","3","2005-08-30",NULL,NULL,NULL,NULL
"23","Meghalaya","1","A","BSF","B","UR","9",8,8,8,NULL,NULL,NULL,NULL,"231B9","48.1812","1.75","10.75","2006-08-09",NULL,NULL,NULL,NULL
"23","Meghalaya","1","A","BSF","G","ST","2",4,4,4,NULL,NULL,NULL,NULL,"231G2","47.42562","18","8","2004-07-28",NULL,NULL,NULL,NULL
"23","Meghalaya","1","A","BSF","G","ESM","3",1,1,1,NULL,NULL,NULL,NULL,"231G3",NULL,NULL,NULL,NULL,NULL,NULL,NULL,NULL
"23","Meghalaya","1","A","BSF","G","UR","9",2,2,2,NULL,NULL,NULL,NULL,"231G9","52.42388","20","11","2005-03-10",NULL,NULL,NULL,NULL
"23","Meghalaya","1","A","BSF","N","EWS","0",2,2,2,NULL,NULL,NULL,NULL,"231N0",NULL,NULL,NULL,NULL,NULL,NULL,NULL,NULL
"23","Meghalaya","1","A","BSF","N","ST","2",8,8,8,NULL,NULL,NULL,NULL,"231N2","47.14707","20","10.75","1999-04-02",NULL,NULL,NULL,NULL
"23","Meghalaya","1","A","BSF","N","ESM","3",2,2,2,NULL,NULL,NULL,NULL,"231N3",NULL,NULL,NULL,NULL,NULL,NULL,NULL,NULL
"23","Meghalaya","1","A","BSF","N","OBC","6",1,1,1,NULL,NULL,NULL,NULL,"231N6","58.52728","14.5","6.75","2000-09-25",NULL,NULL,NULL,NULL
"23","Meghalaya","1","A","BSF","N","UR","9",8,8,8,NULL,NULL,NULL,NULL,"231N9","48.78895","29.25","7.75","2004-07-14",NULL,NULL,NULL,NULL
"23","Meghalaya","1","B","CISF","B","EWS","0",1,1,1,NULL,NULL,NULL,NULL,"231B0",NULL,NULL,NULL,NULL,NULL,NULL,NULL,NULL
"23","Meghalaya","1","B","CISF","B","ST","2",3,3,3,NULL,NULL,NULL,NULL,"231B2","44.49006","8.5","8.5","2002-05-02",NULL,NULL,NULL,NULL
"23","Meghalaya","1","B","CISF","B","ESM","3",1,1,1,NULL,NULL,NULL,NULL,"231B3",NULL,NULL,NULL,NULL,NULL,NULL,NULL,NULL
"23","Meghalaya","1","B","CISF","B","UR","9",2,2,2,NULL,NULL,NULL,NULL,"231B9","48.1812","1.75","10.75","2006-08-09",NULL,NULL,NULL,NULL
"23","Meghalaya","1","B","CISF","G","ST","2",3,3,3,NULL,NULL,NULL,NULL,"231G2","47.42562","18","8","2004-07-28",NULL,NULL,NULL,NULL
"23","Meghalaya","1","B","CISF","G","ESM","3",1,1,1,NULL,NULL,NULL,NULL,"231G3",NULL,NULL,NULL,NULL,NULL,NULL,NULL,NULL
"23","Meghalaya","1","B","CISF","G","UR","9",2,2,2,NULL,NULL,NULL,NULL,"231G9","52.42388","20","11","2005-03-10",NULL,NULL,NULL,NULL
"23","Meghalaya","1","B","CISF","N","EWS","0",2,2,2,NULL,NULL,NULL,NULL,"231N0",NULL,NULL,NULL,NULL,NULL,NULL,NULL,NULL
"23","Meghalaya","1","B","CISF","N","ST","2",6,6,6,NULL,NULL,NULL,NULL,"231N2","47.14707","20","10.75","1999-04-02",NULL,NULL,NULL,NULL
"23","Meghalaya","1","B","CISF","N","ESM","3",1,1,1,NULL,NULL,NULL,NULL,"231N3",NULL,NULL,NULL,NULL,NULL,NULL,NULL,NULL
"23","Meghalaya","1","B","CISF","N","UR","9",5,5,5,NULL,NULL,NULL,NULL,"231N9","48.78895","29.25","7.75","2004-07-14",NULL,NULL,NULL,NULL
"23","Meghalaya","1","C","CRPF","B","ST","2",1,1,1,NULL,NULL,NULL,NULL,"231B2","44.49006","8.5","8.5","2002-05-02",NULL,NULL,NULL,NULL
"23","Meghalaya","1","C","CRPF","B","UR","9",1,1,1,NULL,NULL,NULL,NULL,"231B9","48.1812","1.75","10.75","2006-08-09",NULL,NULL,NULL,NULL
"23","Meghalaya","1","C","CRPF","G","UR","9",1,1,1,NULL,NULL,NULL,NULL,"231G9","52.42388","20","11","2005-03-10",NULL,NULL,NULL,NULL
"23","Meghalaya","1","C","CRPF","N","EWS","0",1,1,1,NULL,NULL,NULL,NULL,"231N0",NULL,NULL,NULL,NULL,NULL,NULL,NULL,NULL
"23","Meghalaya","1","C","CRPF","N","ST","2",2,2,2,NULL,NULL,NULL,NULL,"231N2","47.14707","20","10.75","1999-04-02",NULL,NULL,NULL,NULL
"23","Meghalaya","1","C","CRPF","N","ESM","3",1,1,1,NULL,NULL,NULL,NULL,"231N3",NULL,NULL,NULL,NULL,NULL,NULL,NULL,NULL
"23","Meghalaya","1","C","CRPF","N","UR","9",2,2,2,NULL,NULL,NULL,NULL,"231N9","48.78895","29.25","7.75","2004-07-14",NULL,NULL,NULL,NULL
"23","Meghalaya","1","E","ITBP","N","ST","2",2,2,2,NULL,NULL,NULL,NULL,"231N2","47.14707","20","10.75","1999-04-02",NULL,NULL,NULL,NULL
"23","Meghalaya","1","E","ITBP","N","UR","9",2,2,2,NULL,NULL,NULL,NULL,"231N9","48.78895","29.25","7.75","2004-07-14",NULL,NULL,NULL,NULL
"23","Meghalaya","1","F","AR","N","ST","2",1,1,1,NULL,NULL,NULL,NULL,"231N2","47.14707","20","10.75","1999-04-02",NULL,NULL,NULL,NULL
"23","Meghalaya","2","A","BSF","B","EWS","0",10,10,10,NULL,NULL,NULL,NULL,"232B0",NULL,NULL,NULL,NULL,NULL,NULL,NULL,NULL
"23","Meghalaya","2","A","BSF","B","SC","1",1,1,1,NULL,NULL,NULL,NULL,"232B1","39.00203","16.25","5.25","2004-08-03",NULL,NULL,NULL,NULL
"23","Meghalaya","2","A","BSF","B","ST","2",43,43,43,NULL,NULL,NULL,NULL,"232B2","44.62664","14.5","7.25","2001-04-27",NULL,NULL,NULL,NULL
"23","Meghalaya","2","A","BSF","B","ESM","3",10,10,10,NULL,NULL,NULL,NULL,"232B3",NULL,NULL,NULL,NULL,NULL,NULL,NULL,NULL
"23","Meghalaya","2","A","BSF","B","OBC","6",5,5,5,NULL,NULL,NULL,NULL,"232B6","40.33379","10.75","6.25","1999-07-01",NULL,NULL,NULL,NULL
"23","Meghalaya","2","A","BSF","B","UR","9",38,38,38,NULL,NULL,NULL,NULL,"232B9","48.09182","19.75","11.25","2006-04-08",NULL,NULL,NULL,NULL
"23","Meghalaya","2","A","BSF","G","EWS","0",4,4,4,NULL,NULL,NULL,NULL,"232G0",NULL,NULL,NULL,NULL,NULL,NULL,NULL,NULL
"23","Meghalaya","2","A","BSF","G","ST","2",15,15,15,NULL,NULL,NULL,NULL,"232G2","45.96425","11","8.5","2000-10-28",NULL,NULL,NULL,NULL
"23","Meghalaya","2","A","BSF","G","ESM","3",4,4,4,NULL,NULL,NULL,NULL,"232G3",NULL,NULL,NULL,NULL,NULL,NULL,NULL,NULL
"23","Meghalaya","2","A","BSF","G","OBC","6",8,8,8,NULL,NULL,NULL,NULL,"232G6","64.27701","6.5","10.75","2002-07-10",NULL,NULL,NULL,NULL
"23","Meghalaya","2","A","BSF","G","UR","9",15,15,15,NULL,NULL,NULL,NULL,"232G9","48.09182","12","15.25","2003-10-06",NULL,NULL,NULL,NULL
"23","Meghalaya","2","A","BSF","N","EWS","0",11,11,11,NULL,NULL,NULL,NULL,"232N0","52.88752","6.5","9","2005-02-02",NULL,NULL,NULL,NULL
"23","Meghalaya","2","A","BSF","N","SC","1",1,1,1,NULL,NULL,NULL,NULL,"232N1","43.45661","10.75","10.75","2006-07-27",NULL,NULL,NULL,NULL
"23","Meghalaya","2","A","BSF","N","ST","2",47,47,47,NULL,NULL,NULL,NULL,"232N2","47.98024","10.75","13","2001-04-24",NULL,NULL,NULL,NULL
"23","Meghalaya","2","A","BSF","N","ESM","3",11,11,11,NULL,NULL,NULL,NULL,"232N3",NULL,NULL,NULL,NULL,NULL,NULL,NULL,NULL
"23","Meghalaya","2","A","BSF","N","OBC","6",5,5,5,NULL,NULL,NULL,NULL,"232N6","47.62521","13.5","6.5","2001-08-17",NULL,NULL,NULL,NULL
"23","Meghalaya","2","A","BSF","N","UR","9",42,42,42,NULL,NULL,NULL,NULL,"232N9","50.39237","22","8.25","2002-12-27",NULL,NULL,NULL,NULL
"23","Meghalaya","2","B","CISF","B","EWS","0",6,6,6,NULL,NULL,NULL,NULL,"232B0",NULL,NULL,NULL,NULL,NULL,NULL,NULL,NULL
"23","Meghalaya","2","B","CISF","B","SC","1",1,1,1,NULL,NULL,NULL,NULL,"232B1","39.00203","16.25","5.25","2004-08-03",NULL,NULL,NULL,NULL
"23","Meghalaya","2","B","CISF","B","ST","2",27,27,27,NULL,NULL,NULL,NULL,"232B2","44.62664","14.5","7.25","2001-04-27",NULL,NULL,NULL,NULL
"23","Meghalaya","2","B","CISF","B","ESM","3",6,6,6,NULL,NULL,NULL,NULL,"232B3",NULL,NULL,NULL,NULL,NULL,NULL,NULL,NULL
"23","Meghalaya","2","B","CISF","B","OBC","6",4,4,4,NULL,NULL,NULL,NULL,"232B6","40.33379","10.75","6.25","1999-07-01",NULL,NULL,NULL,NULL
"23","Meghalaya","2","B","CISF","B","UR","9",25,25,25,NULL,NULL,NULL,NULL,"232B9","48.09182","19.75","11.25","2006-04-08",NULL,NULL,NULL,NULL
"23","Meghalaya","2","B","CISF","G","EWS","0",2,2,2,NULL,NULL,NULL,NULL,"232G0",NULL,NULL,NULL,NULL,NULL,NULL,NULL,NULL
"23","Meghalaya","2","B","CISF","G","SC","1",1,1,1,NULL,NULL,NULL,NULL,"232G1","50.19744","26.5","6.5","1999-05-02",NULL,NULL,NULL,NULL
"23","Meghalaya","2","B","CISF","G","ST","2",15,15,15,NULL,NULL,NULL,NULL,"232G2","45.96425","11","8.5","2000-10-28",NULL,NULL,NULL,NULL
"23","Meghalaya","2","B","CISF","G","ESM","3",4,4,4,NULL,NULL,NULL,NULL,"232G3",NULL,NULL,NULL,NULL,NULL,NULL,NULL,NULL
"23","Meghalaya","2","B","CISF","G","OBC","6",5,5,5,NULL,NULL,NULL,NULL,"232G6","64.27701","6.5","10.75","2002-07-10",NULL,NULL,NULL,NULL
"23","Meghalaya","2","B","CISF","G","UR","9",13,13,13,NULL,NULL,NULL,NULL,"232G9","48.09182","12","15.25","2003-10-06",NULL,NULL,NULL,NULL
"23","Meghalaya","2","B","CISF","N","EWS","0",12,12,12,NULL,NULL,NULL,NULL,"232N0","52.88752","6.5","9","2005-02-02",NULL,NULL,NULL,NULL
"23","Meghalaya","2","B","CISF","N","SC","1",1,1,1,NULL,NULL,NULL,NULL,"232N1","43.45661","10.75","10.75","2006-07-27",NULL,NULL,NULL,NULL
"23","Meghalaya","2","B","CISF","N","ST","2",52,52,52,NULL,NULL,NULL,NULL,"232N2","47.98024","10.75","13","2001-04-24",NULL,NULL,NULL,NULL
"23","Meghalaya","2","B","CISF","N","ESM","3",12,12,12,NULL,NULL,NULL,NULL,"232N3",NULL,NULL,NULL,NULL,NULL,NULL,NULL,NULL
"23","Meghalaya","2","B","CISF","N","OBC","6",6,6,6,NULL,NULL,NULL,NULL,"232N6","47.62521","13.5","6.5","2001-08-17",NULL,NULL,NULL,NULL
"23","Meghalaya","2","B","CISF","N","UR","9",47,47,47,NULL,NULL,NULL,NULL,"232N9","50.39237","22","8.25","2002-12-27",NULL,NULL,NULL,NULL
"23","Meghalaya","2","C","CRPF","B","EWS","0",5,5,5,NULL,NULL,NULL,NULL,"232B0",NULL,NULL,NULL,NULL,NULL,NULL,NULL,NULL
"23","Meghalaya","2","C","CRPF","B","SC","1",1,1,1,NULL,NULL,NULL,NULL,"232B1","39.00203","16.25","5.25","2004-08-03",NULL,NULL,NULL,NULL
"23","Meghalaya","2","C","CRPF","B","ST","2",23,23,23,NULL,NULL,NULL,NULL,"232B2","44.62664","14.5","7.25","2001-04-27",NULL,NULL,NULL,NULL
"23","Meghalaya","2","C","CRPF","B","ESM","3",5,5,5,NULL,NULL,NULL,NULL,"232B3",NULL,NULL,NULL,NULL,NULL,NULL,NULL,NULL
"23","Meghalaya","2","C","CRPF","B","OBC","6",3,3,3,NULL,NULL,NULL,NULL,"232B6","40.33379","10.75","6.25","1999-07-01",NULL,NULL,NULL,NULL
"23","Meghalaya","2","C","CRPF","B","UR","9",20,20,20,NULL,NULL,NULL,NULL,"232B9","48.09182","19.75","11.25","2006-04-08",NULL,NULL,NULL,NULL
"23","Meghalaya","2","C","CRPF","G","EWS","0",2,2,2,NULL,NULL,NULL,NULL,"232G0",NULL,NULL,NULL,NULL,NULL,NULL,NULL,NULL
"23","Meghalaya","2","C","CRPF","G","ST","2",7,7,7,NULL,NULL,NULL,NULL,"232G2","45.96425","11","8.5","2000-10-28",NULL,NULL,NULL,NULL
"23","Meghalaya","2","C","CRPF","G","ESM","3",2,2,2,NULL,NULL,NULL,NULL,"232G3",NULL,NULL,NULL,NULL,NULL,NULL,NULL,NULL
"23","Meghalaya","2","C","CRPF","G","OBC","6",4,4,4,NULL,NULL,NULL,NULL,"232G6","64.27701","6.5","10.75","2002-07-10",NULL,NULL,NULL,NULL
"23","Meghalaya","2","C","CRPF","G","UR","9",7,7,7,NULL,NULL,NULL,NULL,"232G9","48.09182","12","15.25","2003-10-06",NULL,NULL,NULL,NULL
"23","Meghalaya","2","C","CRPF","N","EWS","0",11,11,11,NULL,NULL,NULL,NULL,"232N0","52.88752","6.5","9","2005-02-02",NULL,NULL,NULL,NULL
"23","Meghalaya","2","C","CRPF","N","SC","1",1,1,1,NULL,NULL,NULL,NULL,"232N1","43.45661","10.75","10.75","2006-07-27",NULL,NULL,NULL,NULL
"23","Meghalaya","2","C","CRPF","N","ST","2",48,48,48,NULL,NULL,NULL,NULL,"232N2","47.98024","10.75","13","2001-04-24",NULL,NULL,NULL,NULL
"23","Meghalaya","2","C","CRPF","N","ESM","3",11,11,11,NULL,NULL,NULL,NULL,"232N3",NULL,NULL,NULL,NULL,NULL,NULL,NULL,NULL
"23","Meghalaya","2","C","CRPF","N","OBC","6",6,6,6,NULL,NULL,NULL,NULL,"232N6","47.62521","13.5","6.5","2001-08-17",NULL,NULL,NULL,NULL
"23","Meghalaya","2","C","CRPF","N","UR","9",44,44,44,NULL,NULL,NULL,NULL,"232N9","50.39237","22","8.25","2002-12-27",NULL,NULL,NULL,NULL
"23","Meghalaya","2","D","SSB","G","ST","2",2,2,2,NULL,NULL,NULL,NULL,"232G2","45.96425","11","8.5","2000-10-28",NULL,NULL,NULL,NULL
"23","Meghalaya","2","D","SSB","G","ESM","3",1,1,1,NULL,NULL,NULL,NULL,"232G3",NULL,NULL,NULL,NULL,NULL,NULL,NULL,NULL
"23","Meghalaya","2","D","SSB","G","OBC","6",3,3,3,NULL,NULL,NULL,NULL,"232G6","64.27701","6.5","10.75","2002-07-10",NULL,NULL,NULL,NULL
"23","Meghalaya","2","D","SSB","G","UR","9",1,1,1,NULL,NULL,NULL,NULL,"232G9","48.09182","12","15.25","2003-10-06",NULL,NULL,NULL,NULL
"23","Meghalaya","2","D","SSB","N","EWS","0",1,1,1,NULL,NULL,NULL,NULL,"232N0","52.88752","6.5","9","2005-02-02",NULL,NULL,NULL,NULL
"23","Meghalaya","2","D","SSB","N","ST","2",3,3,3,NULL,NULL,NULL,NULL,"232N2","47.98024","10.75","13","2001-04-24",NULL,NULL,NULL,NULL
"23","Meghalaya","2","D","SSB","N","ESM","3",1,1,1,NULL,NULL,NULL,NULL,"232N3",NULL,NULL,NULL,NULL,NULL,NULL,NULL,NULL
"23","Meghalaya","2","D","SSB","N","UR","9",3,3,3,NULL,NULL,NULL,NULL,"232N9","50.39237","22","8.25","2002-12-27",NULL,NULL,NULL,NULL
"23","Meghalaya","2","E","ITBP","G","EWS","0",1,1,1,NULL,NULL,NULL,NULL,"232G0",NULL,NULL,NULL,NULL,NULL,NULL,NULL,NULL
"23","Meghalaya","2","E","ITBP","G","ST","2",3,3,3,NULL,NULL,NULL,NULL,"232G2","45.96425","11","8.5","2000-10-28",NULL,NULL,NULL,NULL
"23","Meghalaya","2","E","ITBP","G","ESM","3",1,1,1,NULL,NULL,NULL,NULL,"232G3",NULL,NULL,NULL,NULL,NULL,NULL,NULL,NULL
"23","Meghalaya","2","E","ITBP","G","UR","9",3,3,3,NULL,NULL,NULL,NULL,"232G9","48.09182","12","15.25","2003-10-06",NULL,NULL,NULL,NULL
"23","Meghalaya","2","E","ITBP","N","EWS","0",2,2,2,NULL,NULL,NULL,NULL,"232N0","52.88752","6.5","9","2005-02-02",NULL,NULL,NULL,NULL
"23","Meghalaya","2","E","ITBP","N","ST","2",9,9,9,NULL,NULL,NULL,NULL,"232N2","47.98024","10.75","13","2001-04-24",NULL,NULL,NULL,NULL
"23","Meghalaya","2","E","ITBP","N","ESM","3",2,2,2,NULL,NULL,NULL,NULL,"232N3",NULL,NULL,NULL,NULL,NULL,NULL,NULL,NULL
"23","Meghalaya","2","E","ITBP","N","OBC","6",1,1,1,NULL,NULL,NULL,NULL,"232N6","47.62521","13.5","6.5","2001-08-17",NULL,NULL,NULL,NULL
"23","Meghalaya","2","E","ITBP","N","UR","9",9,9,9,NULL,NULL,NULL,NULL,"232N9","50.39237","22","8.25","2002-12-27",NULL,NULL,NULL,NULL
"23","Meghalaya","2","F","AR","G","EWS","0",1,1,1,NULL,NULL,NULL,NULL,"232G0",NULL,NULL,NULL,NULL,NULL,NULL,NULL,NULL
"23","Meghalaya","2","F","AR","G","SC","1",1,1,1,NULL,NULL,NULL,NULL,"232G1","50.19744","26.5","6.5","1999-05-02",NULL,NULL,NULL,NULL
"23","Meghalaya","2","F","AR","G","ST","2",1,1,1,NULL,NULL,NULL,NULL,"232G2","45.96425","11","8.5","2000-10-28",NULL,NULL,NULL,NULL
"23","Meghalaya","2","F","AR","G","ESM","3",1,1,1,NULL,NULL,NULL,NULL,"232G3",NULL,NULL,NULL,NULL,NULL,NULL,NULL,NULL
"23","Meghalaya","2","F","AR","G","OBC","6",1,1,1,NULL,NULL,NULL,NULL,"232G6","64.27701","6.5","10.75","2002-07-10",NULL,NULL,NULL,NULL
"23","Meghalaya","2","F","AR","G","UR","9",2,2,2,NULL,NULL,NULL,NULL,"232G9","48.09182","12","15.25","2003-10-06",NULL,NULL,NULL,NULL
"23","Meghalaya","2","F","AR","N","EWS","0",1,1,1,NULL,NULL,NULL,NULL,"232N0","52.88752","6.5","9","2005-02-02",NULL,NULL,NULL,NULL
"23","Meghalaya","2","F","AR","N","ST","2",4,4,4,NULL,NULL,NULL,NULL,"232N2","47.98024","10.75","13","2001-04-24",NULL,NULL,NULL,NULL
"23","Meghalaya","2","F","AR","N","ESM","3",1,1,1,NULL,NULL,NULL,NULL,"232N3",NULL,NULL,NULL,NULL,NULL,NULL,NULL,NULL
"23","Meghalaya","2","F","AR","N","UR","9",4,4,4,NULL,NULL,NULL,NULL,"232N9","50.39237","22","8.25","2002-12-27",NULL,NULL,NULL,NULL
"24","Mizoram","1","A","BSF","B","ST","2",2,2,2,NULL,NULL,NULL,NULL,"241B2","43.13476","19.75","4","2000-06-03",NULL,NULL,NULL,NULL
"24","Mizoram","1","A","BSF","B","UR","9",1,1,1,NULL,NULL,NULL,NULL,"241B9","49.16129","6.25","10.75","2006-06-04",NULL,NULL,NULL,NULL
"24","Mizoram","1","A","BSF","G","ST","2",1,1,1,NULL,NULL,NULL,NULL,"241G2","48.25639","22","15.25","2001-01-05",NULL,NULL,NULL,NULL
"24","Mizoram","1","A","BSF","G","UR","9",1,1,1,NULL,NULL,NULL,NULL,"241G9",NULL,NULL,NULL,NULL,NULL,NULL,NULL,NULL
"24","Mizoram","1","A","BSF","N","EWS","0",1,1,1,NULL,NULL,NULL,NULL,"241N0",NULL,NULL,NULL,NULL,NULL,NULL,NULL,NULL
"24","Mizoram","1","A","BSF","N","ST","2",3,3,3,NULL,NULL,NULL,NULL,"241N2","55.80355","24.75","4","2002-02-18",NULL,NULL,NULL,NULL
"24","Mizoram","1","A","BSF","N","ESM","3",1,1,1,NULL,NULL,NULL,NULL,"241N3",NULL,NULL,NULL,NULL,NULL,NULL,NULL,NULL
"24","Mizoram","1","A","BSF","N","UR","9",3,3,3,NULL,NULL,NULL,NULL,"241N9","54.41651","17.5","8.5","2004-02-13",NULL,NULL,NULL,NULL
"24","Mizoram","1","B","CISF","B","ST","2",1,1,1,NULL,NULL,NULL,NULL,"241B2","43.13476","19.75","4","2000-06-03",NULL,NULL,NULL,NULL
"24","Mizoram","1","B","CISF","B","UR","9",1,1,1,NULL,NULL,NULL,NULL,"241B9","49.16129","6.25","10.75","2006-06-04",NULL,NULL,NULL,NULL
"24","Mizoram","1","B","CISF","G","UR","9",1,1,1,NULL,NULL,NULL,NULL,"241G9",NULL,NULL,NULL,NULL,NULL,NULL,NULL,NULL
"24","Mizoram","1","B","CISF","N","EWS","0",1,1,1,NULL,NULL,NULL,NULL,"241N0",NULL,NULL,NULL,NULL,NULL,NULL,NULL,NULL
"24","Mizoram","1","B","CISF","N","ST","2",2,2,2,NULL,NULL,NULL,NULL,"241N2","55.80355","24.75","4","2002-02-18",NULL,NULL,NULL,NULL
"24","Mizoram","1","B","CISF","N","ESM","3",1,1,1,NULL,NULL,NULL,NULL,"241N3",NULL,NULL,NULL,NULL,NULL,NULL,NULL,NULL
"24","Mizoram","1","B","CISF","N","UR","9",2,2,2,NULL,NULL,NULL,NULL,"241N9","54.41651","17.5","8.5","2004-02-13",NULL,NULL,NULL,NULL
"24","Mizoram","1","C","CRPF","B","UR","9",1,1,1,NULL,NULL,NULL,NULL,"241B9","49.16129","6.25","10.75","2006-06-04",NULL,NULL,NULL,NULL
"24","Mizoram","1","C","CRPF","N","ST","2",1,1,1,NULL,NULL,NULL,NULL,"241N2","55.80355","24.75","4","2002-02-18",NULL,NULL,NULL,NULL
"24","Mizoram","1","C","CRPF","N","UR","9",1,1,1,NULL,NULL,NULL,NULL,"241N9","54.41651","17.5","8.5","2004-02-13",NULL,NULL,NULL,NULL
"24","Mizoram","1","E","ITBP","N","ST","2",1,1,1,NULL,NULL,NULL,NULL,"241N2","55.80355","24.75","4","2002-02-18",NULL,NULL,NULL,NULL
"24","Mizoram","1","E","ITBP","N","UR","9",1,1,1,NULL,NULL,NULL,NULL,"241N9","54.41651","17.5","8.5","2004-02-13",NULL,NULL,NULL,NULL
"24","Mizoram","1","F","AR","B","EWS","0",1,1,1,NULL,NULL,NULL,NULL,"241B0",NULL,NULL,NULL,NULL,NULL,NULL,NULL,NULL
"24","Mizoram","1","F","AR","B","SC","1",1,1,1,NULL,NULL,NULL,NULL,"241B1",NULL,NULL,NULL,NULL,NULL,NULL,NULL,NULL
"24","Mizoram","1","F","AR","B","ST","2",3,3,3,NULL,NULL,NULL,NULL,"241B2","43.13476","19.75","4","2000-06-03",NULL,NULL,NULL,NULL
"24","Mizoram","1","F","AR","B","ESM","3",1,1,1,NULL,NULL,NULL,NULL,"241B3",NULL,NULL,NULL,NULL,NULL,NULL,NULL,NULL
"24","Mizoram","1","F","AR","B","OBC","6",3,3,3,NULL,NULL,NULL,NULL,"241B6",NULL,NULL,NULL,NULL,NULL,NULL,NULL,NULL
"24","Mizoram","1","F","AR","B","UR","9",3,3,3,NULL,NULL,NULL,NULL,"241B9","49.16129","6.25","10.75","2006-06-04",NULL,NULL,NULL,NULL
"24","Mizoram","2","A","BSF","B","EWS","0",3,3,3,NULL,NULL,NULL,NULL,"242B0",NULL,NULL,NULL,NULL,NULL,NULL,NULL,NULL
"24","Mizoram","2","A","BSF","B","ST","2",10,10,10,NULL,NULL,NULL,NULL,"242B2","33.92444","15.25","9","1999-10-29",NULL,NULL,NULL,NULL
"24","Mizoram","2","A","BSF","B","ESM","3",3,3,3,NULL,NULL,NULL,NULL,"242B3",NULL,NULL,NULL,NULL,NULL,NULL,NULL,NULL
"24","Mizoram","2","A","BSF","B","OBC","6",2,2,2,NULL,NULL,NULL,NULL,"242B6","56.74626","13","8.5","2001-10-09",NULL,NULL,NULL,NULL
"24","Mizoram","2","A","BSF","B","UR","9",10,10,10,NULL,NULL,NULL,NULL,"242B9","48.48287","25.25","10","2003-03-24",NULL,NULL,NULL,NULL
"24","Mizoram","2","A","BSF","G","EWS","0",2,2,2,NULL,NULL,NULL,NULL,"242G0",NULL,NULL,NULL,NULL,NULL,NULL,NULL,NULL
"24","Mizoram","2","A","BSF","G","ST","2",5,5,5,NULL,NULL,NULL,NULL,"242G2","38.73395","26.5","-0.25","2006-12-17",NULL,NULL,NULL,NULL
"24","Mizoram","2","A","BSF","G","ESM","3",1,1,1,NULL,NULL,NULL,NULL,"242G3",NULL,NULL,NULL,NULL,NULL,NULL,NULL,NULL
"24","Mizoram","2","A","BSF","G","UR","9",4,4,4,NULL,NULL,NULL,NULL,"242G9","48.09624","9.25","13.25","2005-01-01",NULL,NULL,NULL,NULL
"24","Mizoram","2","A","BSF","N","EWS","0",4,4,4,NULL,NULL,NULL,NULL,"242N0",NULL,NULL,NULL,NULL,NULL,NULL,NULL,NULL
"24","Mizoram","2","A","BSF","N","ST","2",17,17,17,NULL,NULL,NULL,NULL,"242N2","42.57264","14.25","8.25","2006-02-20",NULL,NULL,NULL,NULL
"24","Mizoram","2","A","BSF","N","ESM","3",4,4,4,NULL,NULL,NULL,NULL,"242N3",NULL,NULL,NULL,NULL,NULL,NULL,NULL,NULL
"24","Mizoram","2","A","BSF","N","OBC","6",2,2,2,NULL,NULL,NULL,NULL,"242N6","42.23408","17","4.75","2003-06-11",NULL,NULL,NULL,NULL
"24","Mizoram","2","A","BSF","N","UR","9",16,16,16,NULL,NULL,NULL,NULL,"242N9","51.61193","10.75","10.75","2006-03-02",NULL,NULL,NULL,NULL
"24","Mizoram","2","B","CISF","B","EWS","0",2,2,2,NULL,NULL,NULL,NULL,"242B0",NULL,NULL,NULL,NULL,NULL,NULL,NULL,NULL
"24","Mizoram","2","B","CISF","B","ST","2",10,10,10,NULL,NULL,NULL,NULL,"242B2","33.92444","15.25","9","1999-10-29",NULL,NULL,NULL,NULL
"24","Mizoram","2","B","CISF","B","ESM","3",2,2,2,NULL,NULL,NULL,NULL,"242B3",NULL,NULL,NULL,NULL,NULL,NULL,NULL,NULL
"24","Mizoram","2","B","CISF","B","OBC","6",1,1,1,NULL,NULL,NULL,NULL,"242B6","56.74626","13","8.5","2001-10-09",NULL,NULL,NULL,NULL
"24","Mizoram","2","B","CISF","B","UR","9",9,9,9,NULL,NULL,NULL,NULL,"242B9","48.48287","25.25","10","2003-03-24",NULL,NULL,NULL,NULL
"24","Mizoram","2","B","CISF","G","EWS","0",1,1,1,NULL,NULL,NULL,NULL,"242G0",NULL,NULL,NULL,NULL,NULL,NULL,NULL,NULL
"24","Mizoram","2","B","CISF","G","ST","2",6,6,6,NULL,NULL,NULL,NULL,"242G2","38.73395","26.5","-0.25","2006-12-17",NULL,NULL,NULL,NULL
"24","Mizoram","2","B","CISF","G","ESM","3",1,1,1,NULL,NULL,NULL,NULL,"242G3",NULL,NULL,NULL,NULL,NULL,NULL,NULL,NULL
"24","Mizoram","2","B","CISF","G","OBC","6",1,1,1,NULL,NULL,NULL,NULL,"242G6","69.34941","22.25","6.5","2001-01-05",NULL,NULL,NULL,NULL
"24","Mizoram","2","B","CISF","G","UR","9",6,6,6,NULL,NULL,NULL,NULL,"242G9","48.09624","9.25","13.25","2005-01-01",NULL,NULL,NULL,NULL
"24","Mizoram","2","B","CISF","N","EWS","0",4,4,4,NULL,NULL,NULL,NULL,"242N0",NULL,NULL,NULL,NULL,NULL,NULL,NULL,NULL
"24","Mizoram","2","B","CISF","N","ST","2",20,20,20,NULL,NULL,NULL,NULL,"242N2","42.57264","14.25","8.25","2006-02-20",NULL,NULL,NULL,NULL
"24","Mizoram","2","B","CISF","N","ESM","3",4,4,4,NULL,NULL,NULL,NULL,"242N3",NULL,NULL,NULL,NULL,NULL,NULL,NULL,NULL
"24","Mizoram","2","B","CISF","N","OBC","6",2,2,2,NULL,NULL,NULL,NULL,"242N6","42.23408","17","4.75","2003-06-11",NULL,NULL,NULL,NULL
"24","Mizoram","2","B","CISF","N","UR","9",18,18,18,NULL,NULL,NULL,NULL,"242N9","51.61193","10.75","10.75","2006-03-02",NULL,NULL,NULL,NULL
"24","Mizoram","2","C","CRPF","B","EWS","0",2,2,2,NULL,NULL,NULL,NULL,"242B0",NULL,NULL,NULL,NULL,NULL,NULL,NULL,NULL
"24","Mizoram","2","C","CRPF","B","ST","2",8,8,8,NULL,NULL,NULL,NULL,"242B2","33.92444","15.25","9","1999-10-29",NULL,NULL,NULL,NULL
"24","Mizoram","2","C","CRPF","B","ESM","3",2,2,2,NULL,NULL,NULL,NULL,"242B3",NULL,NULL,NULL,NULL,NULL,NULL,NULL,NULL
"24","Mizoram","2","C","CRPF","B","OBC","6",2,2,2,NULL,NULL,NULL,NULL,"242B6","56.74626","13","8.5","2001-10-09",NULL,NULL,NULL,NULL
"24","Mizoram","2","C","CRPF","B","UR","9",7,7,7,NULL,NULL,NULL,NULL,"242B9","48.48287","25.25","10","2003-03-24",NULL,NULL,NULL,NULL
"24","Mizoram","2","C","CRPF","G","EWS","0",1,1,1,NULL,NULL,NULL,NULL,"242G0",NULL,NULL,NULL,NULL,NULL,NULL,NULL,NULL
"24","Mizoram","2","C","CRPF","G","ST","2",3,3,3,NULL,NULL,NULL,NULL,"242G2","38.73395","26.5","-0.25","2006-12-17",NULL,NULL,NULL,NULL
"24","Mizoram","2","C","CRPF","G","ESM","3",1,1,1,NULL,NULL,NULL,NULL,"242G3",NULL,NULL,NULL,NULL,NULL,NULL,NULL,NULL
"24","Mizoram","2","C","CRPF","G","OBC","6",1,1,1,NULL,NULL,NULL,NULL,"242G6","69.34941","22.25","6.5","2001-01-05",NULL,NULL,NULL,NULL
"24","Mizoram","2","C","CRPF","G","UR","9",2,2,2,NULL,NULL,NULL,NULL,"242G9","48.09624","9.25","13.25","2005-01-01",NULL,NULL,NULL,NULL
"24","Mizoram","2","C","CRPF","N","EWS","0",4,4,4,NULL,NULL,NULL,NULL,"242N0",NULL,NULL,NULL,NULL,NULL,NULL,NULL,NULL
"24","Mizoram","2","C","CRPF","N","ST","2",18,18,18,NULL,NULL,NULL,NULL,"242N2","42.57264","14.25","8.25","2006-02-20",NULL,NULL,NULL,NULL
"24","Mizoram","2","C","CRPF","N","ESM","3",4,4,4,NULL,NULL,NULL,NULL,"242N3",NULL,NULL,NULL,NULL,NULL,NULL,NULL,NULL
"24","Mizoram","2","C","CRPF","N","OBC","6",2,2,2,NULL,NULL,NULL,NULL,"242N6","42.23408","17","4.75","2003-06-11",NULL,NULL,NULL,NULL
"24","Mizoram","2","C","CRPF","N","UR","9",17,17,17,NULL,NULL,NULL,NULL,"242N9","51.61193","10.75","10.75","2006-03-02",NULL,NULL,NULL,NULL
"24","Mizoram","2","D","SSB","N","ST","2",1,1,1,NULL,NULL,NULL,NULL,"242N2","42.57264","14.25","8.25","2006-02-20",NULL,NULL,NULL,NULL
"24","Mizoram","2","D","SSB","N","UR","9",1,1,1,NULL,NULL,NULL,NULL,"242N9","51.61193","10.75","10.75","2006-03-02",NULL,NULL,NULL,NULL
"24","Mizoram","2","E","ITBP","G","ST","2",1,1,1,NULL,NULL,NULL,NULL,"242G2","38.73395","26.5","-0.25","2006-12-17",NULL,NULL,NULL,NULL
"24","Mizoram","2","E","ITBP","G","UR","9",1,1,1,NULL,NULL,NULL,NULL,"242G9","48.09624","9.25","13.25","2005-01-01",NULL,NULL,NULL,NULL
"24","Mizoram","2","E","ITBP","N","EWS","0",1,1,1,NULL,NULL,NULL,NULL,"242N0",NULL,NULL,NULL,NULL,NULL,NULL,NULL,NULL
"24","Mizoram","2","E","ITBP","N","ST","2",4,4,4,NULL,NULL,NULL,NULL,"242N2","42.57264","14.25","8.25","2006-02-20",NULL,NULL,NULL,NULL
"24","Mizoram","2","E","ITBP","N","ESM","3",1,1,1,NULL,NULL,NULL,NULL,"242N3",NULL,NULL,NULL,NULL,NULL,NULL,NULL,NULL
"24","Mizoram","2","E","ITBP","N","UR","9",3,3,3,NULL,NULL,NULL,NULL,"242N9","51.61193","10.75","10.75","2006-03-02",NULL,NULL,NULL,NULL
"24","Mizoram","2","F","AR","B","EWS","0",12,12,12,NULL,NULL,NULL,NULL,"242B0",NULL,NULL,NULL,NULL,NULL,NULL,NULL,NULL
"24","Mizoram","2","F","AR","B","SC","1",7,7,7,NULL,NULL,NULL,NULL,"242B1","36.46878","22.5","0.75","2002-11-08",NULL,NULL,NULL,NULL
"24","Mizoram","2","F","AR","B","ST","2",36,36,36,NULL,NULL,NULL,NULL,"242B2","33.92444","15.25","9","1999-10-29",NULL,NULL,NULL,NULL
"24","Mizoram","2","F","AR","B","ESM","3",27,27,27,NULL,NULL,NULL,NULL,"242B3",NULL,NULL,NULL,NULL,NULL,NULL,NULL,NULL
"24","Mizoram","2","F","AR","B","OBC","6",37,37,37,NULL,NULL,NULL,NULL,"242B6","56.74626","13","8.5","2001-10-09",NULL,NULL,NULL,NULL
"24","Mizoram","2","F","AR","B","UR","9",177,177,177,NULL,NULL,NULL,NULL,"242B9","48.48287","25.25","10","2003-03-24",NULL,NULL,NULL,NULL
"24","Mizoram","2","F","AR","G","OBC","6",1,1,1,NULL,NULL,NULL,NULL,"242G6","69.34941","22.25","6.5","2001-01-05",NULL,NULL,NULL,NULL
"24","Mizoram","2","F","AR","N","ST","2",2,2,2,NULL,NULL,NULL,NULL,"242N2","42.57264","14.25","8.25","2006-02-20",NULL,NULL,NULL,NULL
"24","Mizoram","2","F","AR","N","UR","9",1,1,1,NULL,NULL,NULL,NULL,"242N9","51.61193","10.75","10.75","2006-03-02",NULL,NULL,NULL,NULL
"25","Nagaland","1","A","BSF","G","ST","2",2,2,2,NULL,NULL,NULL,NULL,"251G2","54.28075","17.25","11.25","1999-01-27",NULL,NULL,NULL,NULL
"25","Nagaland","1","A","BSF","G","UR","9",2,2,2,NULL,NULL,NULL,NULL,"251G9",NULL,NULL,NULL,NULL,NULL,NULL,NULL,NULL
"25","Nagaland","1","A","BSF","N","EWS","0",1,1,1,NULL,NULL,NULL,NULL,"251N0",NULL,NULL,NULL,NULL,NULL,NULL,NULL,NULL
"25","Nagaland","1","A","BSF","N","ST","2",6,6,6,NULL,NULL,NULL,NULL,"251N2","55.06653","22.75","4.5","2000-07-10",NULL,NULL,NULL,NULL
"25","Nagaland","1","A","BSF","N","ESM","3",1,1,1,NULL,NULL,NULL,NULL,"251N3",NULL,NULL,NULL,NULL,NULL,NULL,NULL,NULL
"25","Nagaland","1","A","BSF","N","UR","9",5,5,5,NULL,NULL,NULL,NULL,"251N9","50.88468","4","15.25","2004-04-22",NULL,NULL,NULL,NULL
"25","Nagaland","1","B","CISF","B","ST","2",1,1,1,NULL,NULL,NULL,NULL,"251B2","49.70763","4","10.75","2004-06-20",NULL,NULL,NULL,NULL
"25","Nagaland","1","B","CISF","B","UR","9",1,1,1,NULL,NULL,NULL,NULL,"251B9","50.25536","9.75","11","2003-02-12",NULL,NULL,NULL,NULL
"25","Nagaland","1","B","CISF","G","UR","9",1,1,1,NULL,NULL,NULL,NULL,"251G9",NULL,NULL,NULL,NULL,NULL,NULL,NULL,NULL
"25","Nagaland","1","B","CISF","N","EWS","0",1,1,1,NULL,NULL,NULL,NULL,"251N0",NULL,NULL,NULL,NULL,NULL,NULL,NULL,NULL
"25","Nagaland","1","B","CISF","N","ST","2",4,4,4,NULL,NULL,NULL,NULL,"251N2","55.06653","22.75","4.5","2000-07-10",NULL,NULL,NULL,NULL
"25","Nagaland","1","B","CISF","N","ESM","3",1,1,1,NULL,NULL,NULL,NULL,"251N3",NULL,NULL,NULL,NULL,NULL,NULL,NULL,NULL
"25","Nagaland","1","B","CISF","N","UR","9",4,4,4,NULL,NULL,NULL,NULL,"251N9","50.88468","4","15.25","2004-04-22",NULL,NULL,NULL,NULL
"25","Nagaland","1","C","CRPF","G","UR","9",1,1,1,NULL,NULL,NULL,NULL,"251G9",NULL,NULL,NULL,NULL,NULL,NULL,NULL,NULL
"25","Nagaland","1","C","CRPF","N","ST","2",1,1,1,NULL,NULL,NULL,NULL,"251N2","55.06653","22.75","4.5","2000-07-10",NULL,NULL,NULL,NULL
"25","Nagaland","1","C","CRPF","N","UR","9",2,2,2,NULL,NULL,NULL,NULL,"251N9","50.88468","4","15.25","2004-04-22",NULL,NULL,NULL,NULL
"25","Nagaland","1","E","ITBP","N","ST","2",1,1,1,NULL,NULL,NULL,NULL,"251N2","55.06653","22.75","4.5","2000-07-10",NULL,NULL,NULL,NULL
"25","Nagaland","1","E","ITBP","N","UR","9",1,1,1,NULL,NULL,NULL,NULL,"251N9","50.88468","4","15.25","2004-04-22",NULL,NULL,NULL,NULL
"25","Nagaland","1","F","AR","B","EWS","0",1,1,1,NULL,NULL,NULL,NULL,"251B0",NULL,NULL,NULL,NULL,NULL,NULL,NULL,NULL
"25","Nagaland","1","F","AR","B","SC","1",1,1,1,NULL,NULL,NULL,NULL,"251B1",NULL,NULL,NULL,NULL,NULL,NULL,NULL,NULL
"25","Nagaland","1","F","AR","B","ST","2",4,4,4,NULL,NULL,NULL,NULL,"251B2","49.70763","4","10.75","2004-06-20",NULL,NULL,NULL,NULL
"25","Nagaland","1","F","AR","B","ESM","3",1,1,1,NULL,NULL,NULL,NULL,"251B3",NULL,NULL,NULL,NULL,NULL,NULL,NULL,NULL
"25","Nagaland","1","F","AR","B","UR","9",5,5,5,NULL,NULL,NULL,NULL,"251B9","50.25536","9.75","11","2003-02-12",NULL,NULL,NULL,NULL
"25","Nagaland","1","F","AR","N","ST","2",1,1,1,NULL,NULL,NULL,NULL,"251N2","55.06653","22.75","4.5","2000-07-10",NULL,NULL,NULL,NULL
"25","Nagaland","2","A","BSF","G","EWS","0",2,2,2,NULL,NULL,NULL,NULL,"252G0",NULL,NULL,NULL,NULL,NULL,NULL,NULL,NULL
"25","Nagaland","2","A","BSF","G","ST","2",10,10,10,NULL,NULL,NULL,NULL,"252G2","47.7582","20.25","6.75","2006-06-06",NULL,NULL,NULL,NULL
"25","Nagaland","2","A","BSF","G","ESM","3",2,2,2,NULL,NULL,NULL,NULL,"252G3",NULL,NULL,NULL,NULL,NULL,NULL,NULL,NULL
"25","Nagaland","2","A","BSF","G","UR","9",9,9,9,NULL,NULL,NULL,NULL,"252G9","48.4873","8.5","10.75","2005-11-09",NULL,NULL,NULL,NULL
"25","Nagaland","2","A","BSF","N","EWS","0",7,7,7,NULL,NULL,NULL,NULL,"252N0","55.80613","17.75","4.5","2003-07-12",NULL,NULL,NULL,NULL
"25","Nagaland","2","A","BSF","N","ST","2",32,32,32,NULL,NULL,NULL,NULL,"252N2","50.35182","24.75","11","1997-02-23",NULL,NULL,NULL,NULL
"25","Nagaland","2","A","BSF","N","ESM","3",7,7,7,NULL,NULL,NULL,NULL,"252N3",NULL,NULL,NULL,NULL,NULL,NULL,NULL,NULL
"25","Nagaland","2","A","BSF","N","UR","9",32,32,32,NULL,NULL,NULL,NULL,"252N9","52.88305","33.5","10.75","2002-09-15",NULL,NULL,NULL,NULL
"25","Nagaland","2","B","CISF","B","EWS","0",2,2,2,NULL,NULL,NULL,NULL,"252B0",NULL,NULL,NULL,NULL,NULL,NULL,NULL,NULL
"25","Nagaland","2","B","CISF","B","ST","2",9,9,9,NULL,NULL,NULL,NULL,"252B2","45.92473","20.75","8.5","2006-04-04",NULL,NULL,NULL,NULL
"25","Nagaland","2","B","CISF","B","ESM","3",2,2,2,NULL,NULL,NULL,NULL,"252B3",NULL,NULL,NULL,NULL,NULL,NULL,NULL,NULL
"25","Nagaland","2","B","CISF","B","UR","9",9,9,9,NULL,NULL,NULL,NULL,"252B9","48.01669","11.75","1","2003-03-27",NULL,NULL,NULL,NULL
"25","Nagaland","2","B","CISF","G","EWS","0",1,1,1,NULL,NULL,NULL,NULL,"252G0",NULL,NULL,NULL,NULL,NULL,NULL,NULL,NULL
"25","Nagaland","2","B","CISF","G","ST","2",10,10,10,NULL,NULL,NULL,NULL,"252G2","47.7582","20.25","6.75","2006-06-06",NULL,NULL,NULL,NULL
"25","Nagaland","2","B","CISF","G","ESM","3",2,2,2,NULL,NULL,NULL,NULL,"252G3",NULL,NULL,NULL,NULL,NULL,NULL,NULL,NULL
"25","Nagaland","2","B","CISF","G","UR","9",9,9,9,NULL,NULL,NULL,NULL,"252G9","48.4873","8.5","10.75","2005-11-09",NULL,NULL,NULL,NULL
"25","Nagaland","2","B","CISF","N","EWS","0",8,8,8,NULL,NULL,NULL,NULL,"252N0","55.80613","17.75","4.5","2003-07-12",NULL,NULL,NULL,NULL
"25","Nagaland","2","B","CISF","N","ST","2",36,36,36,NULL,NULL,NULL,NULL,"252N2","50.35182","24.75","11","1997-02-23",NULL,NULL,NULL,NULL
"25","Nagaland","2","B","CISF","N","ESM","3",8,8,8,NULL,NULL,NULL,NULL,"252N3",NULL,NULL,NULL,NULL,NULL,NULL,NULL,NULL
"25","Nagaland","2","B","CISF","N","UR","9",35,35,35,NULL,NULL,NULL,NULL,"252N9","52.88305","33.5","10.75","2002-09-15",NULL,NULL,NULL,NULL
"25","Nagaland","2","C","CRPF","B","EWS","0",2,2,2,NULL,NULL,NULL,NULL,"252B0",NULL,NULL,NULL,NULL,NULL,NULL,NULL,NULL
"25","Nagaland","2","C","CRPF","B","ST","2",7,7,7,NULL,NULL,NULL,NULL,"252B2","45.92473","20.75","8.5","2006-04-04",NULL,NULL,NULL,NULL
"25","Nagaland","2","C","CRPF","B","ESM","3",2,2,2,NULL,NULL,NULL,NULL,"252B3",NULL,NULL,NULL,NULL,NULL,NULL,NULL,NULL
"25","Nagaland","2","C","CRPF","B","UR","9",7,7,7,NULL,NULL,NULL,NULL,"252B9","48.01669","11.75","1","2003-03-27",NULL,NULL,NULL,NULL
"25","Nagaland","2","C","CRPF","G","EWS","0",1,1,1,NULL,NULL,NULL,NULL,"252G0",NULL,NULL,NULL,NULL,NULL,NULL,NULL,NULL
"25","Nagaland","2","C","CRPF","G","ST","2",5,5,5,NULL,NULL,NULL,NULL,"252G2","47.7582","20.25","6.75","2006-06-06",NULL,NULL,NULL,NULL
"25","Nagaland","2","C","CRPF","G","ESM","3",1,1,1,NULL,NULL,NULL,NULL,"252G3",NULL,NULL,NULL,NULL,NULL,NULL,NULL,NULL
"25","Nagaland","2","C","CRPF","G","UR","9",5,5,5,NULL,NULL,NULL,NULL,"252G9","48.4873","8.5","10.75","2005-11-09",NULL,NULL,NULL,NULL
"25","Nagaland","2","C","CRPF","N","EWS","0",7,7,7,NULL,NULL,NULL,NULL,"252N0","55.80613","17.75","4.5","2003-07-12",NULL,NULL,NULL,NULL
"25","Nagaland","2","C","CRPF","N","ST","2",33,33,33,NULL,NULL,NULL,NULL,"252N2","50.35182","24.75","11","1997-02-23",NULL,NULL,NULL,NULL
"25","Nagaland","2","C","CRPF","N","ESM","3",7,7,7,NULL,NULL,NULL,NULL,"252N3",NULL,NULL,NULL,NULL,NULL,NULL,NULL,NULL
"25","Nagaland","2","C","CRPF","N","UR","9",33,33,33,NULL,NULL,NULL,NULL,"252N9","52.88305","33.5","10.75","2002-09-15",NULL,NULL,NULL,NULL
"25","Nagaland","2","D","SSB","G","ST","2",1,1,1,NULL,NULL,NULL,NULL,"252G2","47.7582","20.25","6.75","2006-06-06",NULL,NULL,NULL,NULL
"25","Nagaland","2","D","SSB","G","OBC","6",1,1,1,NULL,NULL,NULL,NULL,"252G6",NULL,NULL,NULL,NULL,NULL,NULL,NULL,NULL
"25","Nagaland","2","D","SSB","G","UR","9",2,2,2,NULL,NULL,NULL,NULL,"252G9","48.4873","8.5","10.75","2005-11-09",NULL,NULL,NULL,NULL
"25","Nagaland","2","D","SSB","N","ST","2",2,2,2,NULL,NULL,NULL,NULL,"252N2","50.35182","24.75","11","1997-02-23",NULL,NULL,NULL,NULL
"25","Nagaland","2","D","SSB","N","UR","9",2,2,2,NULL,NULL,NULL,NULL,"252N9","52.88305","33.5","10.75","2002-09-15",NULL,NULL,NULL,NULL
"25","Nagaland","2","E","ITBP","G","ST","2",1,1,1,NULL,NULL,NULL,NULL,"252G2","47.7582","20.25","6.75","2006-06-06",NULL,NULL,NULL,NULL
"25","Nagaland","2","E","ITBP","G","UR","9",1,1,1,NULL,NULL,NULL,NULL,"252G9","48.4873","8.5","10.75","2005-11-09",NULL,NULL,NULL,NULL
"25","Nagaland","2","E","ITBP","N","EWS","0",1,1,1,NULL,NULL,NULL,NULL,"252N0","55.80613","17.75","4.5","2003-07-12",NULL,NULL,NULL,NULL
"25","Nagaland","2","E","ITBP","N","ST","2",6,6,6,NULL,NULL,NULL,NULL,"252N2","50.35182","24.75","11","1997-02-23",NULL,NULL,NULL,NULL
"25","Nagaland","2","E","ITBP","N","ESM","3",1,1,1,NULL,NULL,NULL,NULL,"252N3",NULL,NULL,NULL,NULL,NULL,NULL,NULL,NULL
"25","Nagaland","2","E","ITBP","N","UR","9",7,7,7,NULL,NULL,NULL,NULL,"252N9","52.88305","33.5","10.75","2002-09-15",NULL,NULL,NULL,NULL
"25","Nagaland","2","F","AR","B","EWS","0",15,15,15,NULL,NULL,NULL,NULL,"252B0",NULL,NULL,NULL,NULL,NULL,NULL,NULL,NULL
"25","Nagaland","2","F","AR","B","SC","1",10,10,10,NULL,NULL,NULL,NULL,"252B1","75.6307","31","6.25","2001-10-29",NULL,NULL,NULL,NULL
"25","Nagaland","2","F","AR","B","ST","2",46,46,46,NULL,NULL,NULL,NULL,"252B2","45.92473","20.75","8.5","2006-04-04",NULL,NULL,NULL,NULL
"25","Nagaland","2","F","AR","B","ESM","3",36,36,36,NULL,NULL,NULL,NULL,"252B3",NULL,NULL,NULL,NULL,NULL,NULL,NULL,NULL
"25","Nagaland","2","F","AR","B","OBC","6",17,17,17,NULL,NULL,NULL,NULL,"252B6",NULL,NULL,NULL,NULL,NULL,NULL,NULL,NULL
"25","Nagaland","2","F","AR","B","UR","9",269,269,269,NULL,NULL,NULL,NULL,"252B9","48.01669","11.75","1","2003-03-27",NULL,NULL,NULL,NULL
"25","Nagaland","2","F","AR","G","UR","9",2,2,2,NULL,NULL,NULL,NULL,"252G9","48.4873","8.5","10.75","2005-11-09",NULL,NULL,NULL,NULL
"25","Nagaland","2","F","AR","N","ST","2",3,3,3,NULL,NULL,NULL,NULL,"252N2","50.35182","24.75","11","1997-02-23",NULL,NULL,NULL,NULL
"25","Nagaland","2","F","AR","N","ESM","3",1,1,1,NULL,NULL,NULL,NULL,"252N3",NULL,NULL,NULL,NULL,NULL,NULL,NULL,NULL
"25","Nagaland","2","F","AR","N","UR","9",3,3,3,NULL,NULL,NULL,NULL,"252N9","52.88305","33.5","10.75","2002-09-15",NULL,NULL,NULL,NULL
"26","Odisha ","1","A","BSF","G","EWS","0",4,4,4,NULL,NULL,NULL,NULL,"261G0","76.08929","31","12.75","2004-07-03",NULL,NULL,NULL,NULL
"26","Odisha ","1","A","BSF","G","SC","1",7,7,7,NULL,NULL,NULL,NULL,"261G1","76.86888","31","10.75","2003-10-28",NULL,NULL,NULL,NULL
"26","Odisha ","1","A","BSF","G","ST","2",9,9,9,NULL,NULL,NULL,NULL,"261G2","83.48661","35.75","11.25","2001-03-10",NULL,NULL,NULL,NULL
"26","Odisha ","1","A","BSF","G","ESM","3",4,4,4,NULL,NULL,NULL,NULL,"261G3",NULL,NULL,NULL,NULL,NULL,NULL,NULL,NULL
"26","Odisha ","1","A","BSF","G","OBC","6",5,5,5,NULL,NULL,NULL,NULL,"261G6","94.23448","35.75","8.5","1999-05-05",NULL,NULL,NULL,NULL
"26","Odisha ","1","A","BSF","G","UR","9",16,16,16,NULL,NULL,NULL,NULL,"261G9","90.88037","36","6","2002-01-17",NULL,NULL,NULL,NULL
"26","Odisha ","1","A","BSF","N","EWS","0",6,6,6,NULL,NULL,NULL,NULL,"261N0",NULL,NULL,NULL,NULL,NULL,NULL,NULL,NULL
"26","Odisha ","1","A","BSF","N","SC","1",10,10,10,NULL,NULL,NULL,NULL,"261N1","37.2997","9","1.5","2003-08-02",NULL,NULL,NULL,NULL
"26","Odisha ","1","A","BSF","N","ST","2",12,12,12,NULL,NULL,NULL,NULL,"261N2","50.78746","29","0","2005-08-10",NULL,NULL,NULL,NULL
"26","Odisha ","1","A","BSF","N","ESM","3",6,6,6,NULL,NULL,NULL,NULL,"261N3",NULL,NULL,NULL,NULL,NULL,NULL,NULL,NULL
"26","Odisha ","1","A","BSF","N","OBC","6",7,7,7,NULL,NULL,NULL,NULL,"261N6","44.1349","24.75","1.75","2005-03-18",NULL,NULL,NULL,NULL
"26","Odisha ","1","A","BSF","N","UR","9",22,22,22,NULL,NULL,NULL,NULL,"261N9","48.25676","14.5","6.75","2003-09-29",NULL,NULL,NULL,NULL
"26","Odisha ","1","B","CISF","G","EWS","0",3,3,3,NULL,NULL,NULL,NULL,"261G0","76.08929","31","12.75","2004-07-03",NULL,NULL,NULL,NULL
"26","Odisha ","1","B","CISF","G","SC","1",5,5,5,NULL,NULL,NULL,NULL,"261G1","76.86888","31","10.75","2003-10-28",NULL,NULL,NULL,NULL
"26","Odisha ","1","B","CISF","G","ST","2",6,6,6,NULL,NULL,NULL,NULL,"261G2","83.48661","35.75","11.25","2001-03-10",NULL,NULL,NULL,NULL
"26","Odisha ","1","B","CISF","G","ESM","3",3,3,3,NULL,NULL,NULL,NULL,"261G3",NULL,NULL,NULL,NULL,NULL,NULL,NULL,NULL
"26","Odisha ","1","B","CISF","G","OBC","6",3,3,3,NULL,NULL,NULL,NULL,"261G6","94.23448","35.75","8.5","1999-05-05",NULL,NULL,NULL,NULL
"26","Odisha ","1","B","CISF","G","UR","9",11,11,11,NULL,NULL,NULL,NULL,"261G9","90.88037","36","6","2002-01-17",NULL,NULL,NULL,NULL
"26","Odisha ","1","B","CISF","N","EWS","0",4,4,4,NULL,NULL,NULL,NULL,"261N0",NULL,NULL,NULL,NULL,NULL,NULL,NULL,NULL
"26","Odisha ","1","B","CISF","N","SC","1",5,5,5,NULL,NULL,NULL,NULL,"261N1","37.2997","9","1.5","2003-08-02",NULL,NULL,NULL,NULL
"26","Odisha ","1","B","CISF","N","ST","2",7,7,7,NULL,NULL,NULL,NULL,"261N2","50.78746","29","0","2005-08-10",NULL,NULL,NULL,NULL
"26","Odisha ","1","B","CISF","N","ESM","3",3,3,3,NULL,NULL,NULL,NULL,"261N3",NULL,NULL,NULL,NULL,NULL,NULL,NULL,NULL
"26","Odisha ","1","B","CISF","N","OBC","6",4,4,4,NULL,NULL,NULL,NULL,"261N6","44.1349","24.75","1.75","2005-03-18",NULL,NULL,NULL,NULL
"4","Assam","2","B","CISF","B","ESM","3",21,21,21,NULL,NULL,NULL,NULL,"42B3",NULL,NULL,NULL,NULL,NULL,NULL,NULL,NULL
"26","Odisha ","1","B","CISF","N","UR","9",13,13,13,NULL,NULL,NULL,NULL,"261N9","48.25676","14.5","6.75","2003-09-29",NULL,NULL,NULL,NULL
"26","Odisha ","1","C","CRPF","G","EWS","0",1,1,1,NULL,NULL,NULL,NULL,"261G0","76.08929","31","12.75","2004-07-03",NULL,NULL,NULL,NULL
"26","Odisha ","1","C","CRPF","G","SC","1",2,2,2,NULL,NULL,NULL,NULL,"261G1","76.86888","31","10.75","2003-10-28",NULL,NULL,NULL,NULL
"26","Odisha ","1","C","CRPF","G","ST","2",2,2,2,NULL,NULL,NULL,NULL,"261G2","83.48661","35.75","11.25","2001-03-10",NULL,NULL,NULL,NULL
"26","Odisha ","1","C","CRPF","G","ESM","3",1,1,1,NULL,NULL,NULL,NULL,"261G3",NULL,NULL,NULL,NULL,NULL,NULL,NULL,NULL
"26","Odisha ","1","C","CRPF","G","OBC","6",1,1,1,NULL,NULL,NULL,NULL,"261G6","94.23448","35.75","8.5","1999-05-05",NULL,NULL,NULL,NULL
"26","Odisha ","1","C","CRPF","G","UR","9",4,4,4,NULL,NULL,NULL,NULL,"261G9","90.88037","36","6","2002-01-17",NULL,NULL,NULL,NULL
"26","Odisha ","1","C","CRPF","N","EWS","0",1,1,1,NULL,NULL,NULL,NULL,"261N0",NULL,NULL,NULL,NULL,NULL,NULL,NULL,NULL
"26","Odisha ","1","C","CRPF","N","SC","1",2,2,2,NULL,NULL,NULL,NULL,"261N1","37.2997","9","1.5","2003-08-02",NULL,NULL,NULL,NULL
"26","Odisha ","1","C","CRPF","N","ST","2",2,2,2,NULL,NULL,NULL,NULL,"261N2","50.78746","29","0","2005-08-10",NULL,NULL,NULL,NULL
"26","Odisha ","1","C","CRPF","N","ESM","3",1,1,1,NULL,NULL,NULL,NULL,"261N3",NULL,NULL,NULL,NULL,NULL,NULL,NULL,NULL
"26","Odisha ","1","C","CRPF","N","OBC","6",1,1,1,NULL,NULL,NULL,NULL,"261N6","44.1349","24.75","1.75","2005-03-18",NULL,NULL,NULL,NULL
"26","Odisha ","1","C","CRPF","N","UR","9",5,5,5,NULL,NULL,NULL,NULL,"261N9","48.25676","14.5","6.75","2003-09-29",NULL,NULL,NULL,NULL
"26","Odisha ","1","E","ITBP","G","EWS","0",1,1,1,NULL,NULL,NULL,NULL,"261G0","76.08929","31","12.75","2004-07-03",NULL,NULL,NULL,NULL
"26","Odisha ","1","E","ITBP","G","SC","1",1,1,1,NULL,NULL,NULL,NULL,"261G1","76.86888","31","10.75","2003-10-28",NULL,NULL,NULL,NULL
"26","Odisha ","1","E","ITBP","G","ST","2",2,2,2,NULL,NULL,NULL,NULL,"261G2","83.48661","35.75","11.25","2001-03-10",NULL,NULL,NULL,NULL
"26","Odisha ","1","E","ITBP","G","ESM","3",1,1,1,NULL,NULL,NULL,NULL,"261G3",NULL,NULL,NULL,NULL,NULL,NULL,NULL,NULL
"26","Odisha ","1","E","ITBP","G","OBC","6",1,1,1,NULL,NULL,NULL,NULL,"261G6","94.23448","35.75","8.5","1999-05-05",NULL,NULL,NULL,NULL
"26","Odisha ","1","E","ITBP","G","UR","9",3,3,3,NULL,NULL,NULL,NULL,"261G9","90.88037","36","6","2002-01-17",NULL,NULL,NULL,NULL
"26","Odisha ","1","E","ITBP","N","EWS","0",1,1,1,NULL,NULL,NULL,NULL,"261N0",NULL,NULL,NULL,NULL,NULL,NULL,NULL,NULL
"26","Odisha ","1","E","ITBP","N","SC","1",1,1,1,NULL,NULL,NULL,NULL,"261N1","37.2997","9","1.5","2003-08-02",NULL,NULL,NULL,NULL
"26","Odisha ","1","E","ITBP","N","ST","2",2,2,2,NULL,NULL,NULL,NULL,"261N2","50.78746","29","0","2005-08-10",NULL,NULL,NULL,NULL
"26","Odisha ","1","E","ITBP","N","ESM","3",1,1,1,NULL,NULL,NULL,NULL,"261N3",NULL,NULL,NULL,NULL,NULL,NULL,NULL,NULL
"26","Odisha ","1","E","ITBP","N","OBC","6",1,1,1,NULL,NULL,NULL,NULL,"261N6","44.1349","24.75","1.75","2005-03-18",NULL,NULL,NULL,NULL
"26","Odisha ","1","E","ITBP","N","UR","9",4,4,4,NULL,NULL,NULL,NULL,"261N9","48.25676","14.5","6.75","2003-09-29",NULL,NULL,NULL,NULL
"26","Odisha ","1","F","AR","G","ST","2",1,1,1,NULL,NULL,NULL,NULL,"261G2","83.48661","35.75","11.25","2001-03-10",NULL,NULL,NULL,NULL
"26","Odisha ","1","F","AR","G","UR","9",1,1,1,NULL,NULL,NULL,NULL,"261G9","90.88037","36","6","2002-01-17",NULL,NULL,NULL,NULL
"26","Odisha ","1","F","AR","N","ST","2",1,1,1,NULL,NULL,NULL,NULL,"261N2","50.78746","29","0","2005-08-10",NULL,NULL,NULL,NULL
"26","Odisha ","1","F","AR","N","UR","9",1,1,1,NULL,NULL,NULL,NULL,"261N9","48.25676","14.5","6.75","2003-09-29",NULL,NULL,NULL,NULL
"26","Odisha ","2","A","BSF","G","EWS","0",23,23,23,NULL,NULL,NULL,NULL,"262G0","64.64776","22.5","11","2002-01-07",NULL,NULL,NULL,NULL
"26","Odisha ","2","A","BSF","G","SC","1",37,37,37,NULL,NULL,NULL,NULL,"262G1","67.91975","28.75","4","2004-05-03",NULL,NULL,NULL,NULL
"26","Odisha ","2","A","BSF","G","ST","2",51,51,51,NULL,NULL,NULL,NULL,"262G2","71.56188","17.5","13","2003-06-15",NULL,NULL,NULL,NULL
"26","Odisha ","2","A","BSF","G","ESM","3",23,23,23,NULL,NULL,NULL,NULL,"262G3","63.74775","13.25","15.25","1985-11-27",NULL,NULL,NULL,NULL
"26","Odisha ","2","A","BSF","G","OBC","6",28,28,28,NULL,NULL,NULL,NULL,"262G6","87.66249","31","15.5","1999-04-15",NULL,NULL,NULL,NULL
"26","Odisha ","2","A","BSF","G","UR","9",92,92,92,NULL,NULL,NULL,NULL,"262G9","82.76094","35.5","13","2002-12-22",NULL,NULL,NULL,NULL
"26","Odisha ","2","A","BSF","N","EWS","0",27,27,27,NULL,NULL,NULL,NULL,"262N0","41.71928","10.5","6.25","2002-01-10",NULL,NULL,NULL,NULL
"26","Odisha ","2","A","BSF","N","SC","1",44,44,44,NULL,NULL,NULL,NULL,"262N1","32.54069","13","13","1997-02-28",NULL,NULL,NULL,NULL
"26","Odisha ","2","A","BSF","N","ST","2",61,61,61,NULL,NULL,NULL,NULL,"262N2","49.75092","24.25","6.25","2002-06-19",NULL,NULL,NULL,NULL
"26","Odisha ","2","A","BSF","N","ESM","3",28,28,28,NULL,NULL,NULL,NULL,"262N3",NULL,NULL,NULL,NULL,NULL,NULL,NULL,NULL
"26","Odisha ","2","A","BSF","N","OBC","6",33,33,33,NULL,NULL,NULL,NULL,"262N6","42.05861","19.75","6.25","2002-03-07",NULL,NULL,NULL,NULL
"26","Odisha ","2","A","BSF","N","UR","9",110,110,110,NULL,NULL,NULL,NULL,"262N9","48.07183","1.75","9.25","2004-05-08",NULL,NULL,NULL,NULL
"26","Odisha ","2","B","CISF","G","EWS","0",26,26,26,NULL,NULL,NULL,NULL,"262G0","64.64776","22.5","11","2002-01-07",NULL,NULL,NULL,NULL
"26","Odisha ","2","B","CISF","G","SC","1",41,41,41,NULL,NULL,NULL,NULL,"262G1","67.91975","28.75","4","2004-05-03",NULL,NULL,NULL,NULL
"26","Odisha ","2","B","CISF","G","ST","2",56,56,56,NULL,NULL,NULL,NULL,"262G2","71.56188","17.5","13","2003-06-15",NULL,NULL,NULL,NULL
"26","Odisha ","2","B","CISF","G","ESM","3",26,26,26,NULL,NULL,NULL,NULL,"262G3","63.74775","13.25","15.25","1985-11-27",NULL,NULL,NULL,NULL
"26","Odisha ","2","B","CISF","G","OBC","6",31,31,31,NULL,NULL,NULL,NULL,"262G6","87.66249","31","15.5","1999-04-15",NULL,NULL,NULL,NULL
"26","Odisha ","2","B","CISF","G","UR","9",102,102,102,NULL,NULL,NULL,NULL,"262G9","82.76094","35.5","13","2002-12-22",NULL,NULL,NULL,NULL
"26","Odisha ","2","B","CISF","N","EWS","0",30,30,30,NULL,NULL,NULL,NULL,"262N0","41.71928","10.5","6.25","2002-01-10",NULL,NULL,NULL,NULL
"26","Odisha ","2","B","CISF","N","SC","1",48,48,48,NULL,NULL,NULL,NULL,"262N1","32.54069","13","13","1997-02-28",NULL,NULL,NULL,NULL
"26","Odisha ","2","B","CISF","N","ST","2",67,67,67,NULL,NULL,NULL,NULL,"262N2","49.75092","24.25","6.25","2002-06-19",NULL,NULL,NULL,NULL
"26","Odisha ","2","B","CISF","N","ESM","3",30,30,30,NULL,NULL,NULL,NULL,"262N3",NULL,NULL,NULL,NULL,NULL,NULL,NULL,NULL
"26","Odisha ","2","B","CISF","N","OBC","6",36,36,36,NULL,NULL,NULL,NULL,"262N6","42.05861","19.75","6.25","2002-03-07",NULL,NULL,NULL,NULL
"26","Odisha ","2","B","CISF","N","UR","9",121,121,121,NULL,NULL,NULL,NULL,"262N9","48.07183","1.75","9.25","2004-05-08",NULL,NULL,NULL,NULL
"26","Odisha ","2","C","CRPF","G","EWS","0",24,24,24,NULL,NULL,NULL,NULL,"262G0","64.64776","22.5","11","2002-01-07",NULL,NULL,NULL,NULL
"26","Odisha ","2","C","CRPF","G","SC","1",38,38,38,NULL,NULL,NULL,NULL,"262G1","67.91975","28.75","4","2004-05-03",NULL,NULL,NULL,NULL
"26","Odisha ","2","C","CRPF","G","ST","2",52,52,52,NULL,NULL,NULL,NULL,"262G2","71.56188","17.5","13","2003-06-15",NULL,NULL,NULL,NULL
"26","Odisha ","2","C","CRPF","G","ESM","3",24,24,24,NULL,NULL,NULL,NULL,"262G3","63.74775","13.25","15.25","1985-11-27",NULL,NULL,NULL,NULL
"26","Odisha ","2","C","CRPF","G","OBC","6",29,29,29,NULL,NULL,NULL,NULL,"262G6","87.66249","31","15.5","1999-04-15",NULL,NULL,NULL,NULL
"26","Odisha ","2","C","CRPF","G","UR","9",95,95,95,NULL,NULL,NULL,NULL,"262G9","82.76094","35.5","13","2002-12-22",NULL,NULL,NULL,NULL
"26","Odisha ","2","C","CRPF","N","EWS","0",27,27,27,NULL,NULL,NULL,NULL,"262N0","41.71928","10.5","6.25","2002-01-10",NULL,NULL,NULL,NULL
"26","Odisha ","2","C","CRPF","N","SC","1",44,44,44,NULL,NULL,NULL,NULL,"262N1","32.54069","13","13","1997-02-28",NULL,NULL,NULL,NULL
"26","Odisha ","2","C","CRPF","N","ST","2",60,60,60,NULL,NULL,NULL,NULL,"262N2","49.75092","24.25","6.25","2002-06-19",NULL,NULL,NULL,NULL
"26","Odisha ","2","C","CRPF","N","ESM","3",27,27,27,NULL,NULL,NULL,NULL,"262N3",NULL,NULL,NULL,NULL,NULL,NULL,NULL,NULL
"26","Odisha ","2","C","CRPF","N","OBC","6",33,33,33,NULL,NULL,NULL,NULL,"262N6","42.05861","19.75","6.25","2002-03-07",NULL,NULL,NULL,NULL
"26","Odisha ","2","C","CRPF","N","UR","9",108,108,108,NULL,NULL,NULL,NULL,"262N9","48.07183","1.75","9.25","2004-05-08",NULL,NULL,NULL,NULL
"26","Odisha ","2","D","SSB","G","EWS","0",1,1,1,NULL,NULL,NULL,NULL,"262G0","64.64776","22.5","11","2002-01-07",NULL,NULL,NULL,NULL
"26","Odisha ","2","D","SSB","G","SC","1",2,2,2,NULL,NULL,NULL,NULL,"262G1","67.91975","28.75","4","2004-05-03",NULL,NULL,NULL,NULL
"26","Odisha ","2","D","SSB","G","ST","2",3,3,3,NULL,NULL,NULL,NULL,"262G2","71.56188","17.5","13","2003-06-15",NULL,NULL,NULL,NULL
"26","Odisha ","2","D","SSB","G","ESM","3",1,1,1,NULL,NULL,NULL,NULL,"262G3","63.74775","13.25","15.25","1985-11-27",NULL,NULL,NULL,NULL
"26","Odisha ","2","D","SSB","G","OBC","6",2,2,2,NULL,NULL,NULL,NULL,"262G6","87.66249","31","15.5","1999-04-15",NULL,NULL,NULL,NULL
"26","Odisha ","2","D","SSB","G","UR","9",6,6,6,NULL,NULL,NULL,NULL,"262G9","82.76094","35.5","13","2002-12-22",NULL,NULL,NULL,NULL
"26","Odisha ","2","D","SSB","N","EWS","0",2,2,2,NULL,NULL,NULL,NULL,"262N0","41.71928","10.5","6.25","2002-01-10",NULL,NULL,NULL,NULL
"26","Odisha ","2","D","SSB","N","SC","1",3,3,3,NULL,NULL,NULL,NULL,"262N1","32.54069","13","13","1997-02-28",NULL,NULL,NULL,NULL
"26","Odisha ","2","D","SSB","N","ST","2",4,4,4,NULL,NULL,NULL,NULL,"262N2","49.75092","24.25","6.25","2002-06-19",NULL,NULL,NULL,NULL
"26","Odisha ","2","D","SSB","N","ESM","3",2,2,2,NULL,NULL,NULL,NULL,"262N3",NULL,NULL,NULL,NULL,NULL,NULL,NULL,NULL
"26","Odisha ","2","D","SSB","N","OBC","6",2,2,2,NULL,NULL,NULL,NULL,"262N6","42.05861","19.75","6.25","2002-03-07",NULL,NULL,NULL,NULL
"26","Odisha ","2","D","SSB","N","UR","9",6,6,6,NULL,NULL,NULL,NULL,"262N9","48.07183","1.75","9.25","2004-05-08",NULL,NULL,NULL,NULL
"26","Odisha ","2","E","ITBP","G","EWS","0",4,4,4,NULL,NULL,NULL,NULL,"262G0","64.64776","22.5","11","2002-01-07",NULL,NULL,NULL,NULL
"26","Odisha ","2","E","ITBP","G","SC","1",7,7,7,NULL,NULL,NULL,NULL,"262G1","67.91975","28.75","4","2004-05-03",NULL,NULL,NULL,NULL
"26","Odisha ","2","E","ITBP","G","ST","2",10,10,10,NULL,NULL,NULL,NULL,"262G2","71.56188","17.5","13","2003-06-15",NULL,NULL,NULL,NULL
"26","Odisha ","2","E","ITBP","G","ESM","3",4,4,4,NULL,NULL,NULL,NULL,"262G3","63.74775","13.25","15.25","1985-11-27",NULL,NULL,NULL,NULL
"26","Odisha ","2","E","ITBP","G","OBC","6",5,5,5,NULL,NULL,NULL,NULL,"262G6","87.66249","31","15.5","1999-04-15",NULL,NULL,NULL,NULL
"26","Odisha ","2","E","ITBP","G","UR","9",18,18,18,NULL,NULL,NULL,NULL,"262G9","82.76094","35.5","13","2002-12-22",NULL,NULL,NULL,NULL
"26","Odisha ","2","E","ITBP","N","EWS","0",5,5,5,NULL,NULL,NULL,NULL,"262N0","41.71928","10.5","6.25","2002-01-10",NULL,NULL,NULL,NULL
"26","Odisha ","2","E","ITBP","N","SC","1",8,8,8,NULL,NULL,NULL,NULL,"262N1","32.54069","13","13","1997-02-28",NULL,NULL,NULL,NULL
"26","Odisha ","2","E","ITBP","N","ST","2",12,12,12,NULL,NULL,NULL,NULL,"262N2","49.75092","24.25","6.25","2002-06-19",NULL,NULL,NULL,NULL
"26","Odisha ","2","E","ITBP","N","ESM","3",5,5,5,NULL,NULL,NULL,NULL,"262N3",NULL,NULL,NULL,NULL,NULL,NULL,NULL,NULL
"26","Odisha ","2","E","ITBP","N","OBC","6",6,6,6,NULL,NULL,NULL,NULL,"262N6","42.05861","19.75","6.25","2002-03-07",NULL,NULL,NULL,NULL
"26","Odisha ","2","E","ITBP","N","UR","9",21,21,21,NULL,NULL,NULL,NULL,"262N9","48.07183","1.75","9.25","2004-05-08",NULL,NULL,NULL,NULL
"26","Odisha ","2","F","AR","G","EWS","0",2,2,2,NULL,NULL,NULL,NULL,"262G0","64.64776","22.5","11","2002-01-07",NULL,NULL,NULL,NULL
"26","Odisha ","2","F","AR","G","SC","1",3,3,3,NULL,NULL,NULL,NULL,"262G1","67.91975","28.75","4","2004-05-03",NULL,NULL,NULL,NULL
"26","Odisha ","2","F","AR","G","ST","2",5,5,5,NULL,NULL,NULL,NULL,"262G2","71.56188","17.5","13","2003-06-15",NULL,NULL,NULL,NULL
"26","Odisha ","2","F","AR","G","ESM","3",2,2,2,NULL,NULL,NULL,NULL,"262G3","63.74775","13.25","15.25","1985-11-27",NULL,NULL,NULL,NULL
"26","Odisha ","2","F","AR","G","OBC","6",2,2,2,NULL,NULL,NULL,NULL,"262G6","87.66249","31","15.5","1999-04-15",NULL,NULL,NULL,NULL
"26","Odisha ","2","F","AR","G","UR","9",8,8,8,NULL,NULL,NULL,NULL,"262G9","82.76094","35.5","13","2002-12-22",NULL,NULL,NULL,NULL
"26","Odisha ","2","F","AR","N","EWS","0",2,2,2,NULL,NULL,NULL,NULL,"262N0","41.71928","10.5","6.25","2002-01-10",NULL,NULL,NULL,NULL
"26","Odisha ","2","F","AR","N","SC","1",4,4,4,NULL,NULL,NULL,NULL,"262N1","32.54069","13","13","1997-02-28",NULL,NULL,NULL,NULL
"26","Odisha ","2","F","AR","N","ST","2",5,5,5,NULL,NULL,NULL,NULL,"262N2","49.75092","24.25","6.25","2002-06-19",NULL,NULL,NULL,NULL
"26","Odisha ","2","F","AR","N","ESM","3",2,2,2,NULL,NULL,NULL,NULL,"262N3",NULL,NULL,NULL,NULL,NULL,NULL,NULL,NULL
"26","Odisha ","2","F","AR","N","OBC","6",3,3,3,NULL,NULL,NULL,NULL,"262N6","42.05861","19.75","6.25","2002-03-07",NULL,NULL,NULL,NULL
"26","Odisha ","2","F","AR","N","UR","9",9,9,9,NULL,NULL,NULL,NULL,"262N9","48.07183","1.75","9.25","2004-05-08",NULL,NULL,NULL,NULL
"27","Pondicherry","1","A","BSF","G","UR","9",2,2,2,NULL,NULL,NULL,NULL,"271G9",NULL,NULL,NULL,NULL,NULL,NULL,NULL,NULL
"27","Pondicherry","1","B","CISF","G","UR","9",3,3,3,NULL,NULL,NULL,NULL,"271G9",NULL,NULL,NULL,NULL,NULL,NULL,NULL,NULL
"27","Pondicherry","1","F","AR","G","UR","9",1,1,1,NULL,NULL,NULL,NULL,"271G9",NULL,NULL,NULL,NULL,NULL,NULL,NULL,NULL
"27","Pondicherry","2","A","BSF","G","EWS","0",1,1,1,NULL,NULL,NULL,NULL,"272G0",NULL,NULL,NULL,NULL,NULL,NULL,NULL,NULL
"27","Pondicherry","2","A","BSF","G","SC","1",1,1,1,NULL,NULL,NULL,NULL,"272G1",NULL,NULL,NULL,NULL,NULL,NULL,NULL,NULL
"27","Pondicherry","2","A","BSF","G","ESM","3",1,1,1,NULL,NULL,NULL,NULL,"272G3",NULL,NULL,NULL,NULL,NULL,NULL,NULL,NULL
"27","Pondicherry","2","A","BSF","G","OBC","6",2,2,2,NULL,NULL,NULL,NULL,"272G6","50.4341","17.75","8","1999-06-22",NULL,NULL,NULL,NULL
"27","Pondicherry","2","A","BSF","G","UR","9",4,4,4,NULL,NULL,NULL,NULL,"272G9","51.05751","27","7","2004-09-17",NULL,NULL,NULL,NULL
"27","Pondicherry","2","B","CISF","G","EWS","0",1,1,1,NULL,NULL,NULL,NULL,"272G0",NULL,NULL,NULL,NULL,NULL,NULL,NULL,NULL
"27","Pondicherry","2","B","CISF","G","SC","1",2,2,2,NULL,NULL,NULL,NULL,"272G1",NULL,NULL,NULL,NULL,NULL,NULL,NULL,NULL
"27","Pondicherry","2","B","CISF","G","ESM","3",1,1,1,NULL,NULL,NULL,NULL,"272G3",NULL,NULL,NULL,NULL,NULL,NULL,NULL,NULL
"27","Pondicherry","2","B","CISF","G","OBC","6",2,2,2,NULL,NULL,NULL,NULL,"272G6","50.4341","17.75","8","1999-06-22",NULL,NULL,NULL,NULL
"27","Pondicherry","2","B","CISF","G","UR","9",5,5,5,NULL,NULL,NULL,NULL,"272G9","51.05751","27","7","2004-09-17",NULL,NULL,NULL,NULL
"27","Pondicherry","2","C","CRPF","G","EWS","0",1,1,1,NULL,NULL,NULL,NULL,"272G0",NULL,NULL,NULL,NULL,NULL,NULL,NULL,NULL
"27","Pondicherry","2","C","CRPF","G","SC","1",1,1,1,NULL,NULL,NULL,NULL,"272G1",NULL,NULL,NULL,NULL,NULL,NULL,NULL,NULL
"27","Pondicherry","2","C","CRPF","G","ESM","3",1,1,1,NULL,NULL,NULL,NULL,"272G3",NULL,NULL,NULL,NULL,NULL,NULL,NULL,NULL
"27","Pondicherry","2","C","CRPF","G","OBC","6",2,2,2,NULL,NULL,NULL,NULL,"272G6","50.4341","17.75","8","1999-06-22",NULL,NULL,NULL,NULL
"27","Pondicherry","2","C","CRPF","G","UR","9",3,3,3,NULL,NULL,NULL,NULL,"272G9","51.05751","27","7","2004-09-17",NULL,NULL,NULL,NULL
"27","Pondicherry","2","D","SSB","G","EWS","0",1,1,1,NULL,NULL,NULL,NULL,"272G0",NULL,NULL,NULL,NULL,NULL,NULL,NULL,NULL
"27","Pondicherry","2","E","ITBP","G","UR","9",4,4,4,NULL,NULL,NULL,NULL,"272G9","51.05751","27","7","2004-09-17",NULL,NULL,NULL,NULL
"27","Pondicherry","2","F","AR","G","UR","9",1,1,1,NULL,NULL,NULL,NULL,"272G9","51.05751","27","7","2004-09-17",NULL,NULL,NULL,NULL
"28","Punjab","1","A","BSF","B","EWS","0",6,6,6,NULL,NULL,NULL,NULL,"281B0","88.11431","25","22.75","2002-01-13",NULL,NULL,NULL,NULL
"28","Punjab","1","A","BSF","B","SC","1",16,16,16,NULL,NULL,NULL,NULL,"281B1","89.9048","29.25","7.5","2000-06-10",NULL,NULL,NULL,NULL
"28","Punjab","1","A","BSF","B","ESM","3",6,6,6,NULL,NULL,NULL,NULL,"281B3",NULL,NULL,NULL,NULL,NULL,NULL,NULL,NULL
"28","Punjab","1","A","BSF","B","OBC","6",12,12,12,NULL,NULL,NULL,NULL,"281B6","92.91","28.75","15.25","2001-01-07",NULL,NULL,NULL,NULL
"28","Punjab","1","A","BSF","B","UR","9",23,23,23,NULL,NULL,NULL,NULL,"281B9","94.69691","38","13.75","2004-01-06",NULL,NULL,NULL,NULL
"28","Punjab","1","A","BSF","G","EWS","0",3,3,3,NULL,NULL,NULL,NULL,"281G0","89.83472","16","22","2005-12-27",NULL,NULL,NULL,NULL
"28","Punjab","1","A","BSF","G","SC","1",8,8,8,NULL,NULL,NULL,NULL,"281G1","94.84324","33.25","6.5","2003-02-18",NULL,NULL,NULL,NULL
"28","Punjab","1","A","BSF","G","ESM","3",3,3,3,NULL,NULL,NULL,NULL,"281G3",NULL,NULL,NULL,NULL,NULL,NULL,NULL,NULL
"28","Punjab","1","A","BSF","G","OBC","6",5,5,5,NULL,NULL,NULL,NULL,"281G6","95.04843","35.5","6.75","2001-11-30",NULL,NULL,NULL,NULL
"28","Punjab","1","A","BSF","G","UR","9",11,11,11,NULL,NULL,NULL,NULL,"281G9","98.78982","28.75","13","2003-05-30",NULL,NULL,NULL,NULL
"28","Punjab","1","B","CISF","B","EWS","0",3,3,3,NULL,NULL,NULL,NULL,"281B0","88.11431","25","22.75","2002-01-13",NULL,NULL,NULL,NULL
"28","Punjab","1","B","CISF","B","SC","1",7,7,7,NULL,NULL,NULL,NULL,"281B1","89.9048","29.25","7.5","2000-06-10",NULL,NULL,NULL,NULL
"28","Punjab","1","B","CISF","B","ESM","3",3,3,3,NULL,NULL,NULL,NULL,"281B3",NULL,NULL,NULL,NULL,NULL,NULL,NULL,NULL
"28","Punjab","1","B","CISF","B","OBC","6",5,5,5,NULL,NULL,NULL,NULL,"281B6","92.91","28.75","15.25","2001-01-07",NULL,NULL,NULL,NULL
"28","Punjab","1","B","CISF","B","UR","9",10,10,10,NULL,NULL,NULL,NULL,"281B9","94.69691","38","13.75","2004-01-06",NULL,NULL,NULL,NULL
"28","Punjab","1","B","CISF","G","EWS","0",2,2,2,NULL,NULL,NULL,NULL,"281G0","89.83472","16","22","2005-12-27",NULL,NULL,NULL,NULL
"28","Punjab","1","B","CISF","G","SC","1",5,5,5,NULL,NULL,NULL,NULL,"281G1","94.84324","33.25","6.5","2003-02-18",NULL,NULL,NULL,NULL
"28","Punjab","1","B","CISF","G","ESM","3",2,2,2,NULL,NULL,NULL,NULL,"281G3",NULL,NULL,NULL,NULL,NULL,NULL,NULL,NULL
"28","Punjab","1","B","CISF","G","OBC","6",4,4,4,NULL,NULL,NULL,NULL,"281G6","95.04843","35.5","6.75","2001-11-30",NULL,NULL,NULL,NULL
"28","Punjab","1","B","CISF","G","UR","9",8,8,8,NULL,NULL,NULL,NULL,"281G9","98.78982","28.75","13","2003-05-30",NULL,NULL,NULL,NULL
"28","Punjab","1","C","CRPF","B","EWS","0",1,1,1,NULL,NULL,NULL,NULL,"281B0","88.11431","25","22.75","2002-01-13",NULL,NULL,NULL,NULL
"28","Punjab","1","C","CRPF","B","SC","1",3,3,3,NULL,NULL,NULL,NULL,"281B1","89.9048","29.25","7.5","2000-06-10",NULL,NULL,NULL,NULL
"28","Punjab","1","C","CRPF","B","ESM","3",1,1,1,NULL,NULL,NULL,NULL,"281B3",NULL,NULL,NULL,NULL,NULL,NULL,NULL,NULL
"28","Punjab","1","C","CRPF","B","OBC","6",2,2,2,NULL,NULL,NULL,NULL,"281B6","92.91","28.75","15.25","2001-01-07",NULL,NULL,NULL,NULL
"28","Punjab","1","C","CRPF","B","UR","9",4,4,4,NULL,NULL,NULL,NULL,"281B9","94.69691","38","13.75","2004-01-06",NULL,NULL,NULL,NULL
"28","Punjab","1","C","CRPF","G","EWS","0",1,1,1,NULL,NULL,NULL,NULL,"281G0","89.83472","16","22","2005-12-27",NULL,NULL,NULL,NULL
"28","Punjab","1","C","CRPF","G","SC","1",2,2,2,NULL,NULL,NULL,NULL,"281G1","94.84324","33.25","6.5","2003-02-18",NULL,NULL,NULL,NULL
"28","Punjab","1","C","CRPF","G","ESM","3",1,1,1,NULL,NULL,NULL,NULL,"281G3",NULL,NULL,NULL,NULL,NULL,NULL,NULL,NULL
"28","Punjab","1","C","CRPF","G","OBC","6",1,1,1,NULL,NULL,NULL,NULL,"281G6","95.04843","35.5","6.75","2001-11-30",NULL,NULL,NULL,NULL
"28","Punjab","1","C","CRPF","G","UR","9",3,3,3,NULL,NULL,NULL,NULL,"281G9","98.78982","28.75","13","2003-05-30",NULL,NULL,NULL,NULL
"28","Punjab","1","E","ITBP","G","EWS","0",1,1,1,NULL,NULL,NULL,NULL,"281G0","89.83472","16","22","2005-12-27",NULL,NULL,NULL,NULL
"28","Punjab","1","E","ITBP","G","SC","1",2,2,2,NULL,NULL,NULL,NULL,"281G1","94.84324","33.25","6.5","2003-02-18",NULL,NULL,NULL,NULL
"28","Punjab","1","E","ITBP","G","ESM","3",1,1,1,NULL,NULL,NULL,NULL,"281G3",NULL,NULL,NULL,NULL,NULL,NULL,NULL,NULL
"28","Punjab","1","E","ITBP","G","OBC","6",1,1,1,NULL,NULL,NULL,NULL,"281G6","95.04843","35.5","6.75","2001-11-30",NULL,NULL,NULL,NULL
"28","Punjab","1","E","ITBP","G","UR","9",2,2,2,NULL,NULL,NULL,NULL,"281G9","98.78982","28.75","13","2003-05-30",NULL,NULL,NULL,NULL
"28","Punjab","1","F","AR","G","UR","9",1,1,1,NULL,NULL,NULL,NULL,"281G9","98.78982","28.75","13","2003-05-30",NULL,NULL,NULL,NULL
"28","Punjab","2","A","BSF","B","EWS","0",32,32,32,NULL,NULL,NULL,NULL,"282B0","55.77852","21","13","2002-08-21",NULL,NULL,NULL,NULL
"28","Punjab","2","A","BSF","B","SC","1",94,94,94,NULL,NULL,NULL,NULL,"282B1","73.5672","25","-0.5","2004-03-02",NULL,NULL,NULL,NULL
"28","Punjab","2","A","BSF","B","ESM","3",32,32,32,NULL,NULL,NULL,NULL,"282B3","40.82429","1.75","10.75","1981-07-09",NULL,NULL,NULL,NULL
"28","Punjab","2","A","BSF","B","OBC","6",68,68,68,NULL,NULL,NULL,NULL,"282B6","71.422","17.5","10.5","2002-04-04",NULL,NULL,NULL,NULL
"28","Punjab","2","A","BSF","B","UR","9",130,130,130,NULL,NULL,NULL,NULL,"282B9","78.78278","33.75","5.25","2002-07-15",NULL,NULL,NULL,NULL
"28","Punjab","2","A","BSF","G","EWS","0",15,15,15,NULL,NULL,NULL,NULL,"282G0","63.11923","31","4","2005-12-13",NULL,NULL,NULL,NULL
"28","Punjab","2","A","BSF","G","SC","1",44,44,44,NULL,NULL,NULL,NULL,"282G1","80.73551","31.25","12.5","2002-02-01",NULL,NULL,NULL,NULL
"28","Punjab","2","A","BSF","G","ESM","3",15,15,15,NULL,NULL,NULL,NULL,"282G3","36.72866","13","6.25","1986-11-17",NULL,NULL,NULL,NULL
"28","Punjab","2","A","BSF","G","OBC","6",32,32,32,NULL,NULL,NULL,NULL,"282G6","80.837","31","11","2002-09-26",NULL,NULL,NULL,NULL
"28","Punjab","2","A","BSF","G","UR","9",61,61,61,NULL,NULL,NULL,NULL,"282G9","85.16573","29","7","2002-09-03",NULL,NULL,NULL,NULL
"28","Punjab","2","B","CISF","B","EWS","0",23,23,23,NULL,NULL,NULL,NULL,"282B0","55.77852","21","13","2002-08-21",NULL,NULL,NULL,NULL
"28","Punjab","2","B","CISF","B","SC","1",66,66,66,NULL,NULL,NULL,NULL,"282B1","73.5672","25","-0.5","2004-03-02",NULL,NULL,NULL,NULL
"28","Punjab","2","B","CISF","B","ESM","3",23,23,23,NULL,NULL,NULL,NULL,"282B3","40.82429","1.75","10.75","1981-07-09",NULL,NULL,NULL,NULL
"28","Punjab","2","B","CISF","B","OBC","6",47,47,47,NULL,NULL,NULL,NULL,"282B6","71.422","17.5","10.5","2002-04-04",NULL,NULL,NULL,NULL
"28","Punjab","2","B","CISF","B","UR","9",91,91,91,NULL,NULL,NULL,NULL,"282B9","78.78278","33.75","5.25","2002-07-15",NULL,NULL,NULL,NULL
"28","Punjab","2","B","CISF","G","EWS","0",17,17,17,NULL,NULL,NULL,NULL,"282G0","63.11923","31","4","2005-12-13",NULL,NULL,NULL,NULL
"28","Punjab","2","B","CISF","G","SC","1",49,49,49,NULL,NULL,NULL,NULL,"282G1","80.73551","31.25","12.5","2002-02-01",NULL,NULL,NULL,NULL
"28","Punjab","2","B","CISF","G","ESM","3",17,17,17,NULL,NULL,NULL,NULL,"282G3","36.72866","13","6.25","1986-11-17",NULL,NULL,NULL,NULL
"28","Punjab","2","B","CISF","G","OBC","6",35,35,35,NULL,NULL,NULL,NULL,"282G6","80.837","31","11","2002-09-26",NULL,NULL,NULL,NULL
"28","Punjab","2","B","CISF","G","UR","9",68,68,68,NULL,NULL,NULL,NULL,"282G9","85.16573","29","7","2002-09-03",NULL,NULL,NULL,NULL
"28","Punjab","2","C","CRPF","B","EWS","0",21,21,21,NULL,NULL,NULL,NULL,"282B0","55.77852","21","13","2002-08-21",NULL,NULL,NULL,NULL
"28","Punjab","2","C","CRPF","B","SC","1",61,61,61,NULL,NULL,NULL,NULL,"282B1","73.5672","25","-0.5","2004-03-02",NULL,NULL,NULL,NULL
"28","Punjab","2","C","CRPF","B","ESM","3",21,21,21,NULL,NULL,NULL,NULL,"282B3","40.82429","1.75","10.75","1981-07-09",NULL,NULL,NULL,NULL
"28","Punjab","2","C","CRPF","B","OBC","6",44,44,44,NULL,NULL,NULL,NULL,"282B6","71.422","17.5","10.5","2002-04-04",NULL,NULL,NULL,NULL
"28","Punjab","2","C","CRPF","B","UR","9",85,85,85,NULL,NULL,NULL,NULL,"282B9","78.78278","33.75","5.25","2002-07-15",NULL,NULL,NULL,NULL
"28","Punjab","2","C","CRPF","G","EWS","0",16,16,16,NULL,NULL,NULL,NULL,"282G0","63.11923","31","4","2005-12-13",NULL,NULL,NULL,NULL
"28","Punjab","2","C","CRPF","G","SC","1",46,46,46,NULL,NULL,NULL,NULL,"282G1","80.73551","31.25","12.5","2002-02-01",NULL,NULL,NULL,NULL
"28","Punjab","2","C","CRPF","G","ESM","3",16,16,16,NULL,NULL,NULL,NULL,"282G3","36.72866","13","6.25","1986-11-17",NULL,NULL,NULL,NULL
"28","Punjab","2","C","CRPF","G","OBC","6",33,33,33,NULL,NULL,NULL,NULL,"282G6","80.837","31","11","2002-09-26",NULL,NULL,NULL,NULL
"28","Punjab","2","C","CRPF","G","UR","9",62,62,62,NULL,NULL,NULL,NULL,"282G9","85.16573","29","7","2002-09-03",NULL,NULL,NULL,NULL
"28","Punjab","2","D","SSB","G","EWS","0",1,1,1,NULL,NULL,NULL,NULL,"282G0","63.11923","31","4","2005-12-13",NULL,NULL,NULL,NULL
"28","Punjab","2","D","SSB","G","SC","1",2,2,2,NULL,NULL,NULL,NULL,"282G1","80.73551","31.25","12.5","2002-02-01",NULL,NULL,NULL,NULL
"28","Punjab","2","D","SSB","G","ESM","3",1,1,1,NULL,NULL,NULL,NULL,"282G3","36.72866","13","6.25","1986-11-17",NULL,NULL,NULL,NULL
"28","Punjab","2","D","SSB","G","OBC","6",2,2,2,NULL,NULL,NULL,NULL,"282G6","80.837","31","11","2002-09-26",NULL,NULL,NULL,NULL
"28","Punjab","2","D","SSB","G","UR","9",4,4,4,NULL,NULL,NULL,NULL,"282G9","85.16573","29","7","2002-09-03",NULL,NULL,NULL,NULL
"28","Punjab","2","E","ITBP","G","EWS","0",3,3,3,NULL,NULL,NULL,NULL,"282G0","63.11923","31","4","2005-12-13",NULL,NULL,NULL,NULL
"28","Punjab","2","E","ITBP","G","SC","1",9,9,9,NULL,NULL,NULL,NULL,"282G1","80.73551","31.25","12.5","2002-02-01",NULL,NULL,NULL,NULL
"28","Punjab","2","E","ITBP","G","ESM","3",3,3,3,NULL,NULL,NULL,NULL,"282G3","36.72866","13","6.25","1986-11-17",NULL,NULL,NULL,NULL
"28","Punjab","2","E","ITBP","G","OBC","6",6,6,6,NULL,NULL,NULL,NULL,"282G6","80.837","31","11","2002-09-26",NULL,NULL,NULL,NULL
"28","Punjab","2","E","ITBP","G","UR","9",12,12,12,NULL,NULL,NULL,NULL,"282G9","85.16573","29","7","2002-09-03",NULL,NULL,NULL,NULL
"28","Punjab","2","F","AR","G","EWS","0",1,1,1,NULL,NULL,NULL,NULL,"282G0","63.11923","31","4","2005-12-13",NULL,NULL,NULL,NULL
"28","Punjab","2","F","AR","G","SC","1",4,4,4,NULL,NULL,NULL,NULL,"282G1","80.73551","31.25","12.5","2002-02-01",NULL,NULL,NULL,NULL
"28","Punjab","2","F","AR","G","ESM","3",1,1,1,NULL,NULL,NULL,NULL,"282G3","36.72866","13","6.25","1986-11-17",NULL,NULL,NULL,NULL
"28","Punjab","2","F","AR","G","OBC","6",3,3,3,NULL,NULL,NULL,NULL,"282G6","80.837","31","11","2002-09-26",NULL,NULL,NULL,NULL
"28","Punjab","2","F","AR","G","UR","9",5,5,5,NULL,NULL,NULL,NULL,"282G9","85.16573","29","7","2002-09-03",NULL,NULL,NULL,NULL
"29","Rajasthan","1","A","BSF","B","EWS","0",5,5,5,NULL,NULL,NULL,NULL,"291B0","99.03649","37.75","16.5","2005-07-07",NULL,NULL,NULL,NULL
"29","Rajasthan","1","A","BSF","B","SC","1",9,9,9,NULL,NULL,NULL,NULL,"291B1","102.36747","31.75","7.75","2004-07-26",NULL,NULL,NULL,NULL
"29","Rajasthan","1","A","BSF","B","ST","2",6,6,6,NULL,NULL,NULL,NULL,"291B2","59.07727","13","1.75","2005-11-25",NULL,NULL,NULL,NULL
"29","Rajasthan","1","A","BSF","B","ESM","3",5,5,5,NULL,NULL,NULL,NULL,"291B3",NULL,NULL,NULL,NULL,NULL,NULL,NULL,NULL
"29","Rajasthan","1","A","BSF","B","OBC","6",10,10,10,NULL,NULL,NULL,NULL,"291B6","113.24541","35.5","8.5","2003-11-11",NULL,NULL,NULL,NULL
"29","Rajasthan","1","A","BSF","B","UR","9",20,20,20,NULL,NULL,NULL,NULL,"291B9","114.60788","40","13","2005-04-12",NULL,NULL,NULL,NULL
"29","Rajasthan","1","A","BSF","G","EWS","0",7,7,7,NULL,NULL,NULL,NULL,"291G0","121.63025","37.75","17.5","2004-07-06",NULL,NULL,NULL,NULL
"29","Rajasthan","1","A","BSF","G","SC","1",11,11,11,NULL,NULL,NULL,NULL,"291G1","117.64209","37.75","10.5","2003-12-18",NULL,NULL,NULL,NULL
"29","Rajasthan","1","A","BSF","G","ST","2",9,9,9,NULL,NULL,NULL,NULL,"291G2","123.48726","35.5","14.75","2004-01-16",NULL,NULL,NULL,NULL
"29","Rajasthan","1","A","BSF","G","ESM","3",7,7,7,NULL,NULL,NULL,NULL,"291G3",NULL,NULL,NULL,NULL,NULL,NULL,NULL,NULL
"29","Rajasthan","1","A","BSF","G","OBC","6",13,13,13,NULL,NULL,NULL,NULL,"291G6","132.77621","37.75","22.5","2001-11-10",NULL,NULL,NULL,NULL
"29","Rajasthan","1","A","BSF","G","UR","9",26,26,26,NULL,NULL,NULL,NULL,"291G9","133.32431","40","15.75","2005-08-01",NULL,NULL,NULL,NULL
"29","Rajasthan","1","B","CISF","B","EWS","0",2,2,2,NULL,NULL,NULL,NULL,"291B0","99.03649","37.75","16.5","2005-07-07",NULL,NULL,NULL,NULL
"29","Rajasthan","1","B","CISF","B","SC","1",4,4,4,NULL,NULL,NULL,NULL,"291B1","102.36747","31.75","7.75","2004-07-26",NULL,NULL,NULL,NULL
"29","Rajasthan","1","B","CISF","B","ST","2",3,3,3,NULL,NULL,NULL,NULL,"291B2","59.07727","13","1.75","2005-11-25",NULL,NULL,NULL,NULL
"29","Rajasthan","1","B","CISF","B","ESM","3",2,2,2,NULL,NULL,NULL,NULL,"291B3",NULL,NULL,NULL,NULL,NULL,NULL,NULL,NULL
"29","Rajasthan","1","B","CISF","B","OBC","6",5,5,5,NULL,NULL,NULL,NULL,"291B6","113.24541","35.5","8.5","2003-11-11",NULL,NULL,NULL,NULL
"29","Rajasthan","1","B","CISF","B","UR","9",9,9,9,NULL,NULL,NULL,NULL,"291B9","114.60788","40","13","2005-04-12",NULL,NULL,NULL,NULL
"29","Rajasthan","1","B","CISF","G","EWS","0",5,5,5,NULL,NULL,NULL,NULL,"291G0","121.63025","37.75","17.5","2004-07-06",NULL,NULL,NULL,NULL
"29","Rajasthan","1","B","CISF","G","SC","1",8,8,8,NULL,NULL,NULL,NULL,"291G1","117.64209","37.75","10.5","2003-12-18",NULL,NULL,NULL,NULL
"29","Rajasthan","1","B","CISF","G","ST","2",6,6,6,NULL,NULL,NULL,NULL,"291G2","123.48726","35.5","14.75","2004-01-16",NULL,NULL,NULL,NULL
"29","Rajasthan","1","B","CISF","G","ESM","3",5,5,5,NULL,NULL,NULL,NULL,"291G3",NULL,NULL,NULL,NULL,NULL,NULL,NULL,NULL
"29","Rajasthan","1","B","CISF","G","OBC","6",9,9,9,NULL,NULL,NULL,NULL,"291G6","132.77621","37.75","22.5","2001-11-10",NULL,NULL,NULL,NULL
"29","Rajasthan","1","B","CISF","G","UR","9",18,18,18,NULL,NULL,NULL,NULL,"291G9","133.32431","40","15.75","2005-08-01",NULL,NULL,NULL,NULL
"29","Rajasthan","1","C","CRPF","B","EWS","0",1,1,1,NULL,NULL,NULL,NULL,"291B0","99.03649","37.75","16.5","2005-07-07",NULL,NULL,NULL,NULL
"29","Rajasthan","1","C","CRPF","B","SC","1",1,1,1,NULL,NULL,NULL,NULL,"291B1","102.36747","31.75","7.75","2004-07-26",NULL,NULL,NULL,NULL
"29","Rajasthan","1","C","CRPF","B","ST","2",1,1,1,NULL,NULL,NULL,NULL,"291B2","59.07727","13","1.75","2005-11-25",NULL,NULL,NULL,NULL
"29","Rajasthan","1","C","CRPF","B","ESM","3",1,1,1,NULL,NULL,NULL,NULL,"291B3",NULL,NULL,NULL,NULL,NULL,NULL,NULL,NULL
"29","Rajasthan","1","C","CRPF","B","OBC","6",2,2,2,NULL,NULL,NULL,NULL,"291B6","113.24541","35.5","8.5","2003-11-11",NULL,NULL,NULL,NULL
"29","Rajasthan","1","C","CRPF","B","UR","9",3,3,3,NULL,NULL,NULL,NULL,"291B9","114.60788","40","13","2005-04-12",NULL,NULL,NULL,NULL
"29","Rajasthan","1","C","CRPF","G","EWS","0",2,2,2,NULL,NULL,NULL,NULL,"291G0","121.63025","37.75","17.5","2004-07-06",NULL,NULL,NULL,NULL
"29","Rajasthan","1","C","CRPF","G","SC","1",3,3,3,NULL,NULL,NULL,NULL,"291G1","117.64209","37.75","10.5","2003-12-18",NULL,NULL,NULL,NULL
"29","Rajasthan","1","C","CRPF","G","ST","2",2,2,2,NULL,NULL,NULL,NULL,"291G2","123.48726","35.5","14.75","2004-01-16",NULL,NULL,NULL,NULL
"29","Rajasthan","1","C","CRPF","G","ESM","3",2,2,2,NULL,NULL,NULL,NULL,"291G3",NULL,NULL,NULL,NULL,NULL,NULL,NULL,NULL
"29","Rajasthan","1","C","CRPF","G","OBC","6",3,3,3,NULL,NULL,NULL,NULL,"291G6","132.77621","37.75","22.5","2001-11-10",NULL,NULL,NULL,NULL
"29","Rajasthan","1","C","CRPF","G","UR","9",6,6,6,NULL,NULL,NULL,NULL,"291G9","133.32431","40","15.75","2005-08-01",NULL,NULL,NULL,NULL
"29","Rajasthan","1","E","ITBP","G","EWS","0",1,1,1,NULL,NULL,NULL,NULL,"291G0","121.63025","37.75","17.5","2004-07-06",NULL,NULL,NULL,NULL
"29","Rajasthan","1","E","ITBP","G","SC","1",2,2,2,NULL,NULL,NULL,NULL,"291G1","117.64209","37.75","10.5","2003-12-18",NULL,NULL,NULL,NULL
"29","Rajasthan","1","E","ITBP","G","ST","2",2,2,2,NULL,NULL,NULL,NULL,"291G2","123.48726","35.5","14.75","2004-01-16",NULL,NULL,NULL,NULL
"29","Rajasthan","1","E","ITBP","G","ESM","3",1,1,1,NULL,NULL,NULL,NULL,"291G3",NULL,NULL,NULL,NULL,NULL,NULL,NULL,NULL
"29","Rajasthan","1","E","ITBP","G","OBC","6",3,3,3,NULL,NULL,NULL,NULL,"291G6","132.77621","37.75","22.5","2001-11-10",NULL,NULL,NULL,NULL
"29","Rajasthan","1","E","ITBP","G","UR","9",5,5,5,NULL,NULL,NULL,NULL,"291G9","133.32431","40","15.75","2005-08-01",NULL,NULL,NULL,NULL
"29","Rajasthan","1","F","AR","G","SC","1",1,1,1,NULL,NULL,NULL,NULL,"291G1","117.64209","37.75","10.5","2003-12-18",NULL,NULL,NULL,NULL
"29","Rajasthan","1","F","AR","G","OBC","6",1,1,1,NULL,NULL,NULL,NULL,"291G6","132.77621","37.75","22.5","2001-11-10",NULL,NULL,NULL,NULL
"29","Rajasthan","1","F","AR","G","UR","9",1,1,1,NULL,NULL,NULL,NULL,"291G9","133.32431","40","15.75","2005-08-01",NULL,NULL,NULL,NULL
"29","Rajasthan","2","A","BSF","B","EWS","0",29,29,29,NULL,NULL,NULL,NULL,"292B0","107.25074","37.75","17.5","2005-04-20",NULL,NULL,NULL,NULL
"29","Rajasthan","2","A","BSF","B","SC","1",49,49,49,NULL,NULL,NULL,NULL,"292B1","101.36139","31.25","15.5","1999-05-07",NULL,NULL,NULL,NULL
"29","Rajasthan","2","A","BSF","B","ST","2",37,37,37,NULL,NULL,NULL,NULL,"292B2","65.48769","17.5","19.75","2006-01-20",NULL,NULL,NULL,NULL
"29","Rajasthan","2","A","BSF","B","ESM","3",29,29,29,NULL,NULL,NULL,NULL,"292B3","61.71536","28.75","6.25","1986-06-15",NULL,NULL,NULL,NULL
"29","Rajasthan","2","A","BSF","B","OBC","6",57,57,57,NULL,NULL,NULL,NULL,"292B6","115.6415","33.5","22.25","2003-10-10",NULL,NULL,NULL,NULL
"29","Rajasthan","2","A","BSF","B","UR","9",114,114,114,NULL,NULL,NULL,NULL,"292B9","117.40549","35.5","19.75","2006-01-15",NULL,NULL,NULL,NULL
"29","Rajasthan","2","A","BSF","G","EWS","0",38,38,38,NULL,NULL,NULL,NULL,"292G0","128.14259","40","17.5","2002-01-17",NULL,NULL,NULL,NULL
"29","Rajasthan","2","A","BSF","G","SC","1",64,64,64,NULL,NULL,NULL,NULL,"292G1","123.97031","37.75","17.75","2002-03-05",NULL,NULL,NULL,NULL
"29","Rajasthan","2","A","BSF","G","ST","2",49,49,49,NULL,NULL,NULL,NULL,"292G2","123.8525","37.75","16.5","1999-09-12",NULL,NULL,NULL,NULL
"29","Rajasthan","2","A","BSF","G","ESM","3",38,38,38,NULL,NULL,NULL,NULL,"292G3","35.27181","13","6.25","1982-01-08",NULL,NULL,NULL,NULL
"29","Rajasthan","2","A","BSF","G","OBC","6",75,75,75,NULL,NULL,NULL,NULL,"292G6","133.46096","35.75","26.5","2001-02-05",NULL,NULL,NULL,NULL
"29","Rajasthan","2","A","BSF","G","UR","9",151,151,151,NULL,NULL,NULL,NULL,"292G9","133.39939","35.5","24.25","2004-04-30",NULL,NULL,NULL,NULL
"29","Rajasthan","2","B","CISF","B","EWS","0",20,20,20,NULL,NULL,NULL,NULL,"292B0","107.25074","37.75","17.5","2005-04-20",NULL,NULL,NULL,NULL
"29","Rajasthan","2","B","CISF","B","SC","1",34,34,34,NULL,NULL,NULL,NULL,"292B1","101.36139","31.25","15.5","1999-05-07",NULL,NULL,NULL,NULL
"29","Rajasthan","2","B","CISF","B","ST","2",26,26,26,NULL,NULL,NULL,NULL,"292B2","65.48769","17.5","19.75","2006-01-20",NULL,NULL,NULL,NULL
"29","Rajasthan","2","B","CISF","B","ESM","3",20,20,20,NULL,NULL,NULL,NULL,"292B3","61.71536","28.75","6.25","1986-06-15",NULL,NULL,NULL,NULL
"29","Rajasthan","2","B","CISF","B","OBC","6",40,40,40,NULL,NULL,NULL,NULL,"292B6","115.6415","33.5","22.25","2003-10-10",NULL,NULL,NULL,NULL
"29","Rajasthan","2","B","CISF","B","UR","9",81,81,81,NULL,NULL,NULL,NULL,"292B9","117.40549","35.5","19.75","2006-01-15",NULL,NULL,NULL,NULL
"29","Rajasthan","2","B","CISF","G","EWS","0",42,42,42,NULL,NULL,NULL,NULL,"292G0","128.14259","40","17.5","2002-01-17",NULL,NULL,NULL,NULL
"29","Rajasthan","2","B","CISF","G","SC","1",71,71,71,NULL,NULL,NULL,NULL,"292G1","123.97031","37.75","17.75","2002-03-05",NULL,NULL,NULL,NULL
"29","Rajasthan","2","B","CISF","G","ST","2",54,54,54,NULL,NULL,NULL,NULL,"292G2","123.8525","37.75","16.5","1999-09-12",NULL,NULL,NULL,NULL
"29","Rajasthan","2","B","CISF","G","ESM","3",42,42,42,NULL,NULL,NULL,NULL,"292G3","35.27181","13","6.25","1982-01-08",NULL,NULL,NULL,NULL
"29","Rajasthan","2","B","CISF","G","OBC","6",84,84,84,NULL,NULL,NULL,NULL,"292G6","133.46096","35.75","26.5","2001-02-05",NULL,NULL,NULL,NULL
"29","Rajasthan","2","B","CISF","G","UR","9",167,167,167,NULL,NULL,NULL,NULL,"292G9","133.39939","35.5","24.25","2004-04-30",NULL,NULL,NULL,NULL
"29","Rajasthan","2","C","CRPF","B","EWS","0",19,19,19,NULL,NULL,NULL,NULL,"292B0","107.25074","37.75","17.5","2005-04-20",NULL,NULL,NULL,NULL
"29","Rajasthan","2","C","CRPF","B","SC","1",32,32,32,NULL,NULL,NULL,NULL,"292B1","101.36139","31.25","15.5","1999-05-07",NULL,NULL,NULL,NULL
"29","Rajasthan","2","C","CRPF","B","ST","2",24,24,24,NULL,NULL,NULL,NULL,"292B2","65.48769","17.5","19.75","2006-01-20",NULL,NULL,NULL,NULL
"29","Rajasthan","2","C","CRPF","B","ESM","3",19,19,19,NULL,NULL,NULL,NULL,"292B3","61.71536","28.75","6.25","1986-06-15",NULL,NULL,NULL,NULL
"29","Rajasthan","2","C","CRPF","B","OBC","6",37,37,37,NULL,NULL,NULL,NULL,"292B6","115.6415","33.5","22.25","2003-10-10",NULL,NULL,NULL,NULL
"29","Rajasthan","2","C","CRPF","B","UR","9",74,74,74,NULL,NULL,NULL,NULL,"292B9","117.40549","35.5","19.75","2006-01-15",NULL,NULL,NULL,NULL
"29","Rajasthan","2","C","CRPF","G","EWS","0",39,39,39,NULL,NULL,NULL,NULL,"292G0","128.14259","40","17.5","2002-01-17",NULL,NULL,NULL,NULL
"29","Rajasthan","2","C","CRPF","G","SC","1",66,66,66,NULL,NULL,NULL,NULL,"292G1","123.97031","37.75","17.75","2002-03-05",NULL,NULL,NULL,NULL
"29","Rajasthan","2","C","CRPF","G","ST","2",51,51,51,NULL,NULL,NULL,NULL,"292G2","123.8525","37.75","16.5","1999-09-12",NULL,NULL,NULL,NULL
"29","Rajasthan","2","C","CRPF","G","ESM","3",39,39,39,NULL,NULL,NULL,NULL,"292G3","35.27181","13","6.25","1982-01-08",NULL,NULL,NULL,NULL
"29","Rajasthan","2","C","CRPF","G","OBC","6",78,78,78,NULL,NULL,NULL,NULL,"292G6","133.46096","35.75","26.5","2001-02-05",NULL,NULL,NULL,NULL
"29","Rajasthan","2","C","CRPF","G","UR","9",155,155,155,NULL,NULL,NULL,NULL,"292G9","133.39939","35.5","24.25","2004-04-30",NULL,NULL,NULL,NULL
"29","Rajasthan","2","D","SSB","G","EWS","0",2,2,2,NULL,NULL,NULL,NULL,"292G0","128.14259","40","17.5","2002-01-17",NULL,NULL,NULL,NULL
"29","Rajasthan","2","D","SSB","G","SC","1",4,4,4,NULL,NULL,NULL,NULL,"292G1","123.97031","37.75","17.75","2002-03-05",NULL,NULL,NULL,NULL
"29","Rajasthan","2","D","SSB","G","ST","2",3,3,3,NULL,NULL,NULL,NULL,"292G2","123.8525","37.75","16.5","1999-09-12",NULL,NULL,NULL,NULL
"29","Rajasthan","2","D","SSB","G","ESM","3",2,2,2,NULL,NULL,NULL,NULL,"292G3","35.27181","13","6.25","1982-01-08",NULL,NULL,NULL,NULL
"29","Rajasthan","2","D","SSB","G","OBC","6",5,5,5,NULL,NULL,NULL,NULL,"292G6","133.46096","35.75","26.5","2001-02-05",NULL,NULL,NULL,NULL
"29","Rajasthan","2","D","SSB","G","UR","9",9,9,9,NULL,NULL,NULL,NULL,"292G9","133.39939","35.5","24.25","2004-04-30",NULL,NULL,NULL,NULL
"29","Rajasthan","2","E","ITBP","G","EWS","0",7,7,7,NULL,NULL,NULL,NULL,"292G0","128.14259","40","17.5","2002-01-17",NULL,NULL,NULL,NULL
"29","Rajasthan","2","E","ITBP","G","SC","1",12,12,12,NULL,NULL,NULL,NULL,"292G1","123.97031","37.75","17.75","2002-03-05",NULL,NULL,NULL,NULL
"29","Rajasthan","2","E","ITBP","G","ST","2",9,9,9,NULL,NULL,NULL,NULL,"292G2","123.8525","37.75","16.5","1999-09-12",NULL,NULL,NULL,NULL
"29","Rajasthan","2","E","ITBP","G","ESM","3",7,7,7,NULL,NULL,NULL,NULL,"292G3","35.27181","13","6.25","1982-01-08",NULL,NULL,NULL,NULL
"29","Rajasthan","2","E","ITBP","G","OBC","6",15,15,15,NULL,NULL,NULL,NULL,"292G6","133.46096","35.75","26.5","2001-02-05",NULL,NULL,NULL,NULL
"29","Rajasthan","2","E","ITBP","G","UR","9",29,29,29,NULL,NULL,NULL,NULL,"292G9","133.39939","35.5","24.25","2004-04-30",NULL,NULL,NULL,NULL
"29","Rajasthan","2","F","AR","G","EWS","0",3,3,3,NULL,NULL,NULL,NULL,"292G0","128.14259","40","17.5","2002-01-17",NULL,NULL,NULL,NULL
"29","Rajasthan","2","F","AR","G","SC","1",6,6,6,NULL,NULL,NULL,NULL,"292G1","123.97031","37.75","17.75","2002-03-05",NULL,NULL,NULL,NULL
"29","Rajasthan","2","F","AR","G","ST","2",4,4,4,NULL,NULL,NULL,NULL,"292G2","123.8525","37.75","16.5","1999-09-12",NULL,NULL,NULL,NULL
"29","Rajasthan","2","F","AR","G","ESM","3",3,3,3,NULL,NULL,NULL,NULL,"292G3","35.27181","13","6.25","1982-01-08",NULL,NULL,NULL,NULL
"29","Rajasthan","2","F","AR","G","OBC","6",6,6,6,NULL,NULL,NULL,NULL,"292G6","133.46096","35.75","26.5","2001-02-05",NULL,NULL,NULL,NULL
"29","Rajasthan","2","F","AR","G","UR","9",13,13,13,NULL,NULL,NULL,NULL,"292G9","133.39939","35.5","24.25","2004-04-30",NULL,NULL,NULL,NULL
"3","Arunachal Pradesh","1","A","BSF","G","ST","2",1,1,1,NULL,NULL,NULL,NULL,"31G2","54.29808","22","4","2002-05-11",NULL,NULL,NULL,NULL
"3","Arunachal Pradesh","1","A","BSF","G","UR","9",1,1,1,NULL,NULL,NULL,NULL,"31G9","49.88388","27.25","5.5","2006-04-12",NULL,NULL,NULL,NULL
"3","Arunachal Pradesh","1","A","BSF","N","EWS","0",1,1,1,NULL,NULL,NULL,NULL,"31N0",NULL,NULL,NULL,NULL,NULL,NULL,NULL,NULL
"3","Arunachal Pradesh","1","A","BSF","N","ST","2",4,4,4,NULL,NULL,NULL,NULL,"31N2","56.01858","9","2.5","2004-12-25",NULL,NULL,NULL,NULL
"3","Arunachal Pradesh","1","A","BSF","N","ESM","3",1,1,1,NULL,NULL,NULL,NULL,"31N3",NULL,NULL,NULL,NULL,NULL,NULL,NULL,NULL
"3","Arunachal Pradesh","1","A","BSF","N","UR","9",4,4,4,NULL,NULL,NULL,NULL,"31N9","54.50865","18.25","12.25","2002-06-12",NULL,NULL,NULL,NULL
"3","Arunachal Pradesh","1","B","CISF","B","EWS","0",1,1,1,NULL,NULL,NULL,NULL,"31B0",NULL,NULL,NULL,NULL,NULL,NULL,NULL,NULL
"3","Arunachal Pradesh","1","B","CISF","B","ST","2",1,1,1,NULL,NULL,NULL,NULL,"31B2","45.71678","13.25","3.25","2003-10-20",NULL,NULL,NULL,NULL
"3","Arunachal Pradesh","1","B","CISF","B","UR","9",1,1,1,NULL,NULL,NULL,NULL,"31B9","48.32769","15.5","15.5","2005-12-26",NULL,NULL,NULL,NULL
"3","Arunachal Pradesh","1","B","CISF","G","UR","9",1,1,1,NULL,NULL,NULL,NULL,"31G9","49.88388","27.25","5.5","2006-04-12",NULL,NULL,NULL,NULL
"3","Arunachal Pradesh","1","B","CISF","N","ST","2",3,3,3,NULL,NULL,NULL,NULL,"31N2","56.01858","9","2.5","2004-12-25",NULL,NULL,NULL,NULL
"3","Arunachal Pradesh","1","B","CISF","N","ESM","3",1,1,1,NULL,NULL,NULL,NULL,"31N3",NULL,NULL,NULL,NULL,NULL,NULL,NULL,NULL
"3","Arunachal Pradesh","1","B","CISF","N","UR","9",3,3,3,NULL,NULL,NULL,NULL,"31N9","54.50865","18.25","12.25","2002-06-12",NULL,NULL,NULL,NULL
"3","Arunachal Pradesh","1","C","CRPF","B","UR","9",1,1,1,NULL,NULL,NULL,NULL,"31B9","48.32769","15.5","15.5","2005-12-26",NULL,NULL,NULL,NULL
"3","Arunachal Pradesh","1","C","CRPF","N","ST","2",1,1,1,NULL,NULL,NULL,NULL,"31N2","56.01858","9","2.5","2004-12-25",NULL,NULL,NULL,NULL
"3","Arunachal Pradesh","1","C","CRPF","N","UR","9",1,1,1,NULL,NULL,NULL,NULL,"31N9","54.50865","18.25","12.25","2002-06-12",NULL,NULL,NULL,NULL
"3","Arunachal Pradesh","1","E","ITBP","B","EWS","0",3,3,3,NULL,NULL,NULL,NULL,"31B0",NULL,NULL,NULL,NULL,NULL,NULL,NULL,NULL
"3","Arunachal Pradesh","1","E","ITBP","B","ST","2",13,13,13,NULL,NULL,NULL,NULL,"31B2","45.71678","13.25","3.25","2003-10-20",NULL,NULL,NULL,NULL
"3","Arunachal Pradesh","1","E","ITBP","B","ESM","3",3,3,3,NULL,NULL,NULL,NULL,"31B3",NULL,NULL,NULL,NULL,NULL,NULL,NULL,NULL
"3","Arunachal Pradesh","1","E","ITBP","B","UR","9",12,12,12,NULL,NULL,NULL,NULL,"31B9","48.32769","15.5","15.5","2005-12-26",NULL,NULL,NULL,NULL
"3","Arunachal Pradesh","1","E","ITBP","G","UR","9",1,1,1,NULL,NULL,NULL,NULL,"31G9","49.88388","27.25","5.5","2006-04-12",NULL,NULL,NULL,NULL
"3","Arunachal Pradesh","1","E","ITBP","N","ST","2",1,1,1,NULL,NULL,NULL,NULL,"31N2","56.01858","9","2.5","2004-12-25",NULL,NULL,NULL,NULL
"3","Arunachal Pradesh","1","E","ITBP","N","UR","9",1,1,1,NULL,NULL,NULL,NULL,"31N9","54.50865","18.25","12.25","2002-06-12",NULL,NULL,NULL,NULL
"3","Arunachal Pradesh","1","F","AR","B","ST","2",2,2,2,NULL,NULL,NULL,NULL,"31B2","45.71678","13.25","3.25","2003-10-20",NULL,NULL,NULL,NULL
"3","Arunachal Pradesh","1","F","AR","B","ESM","3",1,1,1,NULL,NULL,NULL,NULL,"31B3",NULL,NULL,NULL,NULL,NULL,NULL,NULL,NULL
"3","Arunachal Pradesh","1","F","AR","B","OBC","6",1,1,1,NULL,NULL,NULL,NULL,"31B6",NULL,NULL,NULL,NULL,NULL,NULL,NULL,NULL
"3","Arunachal Pradesh","1","F","AR","B","UR","9",2,2,2,NULL,NULL,NULL,NULL,"31B9","48.32769","15.5","15.5","2005-12-26",NULL,NULL,NULL,NULL
"3","Arunachal Pradesh","2","A","BSF","G","EWS","0",1,1,1,NULL,NULL,NULL,NULL,"32G0",NULL,NULL,NULL,NULL,NULL,NULL,NULL,NULL
"3","Arunachal Pradesh","2","A","BSF","G","ST","2",5,5,5,NULL,NULL,NULL,NULL,"32G2","39.12963","6.25","4","1998-02-14",NULL,NULL,NULL,NULL
"3","Arunachal Pradesh","2","A","BSF","G","ESM","3",1,1,1,NULL,NULL,NULL,NULL,"32G3",NULL,NULL,NULL,NULL,NULL,NULL,NULL,NULL
"3","Arunachal Pradesh","2","A","BSF","G","UR","9",4,4,4,NULL,NULL,NULL,NULL,"32G9","49.44476","31","3.75","2005-01-01",NULL,NULL,NULL,NULL
"3","Arunachal Pradesh","2","A","BSF","N","EWS","0",5,5,5,NULL,NULL,NULL,NULL,"32N0",NULL,NULL,NULL,NULL,NULL,NULL,NULL,NULL
"3","Arunachal Pradesh","2","A","BSF","N","SC","1",1,1,1,NULL,NULL,NULL,NULL,"32N1","35.39242","17","2.75","1999-05-12",NULL,NULL,NULL,NULL
"3","Arunachal Pradesh","2","A","BSF","N","ST","2",22,22,22,NULL,NULL,NULL,NULL,"32N2","43.17681","13","4","2000-05-05",NULL,NULL,NULL,NULL
"3","Arunachal Pradesh","2","A","BSF","N","ESM","3",5,5,5,NULL,NULL,NULL,NULL,"32N3",NULL,NULL,NULL,NULL,NULL,NULL,NULL,NULL
"3","Arunachal Pradesh","2","A","BSF","N","UR","9",22,22,22,NULL,NULL,NULL,NULL,"32N9","51.74993","11.75","15.75","2002-10-09",NULL,NULL,NULL,NULL
"3","Arunachal Pradesh","2","B","CISF","B","EWS","0",2,2,2,NULL,NULL,NULL,NULL,"32B0",NULL,NULL,NULL,NULL,NULL,NULL,NULL,NULL
"3","Arunachal Pradesh","2","B","CISF","B","ST","2",13,13,13,NULL,NULL,NULL,NULL,"32B2","32.97501","7.75","9.25","2006-01-31",NULL,NULL,NULL,NULL
"3","Arunachal Pradesh","2","B","CISF","B","ESM","3",3,3,3,NULL,NULL,NULL,NULL,"32B3",NULL,NULL,NULL,NULL,NULL,NULL,NULL,NULL
"3","Arunachal Pradesh","2","B","CISF","B","UR","9",12,12,12,NULL,NULL,NULL,NULL,"32B9","48.3538","2.25","6.75","2005-09-30",NULL,NULL,NULL,NULL
"3","Arunachal Pradesh","2","B","CISF","G","EWS","0",1,1,1,NULL,NULL,NULL,NULL,"32G0",NULL,NULL,NULL,NULL,NULL,NULL,NULL,NULL
"3","Arunachal Pradesh","2","B","CISF","G","ST","2",7,7,7,NULL,NULL,NULL,NULL,"32G2","39.12963","6.25","4","1998-02-14",NULL,NULL,NULL,NULL
"3","Arunachal Pradesh","2","B","CISF","G","ESM","3",2,2,2,NULL,NULL,NULL,NULL,"32G3",NULL,NULL,NULL,NULL,NULL,NULL,NULL,NULL
"3","Arunachal Pradesh","2","B","CISF","G","UR","9",7,7,7,NULL,NULL,NULL,NULL,"32G9","49.44476","31","3.75","2005-01-01",NULL,NULL,NULL,NULL
"3","Arunachal Pradesh","2","B","CISF","N","EWS","0",5,5,5,NULL,NULL,NULL,NULL,"32N0",NULL,NULL,NULL,NULL,NULL,NULL,NULL,NULL
"3","Arunachal Pradesh","2","B","CISF","N","SC","1",1,1,1,NULL,NULL,NULL,NULL,"32N1","35.39242","17","2.75","1999-05-12",NULL,NULL,NULL,NULL
"3","Arunachal Pradesh","2","B","CISF","N","ST","2",25,25,25,NULL,NULL,NULL,NULL,"32N2","43.17681","13","4","2000-05-05",NULL,NULL,NULL,NULL
"3","Arunachal Pradesh","2","B","CISF","N","ESM","3",6,6,6,NULL,NULL,NULL,NULL,"32N3",NULL,NULL,NULL,NULL,NULL,NULL,NULL,NULL
"3","Arunachal Pradesh","2","B","CISF","N","UR","9",24,24,24,NULL,NULL,NULL,NULL,"32N9","51.74993","11.75","15.75","2002-10-09",NULL,NULL,NULL,NULL
"3","Arunachal Pradesh","2","C","CRPF","B","EWS","0",2,2,2,NULL,NULL,NULL,NULL,"32B0",NULL,NULL,NULL,NULL,NULL,NULL,NULL,NULL
"3","Arunachal Pradesh","2","C","CRPF","B","ST","2",10,10,10,NULL,NULL,NULL,NULL,"32B2","32.97501","7.75","9.25","2006-01-31",NULL,NULL,NULL,NULL
"3","Arunachal Pradesh","2","C","CRPF","B","ESM","3",2,2,2,NULL,NULL,NULL,NULL,"32B3",NULL,NULL,NULL,NULL,NULL,NULL,NULL,NULL
"3","Arunachal Pradesh","2","C","CRPF","B","UR","9",10,10,10,NULL,NULL,NULL,NULL,"32B9","48.3538","2.25","6.75","2005-09-30",NULL,NULL,NULL,NULL
"3","Arunachal Pradesh","2","C","CRPF","G","EWS","0",1,1,1,NULL,NULL,NULL,NULL,"32G0",NULL,NULL,NULL,NULL,NULL,NULL,NULL,NULL
"3","Arunachal Pradesh","2","C","CRPF","G","ST","2",4,4,4,NULL,NULL,NULL,NULL,"32G2","39.12963","6.25","4","1998-02-14",NULL,NULL,NULL,NULL
"3","Arunachal Pradesh","2","C","CRPF","G","ESM","3",1,1,1,NULL,NULL,NULL,NULL,"32G3",NULL,NULL,NULL,NULL,NULL,NULL,NULL,NULL
"3","Arunachal Pradesh","2","C","CRPF","G","UR","9",3,3,3,NULL,NULL,NULL,NULL,"32G9","49.44476","31","3.75","2005-01-01",NULL,NULL,NULL,NULL
"3","Arunachal Pradesh","2","C","CRPF","N","EWS","0",5,5,5,NULL,NULL,NULL,NULL,"32N0",NULL,NULL,NULL,NULL,NULL,NULL,NULL,NULL
"3","Arunachal Pradesh","2","C","CRPF","N","SC","1",1,1,1,NULL,NULL,NULL,NULL,"32N1","35.39242","17","2.75","1999-05-12",NULL,NULL,NULL,NULL
"3","Arunachal Pradesh","2","C","CRPF","N","ST","2",23,23,23,NULL,NULL,NULL,NULL,"32N2","43.17681","13","4","2000-05-05",NULL,NULL,NULL,NULL
"3","Arunachal Pradesh","2","C","CRPF","N","ESM","3",5,5,5,NULL,NULL,NULL,NULL,"32N3",NULL,NULL,NULL,NULL,NULL,NULL,NULL,NULL
"3","Arunachal Pradesh","2","C","CRPF","N","UR","9",22,22,22,NULL,NULL,NULL,NULL,"32N9","51.74993","11.75","15.75","2002-10-09",NULL,NULL,NULL,NULL
"3","Arunachal Pradesh","2","D","SSB","N","ST","2",1,1,1,NULL,NULL,NULL,NULL,"32N2","43.17681","13","4","2000-05-05",NULL,NULL,NULL,NULL
"3","Arunachal Pradesh","2","D","SSB","N","UR","9",2,2,2,NULL,NULL,NULL,NULL,"32N9","51.74993","11.75","15.75","2002-10-09",NULL,NULL,NULL,NULL
"3","Arunachal Pradesh","2","E","ITBP","B","EWS","0",19,19,19,NULL,NULL,NULL,NULL,"32B0",NULL,NULL,NULL,NULL,NULL,NULL,NULL,NULL
"3","Arunachal Pradesh","2","E","ITBP","B","SC","1",3,3,3,NULL,NULL,NULL,NULL,"32B1","50.80111","19.75","10.75","1999-02-01",NULL,NULL,NULL,NULL
"3","Arunachal Pradesh","2","E","ITBP","B","ST","2",72,72,72,NULL,NULL,NULL,NULL,"32B2","32.97501","7.75","9.25","2006-01-31",NULL,NULL,NULL,NULL
"3","Arunachal Pradesh","2","E","ITBP","B","ESM","3",19,19,19,NULL,NULL,NULL,NULL,"32B3",NULL,NULL,NULL,NULL,NULL,NULL,NULL,NULL
"3","Arunachal Pradesh","2","E","ITBP","B","UR","9",97,97,97,NULL,NULL,NULL,NULL,"32B9","48.3538","2.25","6.75","2005-09-30",NULL,NULL,NULL,NULL
"3","Arunachal Pradesh","2","E","ITBP","G","ST","2",1,1,1,NULL,NULL,NULL,NULL,"32G2","39.12963","6.25","4","1998-02-14",NULL,NULL,NULL,NULL
"3","Arunachal Pradesh","2","E","ITBP","G","UR","9",2,2,2,NULL,NULL,NULL,NULL,"32G9","49.44476","31","3.75","2005-01-01",NULL,NULL,NULL,NULL
"3","Arunachal Pradesh","2","E","ITBP","N","EWS","0",1,1,1,NULL,NULL,NULL,NULL,"32N0",NULL,NULL,NULL,NULL,NULL,NULL,NULL,NULL
"3","Arunachal Pradesh","2","E","ITBP","N","ST","2",4,4,4,NULL,NULL,NULL,NULL,"32N2","43.17681","13","4","2000-05-05",NULL,NULL,NULL,NULL
"3","Arunachal Pradesh","2","E","ITBP","N","ESM","3",1,1,1,NULL,NULL,NULL,NULL,"32N3",NULL,NULL,NULL,NULL,NULL,NULL,NULL,NULL
"3","Arunachal Pradesh","2","E","ITBP","N","UR","9",4,4,4,NULL,NULL,NULL,NULL,"32N9","51.74993","11.75","15.75","2002-10-09",NULL,NULL,NULL,NULL
"3","Arunachal Pradesh","2","F","AR","B","EWS","0",6,6,6,NULL,NULL,NULL,NULL,"32B0",NULL,NULL,NULL,NULL,NULL,NULL,NULL,NULL
"3","Arunachal Pradesh","2","F","AR","B","SC","1",5,5,5,NULL,NULL,NULL,NULL,"32B1","50.80111","19.75","10.75","1999-02-01",NULL,NULL,NULL,NULL
"3","Arunachal Pradesh","2","F","AR","B","ST","2",19,19,19,NULL,NULL,NULL,NULL,"32B2","32.97501","7.75","9.25","2006-01-31",NULL,NULL,NULL,NULL
"3","Arunachal Pradesh","2","F","AR","B","ESM","3",8,8,8,NULL,NULL,NULL,NULL,"32B3",NULL,NULL,NULL,NULL,NULL,NULL,NULL,NULL
"3","Arunachal Pradesh","2","F","AR","B","OBC","6",7,7,7,NULL,NULL,NULL,NULL,"32B6","51.78711","15.25","4","2001-02-04",NULL,NULL,NULL,NULL
"3","Arunachal Pradesh","2","F","AR","B","UR","9",38,38,38,NULL,NULL,NULL,NULL,"32B9","48.3538","2.25","6.75","2005-09-30",NULL,NULL,NULL,NULL
"3","Arunachal Pradesh","2","F","AR","G","ST","2",1,1,1,NULL,NULL,NULL,NULL,"32G2","39.12963","6.25","4","1998-02-14",NULL,NULL,NULL,NULL
"3","Arunachal Pradesh","2","F","AR","G","OBC","6",1,1,1,NULL,NULL,NULL,NULL,"32G6",NULL,NULL,NULL,NULL,NULL,NULL,NULL,NULL
"3","Arunachal Pradesh","2","F","AR","G","UR","9",1,1,1,NULL,NULL,NULL,NULL,"32G9","49.44476","31","3.75","2005-01-01",NULL,NULL,NULL,NULL
"3","Arunachal Pradesh","2","F","AR","N","ST","2",2,2,2,NULL,NULL,NULL,NULL,"32N2","43.17681","13","4","2000-05-05",NULL,NULL,NULL,NULL
"3","Arunachal Pradesh","2","F","AR","N","UR","9",2,2,2,NULL,NULL,NULL,NULL,"32N9","51.74993","11.75","15.75","2002-10-09",NULL,NULL,NULL,NULL
"30","Sikkim","1","A","BSF","G","UR","9",2,2,2,NULL,NULL,NULL,NULL,"301G9","52.28701","9","15.25","1999-09-25",NULL,NULL,NULL,NULL
"30","Sikkim","1","B","CISF","B","UR","9",3,3,3,NULL,NULL,NULL,NULL,"301B9","58.73721","19.75","6.25","2006-08-02",NULL,NULL,NULL,NULL
"30","Sikkim","1","B","CISF","G","UR","9",1,1,1,NULL,NULL,NULL,NULL,"301G9","52.28701","9","15.25","1999-09-25",NULL,NULL,NULL,NULL
"30","Sikkim","1","E","ITBP","B","EWS","0",5,5,5,NULL,NULL,NULL,NULL,"301B0",NULL,NULL,NULL,NULL,NULL,NULL,NULL,NULL
"30","Sikkim","1","E","ITBP","B","SC","1",3,3,3,NULL,NULL,NULL,NULL,"301B1",NULL,NULL,NULL,NULL,NULL,NULL,NULL,NULL
"30","Sikkim","1","E","ITBP","B","ST","2",10,10,10,NULL,NULL,NULL,NULL,"301B2","41.95028","17.5","1.75","2003-10-12",NULL,NULL,NULL,NULL
"30","Sikkim","1","E","ITBP","B","ESM","3",5,5,5,NULL,NULL,NULL,NULL,"301B3",NULL,NULL,NULL,NULL,NULL,NULL,NULL,NULL
"30","Sikkim","1","E","ITBP","B","OBC","6",12,12,12,NULL,NULL,NULL,NULL,"301B6","41.21427","9.5","7.75","2005-01-01",NULL,NULL,NULL,NULL
"30","Sikkim","1","E","ITBP","B","UR","9",18,18,18,NULL,NULL,NULL,NULL,"301B9","58.73721","19.75","6.25","2006-08-02",NULL,NULL,NULL,NULL
"30","Sikkim","2","A","BSF","G","ST","2",1,1,1,NULL,NULL,NULL,NULL,"302G2","63.39644","22.25","8.5","2004-12-18",NULL,NULL,NULL,NULL
"30","Sikkim","2","A","BSF","G","OBC","6",1,1,1,NULL,NULL,NULL,NULL,"302G6","53.31921","12.75","4","2005-03-17",NULL,NULL,NULL,NULL
"30","Sikkim","2","A","BSF","G","UR","9",1,1,1,NULL,NULL,NULL,NULL,"302G9","66.82429","19.75","15.25","2006-07-23",NULL,NULL,NULL,NULL
"30","Sikkim","2","B","CISF","B","EWS","0",1,1,1,NULL,NULL,NULL,NULL,"302B0","45.63606","8.5","17.5","2004-01-15",NULL,NULL,NULL,NULL
"30","Sikkim","2","B","CISF","B","ST","2",3,3,3,NULL,NULL,NULL,NULL,"302B2","32.53993","6.25","22","2005-05-23",NULL,NULL,NULL,NULL
"30","Sikkim","2","B","CISF","B","ESM","3",1,1,1,NULL,NULL,NULL,NULL,"302B3",NULL,NULL,NULL,NULL,NULL,NULL,NULL,NULL
"30","Sikkim","2","B","CISF","B","OBC","6",5,5,5,NULL,NULL,NULL,NULL,"302B6","40.92947","8.5","6.5","2001-12-06",NULL,NULL,NULL,NULL
"30","Sikkim","2","B","CISF","B","UR","9",5,5,5,NULL,NULL,NULL,NULL,"302B9","50.00209","1.75","22","2005-01-26",NULL,NULL,NULL,NULL
"30","Sikkim","2","B","CISF","G","ST","2",1,1,1,NULL,NULL,NULL,NULL,"302G2","63.39644","22.25","8.5","2004-12-18",NULL,NULL,NULL,NULL
"30","Sikkim","2","B","CISF","G","ESM","3",1,1,1,NULL,NULL,NULL,NULL,"302G3",NULL,NULL,NULL,NULL,NULL,NULL,NULL,NULL
"30","Sikkim","2","B","CISF","G","OBC","6",1,1,1,NULL,NULL,NULL,NULL,"302G6","53.31921","12.75","4","2005-03-17",NULL,NULL,NULL,NULL
"30","Sikkim","2","B","CISF","G","UR","9",3,3,3,NULL,NULL,NULL,NULL,"302G9","66.82429","19.75","15.25","2006-07-23",NULL,NULL,NULL,NULL
"30","Sikkim","2","C","CRPF","B","EWS","0",2,2,2,NULL,NULL,NULL,NULL,"302B0","45.63606","8.5","17.5","2004-01-15",NULL,NULL,NULL,NULL
"30","Sikkim","2","C","CRPF","B","SC","1",1,1,1,NULL,NULL,NULL,NULL,"302B1",NULL,NULL,NULL,NULL,NULL,NULL,NULL,NULL
"30","Sikkim","2","C","CRPF","B","ST","2",5,5,5,NULL,NULL,NULL,NULL,"302B2","32.53993","6.25","22","2005-05-23",NULL,NULL,NULL,NULL
"30","Sikkim","2","C","CRPF","B","ESM","3",3,3,3,NULL,NULL,NULL,NULL,"302B3",NULL,NULL,NULL,NULL,NULL,NULL,NULL,NULL
"30","Sikkim","2","C","CRPF","B","OBC","6",7,7,7,NULL,NULL,NULL,NULL,"302B6","40.92947","8.5","6.5","2001-12-06",NULL,NULL,NULL,NULL
"30","Sikkim","2","C","CRPF","B","UR","9",12,12,12,NULL,NULL,NULL,NULL,"302B9","50.00209","1.75","22","2005-01-26",NULL,NULL,NULL,NULL
"30","Sikkim","2","C","CRPF","G","ST","2",1,1,1,NULL,NULL,NULL,NULL,"302G2","63.39644","22.25","8.5","2004-12-18",NULL,NULL,NULL,NULL
"30","Sikkim","2","C","CRPF","G","ESM","3",1,1,1,NULL,NULL,NULL,NULL,"302G3",NULL,NULL,NULL,NULL,NULL,NULL,NULL,NULL
"30","Sikkim","2","C","CRPF","G","OBC","6",1,1,1,NULL,NULL,NULL,NULL,"302G6","53.31921","12.75","4","2005-03-17",NULL,NULL,NULL,NULL
"30","Sikkim","2","C","CRPF","G","UR","9",3,3,3,NULL,NULL,NULL,NULL,"302G9","66.82429","19.75","15.25","2006-07-23",NULL,NULL,NULL,NULL
"30","Sikkim","2","D","SSB","B","EWS","0",1,1,1,NULL,NULL,NULL,NULL,"302B0","45.63606","8.5","17.5","2004-01-15",NULL,NULL,NULL,NULL
"30","Sikkim","2","D","SSB","B","SC","1",1,1,1,NULL,NULL,NULL,NULL,"302B1",NULL,NULL,NULL,NULL,NULL,NULL,NULL,NULL
"30","Sikkim","2","D","SSB","B","ST","2",4,4,4,NULL,NULL,NULL,NULL,"302B2","32.53993","6.25","22","2005-05-23",NULL,NULL,NULL,NULL
"30","Sikkim","2","D","SSB","B","ESM","3",2,2,2,NULL,NULL,NULL,NULL,"302B3",NULL,NULL,NULL,NULL,NULL,NULL,NULL,NULL
"30","Sikkim","2","D","SSB","B","OBC","6",6,6,6,NULL,NULL,NULL,NULL,"302B6","40.92947","8.5","6.5","2001-12-06",NULL,NULL,NULL,NULL
"30","Sikkim","2","D","SSB","B","UR","9",6,6,6,NULL,NULL,NULL,NULL,"302B9","50.00209","1.75","22","2005-01-26",NULL,NULL,NULL,NULL
"30","Sikkim","2","D","SSB","G","ESM","3",1,1,1,NULL,NULL,NULL,NULL,"302G3",NULL,NULL,NULL,NULL,NULL,NULL,NULL,NULL
"30","Sikkim","2","D","SSB","G","OBC","6",3,3,3,NULL,NULL,NULL,NULL,"302G6","53.31921","12.75","4","2005-03-17",NULL,NULL,NULL,NULL
"30","Sikkim","2","D","SSB","G","UR","9",5,5,5,NULL,NULL,NULL,NULL,"302G9","66.82429","19.75","15.25","2006-07-23",NULL,NULL,NULL,NULL
"30","Sikkim","2","E","ITBP","B","EWS","0",27,27,27,NULL,NULL,NULL,NULL,"302B0","45.63606","8.5","17.5","2004-01-15",NULL,NULL,NULL,NULL
"30","Sikkim","2","E","ITBP","B","SC","1",16,16,16,NULL,NULL,NULL,NULL,"302B1",NULL,NULL,NULL,NULL,NULL,NULL,NULL,NULL
"30","Sikkim","2","E","ITBP","B","ST","2",55,55,55,NULL,NULL,NULL,NULL,"302B2","32.53993","6.25","22","2005-05-23",NULL,NULL,NULL,NULL
"30","Sikkim","2","E","ITBP","B","ESM","3",27,27,27,NULL,NULL,NULL,NULL,"302B3",NULL,NULL,NULL,NULL,NULL,NULL,NULL,NULL
"30","Sikkim","2","E","ITBP","B","OBC","6",71,71,71,NULL,NULL,NULL,NULL,"302B6","40.92947","8.5","6.5","2001-12-06",NULL,NULL,NULL,NULL
"30","Sikkim","2","E","ITBP","B","UR","9",103,103,103,NULL,NULL,NULL,NULL,"302B9","50.00209","1.75","22","2005-01-26",NULL,NULL,NULL,NULL
"31","Tamilnadu","1","A","BSF","G","EWS","0",9,9,9,NULL,NULL,NULL,NULL,"311G0","75.42534","32","5","2003-12-16",NULL,NULL,NULL,NULL
"31","Tamilnadu","1","A","BSF","G","SC","1",17,17,17,NULL,NULL,NULL,NULL,"311G1","59.54172","31","10.75","2004-06-12",NULL,NULL,NULL,NULL
"31","Tamilnadu","1","A","BSF","G","ST","2",1,1,1,NULL,NULL,NULL,NULL,"311G2","67.37574","25.25","6.75","2004-12-21",NULL,NULL,NULL,NULL
"31","Tamilnadu","1","A","BSF","G","ESM","3",9,9,9,NULL,NULL,NULL,NULL,"311G3",NULL,NULL,NULL,NULL,NULL,NULL,NULL,NULL
"31","Tamilnadu","1","A","BSF","G","OBC","6",25,25,25,NULL,NULL,NULL,NULL,"311G6","66.82429","24.25","15.25","2000-05-05",NULL,NULL,NULL,NULL
"31","Tamilnadu","1","A","BSF","G","UR","9",38,38,38,NULL,NULL,NULL,NULL,"311G9","69.93583","28.75","10.75","2003-05-08",NULL,NULL,NULL,NULL
"31","Tamilnadu","1","B","CISF","G","EWS","0",5,5,5,NULL,NULL,NULL,NULL,"311G0","75.42534","32","5","2003-12-16",NULL,NULL,NULL,NULL
"31","Tamilnadu","1","B","CISF","G","SC","1",11,11,11,NULL,NULL,NULL,NULL,"311G1","59.54172","31","10.75","2004-06-12",NULL,NULL,NULL,NULL
"31","Tamilnadu","1","B","CISF","G","ST","2",1,1,1,NULL,NULL,NULL,NULL,"311G2","67.37574","25.25","6.75","2004-12-21",NULL,NULL,NULL,NULL
"31","Tamilnadu","1","B","CISF","G","ESM","3",6,6,6,NULL,NULL,NULL,NULL,"311G3",NULL,NULL,NULL,NULL,NULL,NULL,NULL,NULL
"31","Tamilnadu","1","B","CISF","G","OBC","6",15,15,15,NULL,NULL,NULL,NULL,"311G6","66.82429","24.25","15.25","2000-05-05",NULL,NULL,NULL,NULL
"31","Tamilnadu","1","B","CISF","G","UR","9",24,24,24,NULL,NULL,NULL,NULL,"311G9","69.93583","28.75","10.75","2003-05-08",NULL,NULL,NULL,NULL
"31","Tamilnadu","1","C","CRPF","G","EWS","0",2,2,2,NULL,NULL,NULL,NULL,"311G0","75.42534","32","5","2003-12-16",NULL,NULL,NULL,NULL
"31","Tamilnadu","1","C","CRPF","G","SC","1",3,3,3,NULL,NULL,NULL,NULL,"311G1","59.54172","31","10.75","2004-06-12",NULL,NULL,NULL,NULL
"31","Tamilnadu","1","C","CRPF","G","ESM","3",2,2,2,NULL,NULL,NULL,NULL,"311G3",NULL,NULL,NULL,NULL,NULL,NULL,NULL,NULL
"31","Tamilnadu","1","C","CRPF","G","OBC","6",5,5,5,NULL,NULL,NULL,NULL,"311G6","66.82429","24.25","15.25","2000-05-05",NULL,NULL,NULL,NULL
"31","Tamilnadu","1","C","CRPF","G","UR","9",7,7,7,NULL,NULL,NULL,NULL,"311G9","69.93583","28.75","10.75","2003-05-08",NULL,NULL,NULL,NULL
"31","Tamilnadu","1","E","ITBP","G","EWS","0",2,2,2,NULL,NULL,NULL,NULL,"311G0","75.42534","32","5","2003-12-16",NULL,NULL,NULL,NULL
"31","Tamilnadu","1","E","ITBP","G","SC","1",4,4,4,NULL,NULL,NULL,NULL,"311G1","59.54172","31","10.75","2004-06-12",NULL,NULL,NULL,NULL
"31","Tamilnadu","1","E","ITBP","G","ESM","3",2,2,2,NULL,NULL,NULL,NULL,"311G3",NULL,NULL,NULL,NULL,NULL,NULL,NULL,NULL
"31","Tamilnadu","1","E","ITBP","G","OBC","6",5,5,5,NULL,NULL,NULL,NULL,"311G6","66.82429","24.25","15.25","2000-05-05",NULL,NULL,NULL,NULL
"31","Tamilnadu","1","E","ITBP","G","UR","9",7,7,7,NULL,NULL,NULL,NULL,"311G9","69.93583","28.75","10.75","2003-05-08",NULL,NULL,NULL,NULL
"31","Tamilnadu","1","F","AR","G","SC","1",1,1,1,NULL,NULL,NULL,NULL,"311G1","59.54172","31","10.75","2004-06-12",NULL,NULL,NULL,NULL
"31","Tamilnadu","1","F","AR","G","ESM","3",1,1,1,NULL,NULL,NULL,NULL,"311G3",NULL,NULL,NULL,NULL,NULL,NULL,NULL,NULL
"31","Tamilnadu","1","F","AR","G","OBC","6",2,2,2,NULL,NULL,NULL,NULL,"311G6","66.82429","24.25","15.25","2000-05-05",NULL,NULL,NULL,NULL
"31","Tamilnadu","1","F","AR","G","UR","9",2,2,2,NULL,NULL,NULL,NULL,"311G9","69.93583","28.75","10.75","2003-05-08",NULL,NULL,NULL,NULL
"31","Tamilnadu","2","A","BSF","G","EWS","0",49,49,49,NULL,NULL,NULL,NULL,"312G0","42.57405","26.75","4.5","2003-10-17",NULL,NULL,NULL,NULL
"31","Tamilnadu","2","A","BSF","G","SC","1",92,92,92,NULL,NULL,NULL,NULL,"312G1","54.29808","26.5","-0.5","2002-04-15",NULL,NULL,NULL,NULL
"31","Tamilnadu","2","A","BSF","G","ST","2",5,5,5,NULL,NULL,NULL,NULL,"312G2","54.61823","31.5","4.75","2004-05-25",NULL,NULL,NULL,NULL
"31","Tamilnadu","2","A","BSF","G","ESM","3",49,49,49,NULL,NULL,NULL,NULL,"312G3","46.37259","15.25","4","1978-10-30",NULL,NULL,NULL,NULL
"31","Tamilnadu","2","A","BSF","G","OBC","6",131,131,131,NULL,NULL,NULL,NULL,"312G6","62.03661","21.25","17","1999-08-29",NULL,NULL,NULL,NULL
"31","Tamilnadu","2","A","BSF","G","UR","9",210,210,210,NULL,NULL,NULL,NULL,"312G9","62.55637","19.25","2.75","2003-11-22",NULL,NULL,NULL,NULL
"31","Tamilnadu","2","B","CISF","G","EWS","0",44,44,44,NULL,NULL,NULL,NULL,"312G0","42.57405","26.75","4.5","2003-10-17",NULL,NULL,NULL,NULL
"31","Tamilnadu","2","B","CISF","G","SC","1",88,88,88,NULL,NULL,NULL,NULL,"312G1","54.29808","26.5","-0.5","2002-04-15",NULL,NULL,NULL,NULL
"31","Tamilnadu","2","B","CISF","G","ST","2",5,5,5,NULL,NULL,NULL,NULL,"312G2","54.61823","31.5","4.75","2004-05-25",NULL,NULL,NULL,NULL
"31","Tamilnadu","2","B","CISF","G","ESM","3",47,47,47,NULL,NULL,NULL,NULL,"312G3","46.37259","15.25","4","1978-10-30",NULL,NULL,NULL,NULL
"31","Tamilnadu","2","B","CISF","G","OBC","6",127,127,127,NULL,NULL,NULL,NULL,"312G6","62.03661","21.25","17","1999-08-29",NULL,NULL,NULL,NULL
"31","Tamilnadu","2","B","CISF","G","UR","9",202,202,202,NULL,NULL,NULL,NULL,"312G9","62.55637","19.25","2.75","2003-11-22",NULL,NULL,NULL,NULL
"31","Tamilnadu","2","C","CRPF","G","EWS","0",41,41,41,NULL,NULL,NULL,NULL,"312G0","42.57405","26.75","4.5","2003-10-17",NULL,NULL,NULL,NULL
"31","Tamilnadu","2","C","CRPF","G","SC","1",78,78,78,NULL,NULL,NULL,NULL,"312G1","54.29808","26.5","-0.5","2002-04-15",NULL,NULL,NULL,NULL
"31","Tamilnadu","2","C","CRPF","G","ST","2",4,4,4,NULL,NULL,NULL,NULL,"312G2","54.61823","31.5","4.75","2004-05-25",NULL,NULL,NULL,NULL
"31","Tamilnadu","2","C","CRPF","G","ESM","3",41,41,41,NULL,NULL,NULL,NULL,"312G3","46.37259","15.25","4","1978-10-30",NULL,NULL,NULL,NULL
"31","Tamilnadu","2","C","CRPF","G","OBC","6",110,110,110,NULL,NULL,NULL,NULL,"312G6","62.03661","21.25","17","1999-08-29",NULL,NULL,NULL,NULL
"31","Tamilnadu","2","C","CRPF","G","UR","9",176,176,176,NULL,NULL,NULL,NULL,"312G9","62.55637","19.25","2.75","2003-11-22",NULL,NULL,NULL,NULL
"31","Tamilnadu","2","D","SSB","G","EWS","0",4,4,4,NULL,NULL,NULL,NULL,"312G0","42.57405","26.75","4.5","2003-10-17",NULL,NULL,NULL,NULL
"31","Tamilnadu","2","D","SSB","G","SC","1",9,9,9,NULL,NULL,NULL,NULL,"312G1","54.29808","26.5","-0.5","2002-04-15",NULL,NULL,NULL,NULL
"31","Tamilnadu","2","D","SSB","G","ESM","3",5,5,5,NULL,NULL,NULL,NULL,"312G3","46.37259","15.25","4","1978-10-30",NULL,NULL,NULL,NULL
"31","Tamilnadu","2","D","SSB","G","OBC","6",13,13,13,NULL,NULL,NULL,NULL,"312G6","62.03661","21.25","17","1999-08-29",NULL,NULL,NULL,NULL
"31","Tamilnadu","2","D","SSB","G","UR","9",19,19,19,NULL,NULL,NULL,NULL,"312G9","62.55637","19.25","2.75","2003-11-22",NULL,NULL,NULL,NULL
"31","Tamilnadu","2","E","ITBP","G","EWS","0",11,11,11,NULL,NULL,NULL,NULL,"312G0","42.57405","26.75","4.5","2003-10-17",NULL,NULL,NULL,NULL
"31","Tamilnadu","2","E","ITBP","G","SC","1",20,20,20,NULL,NULL,NULL,NULL,"312G1","54.29808","26.5","-0.5","2002-04-15",NULL,NULL,NULL,NULL
"31","Tamilnadu","2","E","ITBP","G","ST","2",1,1,1,NULL,NULL,NULL,NULL,"312G2","54.61823","31.5","4.75","2004-05-25",NULL,NULL,NULL,NULL
"31","Tamilnadu","2","E","ITBP","G","ESM","3",11,11,11,NULL,NULL,NULL,NULL,"312G3","46.37259","15.25","4","1978-10-30",NULL,NULL,NULL,NULL
"31","Tamilnadu","2","E","ITBP","G","OBC","6",29,29,29,NULL,NULL,NULL,NULL,"312G6","62.03661","21.25","17","1999-08-29",NULL,NULL,NULL,NULL
"31","Tamilnadu","2","E","ITBP","G","UR","9",45,45,45,NULL,NULL,NULL,NULL,"312G9","62.55637","19.25","2.75","2003-11-22",NULL,NULL,NULL,NULL
"31","Tamilnadu","2","F","AR","G","EWS","0",5,5,5,NULL,NULL,NULL,NULL,"312G0","42.57405","26.75","4.5","2003-10-17",NULL,NULL,NULL,NULL
"31","Tamilnadu","2","F","AR","G","SC","1",10,10,10,NULL,NULL,NULL,NULL,"312G1","54.29808","26.5","-0.5","2002-04-15",NULL,NULL,NULL,NULL
"31","Tamilnadu","2","F","AR","G","ST","2",1,1,1,NULL,NULL,NULL,NULL,"312G2","54.61823","31.5","4.75","2004-05-25",NULL,NULL,NULL,NULL
"31","Tamilnadu","2","F","AR","G","ESM","3",5,5,5,NULL,NULL,NULL,NULL,"312G3","46.37259","15.25","4","1978-10-30",NULL,NULL,NULL,NULL
"31","Tamilnadu","2","F","AR","G","OBC","6",14,14,14,NULL,NULL,NULL,NULL,"312G6","62.03661","21.25","17","1999-08-29",NULL,NULL,NULL,NULL
"31","Tamilnadu","2","F","AR","G","UR","9",23,23,23,NULL,NULL,NULL,NULL,"312G9","62.55637","19.25","2.75","2003-11-22",NULL,NULL,NULL,NULL
"32","Telangana ","1","A","BSF","G","EWS","0",3,3,3,NULL,NULL,NULL,NULL,"321G0","66.18027","26.5","11","2006-05-20",NULL,NULL,NULL,NULL
"32","Telangana ","1","A","BSF","G","SC","1",8,8,8,NULL,NULL,NULL,NULL,"321G1","105.75602","33.25","19.75","2000-08-10",NULL,NULL,NULL,NULL
"32","Telangana ","1","A","BSF","G","ST","2",2,2,2,NULL,NULL,NULL,NULL,"321G2","95.19828","28.75","14","2001-08-12",NULL,NULL,NULL,NULL
"32","Telangana ","1","A","BSF","G","ESM","3",4,4,4,NULL,NULL,NULL,NULL,"321G3",NULL,NULL,NULL,NULL,NULL,NULL,NULL,NULL
"32","Telangana ","1","A","BSF","G","OBC","6",10,10,10,NULL,NULL,NULL,NULL,"321G6","79.79686","35.75","11.25","1999-12-03",NULL,NULL,NULL,NULL
"32","Telangana ","1","A","BSF","G","UR","9",16,16,16,NULL,NULL,NULL,NULL,"321G9","82.05211","29.5","5","2004-07-19",NULL,NULL,NULL,NULL
"32","Telangana ","1","A","BSF","N","EWS","0",2,2,2,NULL,NULL,NULL,NULL,"321N0",NULL,NULL,NULL,NULL,NULL,NULL,NULL,NULL
"32","Telangana ","1","A","BSF","N","SC","1",2,2,2,NULL,NULL,NULL,NULL,"321N1","76.76331","36","10.75","1998-08-20",NULL,NULL,NULL,NULL
"32","Telangana ","1","A","BSF","N","ST","2",1,1,1,NULL,NULL,NULL,NULL,"321N2","80.2245","31.5","10","2001-02-10",NULL,NULL,NULL,NULL
"32","Telangana ","1","A","BSF","N","ESM","3",1,1,1,NULL,NULL,NULL,NULL,"321N3",NULL,NULL,NULL,NULL,NULL,NULL,NULL,NULL
"32","Telangana ","1","A","BSF","N","OBC","6",3,3,3,NULL,NULL,NULL,NULL,"321N6","42.0576","19.75","8.5","2002-09-12",NULL,NULL,NULL,NULL
"32","Telangana ","1","A","BSF","N","UR","9",6,6,6,NULL,NULL,NULL,NULL,"321N9","57.16152","22.25","2.5","2004-07-13",NULL,NULL,NULL,NULL
"32","Telangana ","1","B","CISF","G","EWS","0",2,2,2,NULL,NULL,NULL,NULL,"321G0","66.18027","26.5","11","2006-05-20",NULL,NULL,NULL,NULL
"32","Telangana ","1","B","CISF","G","SC","1",4,4,4,NULL,NULL,NULL,NULL,"321G1","105.75602","33.25","19.75","2000-08-10",NULL,NULL,NULL,NULL
"32","Telangana ","1","B","CISF","G","ST","2",2,2,2,NULL,NULL,NULL,NULL,"321G2","95.19828","28.75","14","2001-08-12",NULL,NULL,NULL,NULL
"32","Telangana ","1","B","CISF","G","ESM","3",2,2,2,NULL,NULL,NULL,NULL,"321G3",NULL,NULL,NULL,NULL,NULL,NULL,NULL,NULL
"32","Telangana ","1","B","CISF","G","OBC","6",6,6,6,NULL,NULL,NULL,NULL,"321G6","79.79686","35.75","11.25","1999-12-03",NULL,NULL,NULL,NULL
"32","Telangana ","1","B","CISF","G","UR","9",10,10,10,NULL,NULL,NULL,NULL,"321G9","82.05211","29.5","5","2004-07-19",NULL,NULL,NULL,NULL
"32","Telangana ","1","B","CISF","N","EWS","0",1,1,1,NULL,NULL,NULL,NULL,"321N0",NULL,NULL,NULL,NULL,NULL,NULL,NULL,NULL
"32","Telangana ","1","B","CISF","N","SC","1",1,1,1,NULL,NULL,NULL,NULL,"321N1","76.76331","36","10.75","1998-08-20",NULL,NULL,NULL,NULL
"32","Telangana ","1","B","CISF","N","ESM","3",1,1,1,NULL,NULL,NULL,NULL,"321N3",NULL,NULL,NULL,NULL,NULL,NULL,NULL,NULL
"32","Telangana ","1","B","CISF","N","OBC","6",2,2,2,NULL,NULL,NULL,NULL,"321N6","42.0576","19.75","8.5","2002-09-12",NULL,NULL,NULL,NULL
"32","Telangana ","1","B","CISF","N","UR","9",2,2,2,NULL,NULL,NULL,NULL,"321N9","57.16152","22.25","2.5","2004-07-13",NULL,NULL,NULL,NULL
"32","Telangana ","1","C","CRPF","G","EWS","0",1,1,1,NULL,NULL,NULL,NULL,"321G0","66.18027","26.5","11","2006-05-20",NULL,NULL,NULL,NULL
"32","Telangana ","1","C","CRPF","G","SC","1",1,1,1,NULL,NULL,NULL,NULL,"321G1","105.75602","33.25","19.75","2000-08-10",NULL,NULL,NULL,NULL
"32","Telangana ","1","C","CRPF","G","ST","2",1,1,1,NULL,NULL,NULL,NULL,"321G2","95.19828","28.75","14","2001-08-12",NULL,NULL,NULL,NULL
"32","Telangana ","1","C","CRPF","G","ESM","3",1,1,1,NULL,NULL,NULL,NULL,"321G3",NULL,NULL,NULL,NULL,NULL,NULL,NULL,NULL
"32","Telangana ","1","C","CRPF","G","OBC","6",2,2,2,NULL,NULL,NULL,NULL,"321G6","79.79686","35.75","11.25","1999-12-03",NULL,NULL,NULL,NULL
"32","Telangana ","1","C","CRPF","G","UR","9",3,3,3,NULL,NULL,NULL,NULL,"321G9","82.05211","29.5","5","2004-07-19",NULL,NULL,NULL,NULL
"32","Telangana ","1","C","CRPF","N","OBC","6",1,1,1,NULL,NULL,NULL,NULL,"321N6","42.0576","19.75","8.5","2002-09-12",NULL,NULL,NULL,NULL
"32","Telangana ","1","C","CRPF","N","UR","9",1,1,1,NULL,NULL,NULL,NULL,"321N9","57.16152","22.25","2.5","2004-07-13",NULL,NULL,NULL,NULL
"32","Telangana ","1","E","ITBP","G","EWS","0",1,1,1,NULL,NULL,NULL,NULL,"321G0","66.18027","26.5","11","2006-05-20",NULL,NULL,NULL,NULL
"32","Telangana ","1","E","ITBP","G","SC","1",1,1,1,NULL,NULL,NULL,NULL,"321G1","105.75602","33.25","19.75","2000-08-10",NULL,NULL,NULL,NULL
"32","Telangana ","1","E","ITBP","G","ESM","3",1,1,1,NULL,NULL,NULL,NULL,"321G3",NULL,NULL,NULL,NULL,NULL,NULL,NULL,NULL
"32","Telangana ","1","E","ITBP","G","OBC","6",2,2,2,NULL,NULL,NULL,NULL,"321G6","79.79686","35.75","11.25","1999-12-03",NULL,NULL,NULL,NULL
"32","Telangana ","1","E","ITBP","G","UR","9",2,2,2,NULL,NULL,NULL,NULL,"321G9","82.05211","29.5","5","2004-07-19",NULL,NULL,NULL,NULL
"32","Telangana ","1","E","ITBP","N","UR","9",1,1,1,NULL,NULL,NULL,NULL,"321N9","57.16152","22.25","2.5","2004-07-13",NULL,NULL,NULL,NULL
"32","Telangana ","1","F","AR","G","OBC","6",1,1,1,NULL,NULL,NULL,NULL,"321G6","79.79686","35.75","11.25","1999-12-03",NULL,NULL,NULL,NULL
"32","Telangana ","1","F","AR","G","UR","9",1,1,1,NULL,NULL,NULL,NULL,"321G9","82.05211","29.5","5","2004-07-19",NULL,NULL,NULL,NULL
"32","Telangana ","2","A","BSF","G","EWS","0",22,22,22,NULL,NULL,NULL,NULL,"322G0","43.53757","10.75","6.25","2006-02-05",NULL,NULL,NULL,NULL
"32","Telangana ","2","A","BSF","G","SC","1",35,35,35,NULL,NULL,NULL,NULL,"322G1","63.59915","33.25","1.75","2004-06-06",NULL,NULL,NULL,NULL
"32","Telangana ","2","A","BSF","G","ST","2",16,16,16,NULL,NULL,NULL,NULL,"322G2","86.27449","29","13.5","1999-03-07",NULL,NULL,NULL,NULL
"32","Telangana ","2","A","BSF","G","ESM","3",22,22,22,NULL,NULL,NULL,NULL,"322G3","35.22405","12.25","6.25","1984-11-08",NULL,NULL,NULL,NULL
"32","Telangana ","2","A","BSF","G","OBC","6",59,59,59,NULL,NULL,NULL,NULL,"322G6","70.75093","22","13","2005-02-28",NULL,NULL,NULL,NULL
"32","Telangana ","2","A","BSF","G","UR","9",88,88,88,NULL,NULL,NULL,NULL,"322G9","71.94409","31.5","12.25","2002-05-18",NULL,NULL,NULL,NULL
"32","Telangana ","2","A","BSF","N","EWS","0",7,7,7,NULL,NULL,NULL,NULL,"322N0",NULL,NULL,NULL,NULL,NULL,NULL,NULL,NULL
"32","Telangana ","2","A","BSF","N","SC","1",11,11,11,NULL,NULL,NULL,NULL,"322N1","39.52471","13","6.25","2005-06-24",NULL,NULL,NULL,NULL
"32","Telangana ","2","A","BSF","N","ST","2",4,4,4,NULL,NULL,NULL,NULL,"322N2","73.41454","21","10.25","2002-08-07",NULL,NULL,NULL,NULL
"32","Telangana ","2","A","BSF","N","ESM","3",7,7,7,NULL,NULL,NULL,NULL,"322N3",NULL,NULL,NULL,NULL,NULL,NULL,NULL,NULL
"32","Telangana ","2","A","BSF","N","OBC","6",18,18,18,NULL,NULL,NULL,NULL,"322N6","40.31783","19.75","13","2006-04-25",NULL,NULL,NULL,NULL
"32","Telangana ","2","A","BSF","N","UR","9",26,26,26,NULL,NULL,NULL,NULL,"322N9","49.7453","24.25","8.5","2002-08-03",NULL,NULL,NULL,NULL
"32","Telangana ","2","B","CISF","G","EWS","0",21,21,21,NULL,NULL,NULL,NULL,"322G0","43.53757","10.75","6.25","2006-02-05",NULL,NULL,NULL,NULL
"32","Telangana ","2","B","CISF","G","SC","1",34,34,34,NULL,NULL,NULL,NULL,"322G1","63.59915","33.25","1.75","2004-06-06",NULL,NULL,NULL,NULL
"32","Telangana ","2","B","CISF","G","ST","2",15,15,15,NULL,NULL,NULL,NULL,"322G2","86.27449","29","13.5","1999-03-07",NULL,NULL,NULL,NULL
"32","Telangana ","2","B","CISF","G","ESM","3",21,21,21,NULL,NULL,NULL,NULL,"322G3","35.22405","12.25","6.25","1984-11-08",NULL,NULL,NULL,NULL
"32","Telangana ","2","B","CISF","G","OBC","6",58,58,58,NULL,NULL,NULL,NULL,"322G6","70.75093","22","13","2005-02-28",NULL,NULL,NULL,NULL
"32","Telangana ","2","B","CISF","G","UR","9",86,86,86,NULL,NULL,NULL,NULL,"322G9","71.94409","31.5","12.25","2002-05-18",NULL,NULL,NULL,NULL
"32","Telangana ","2","B","CISF","N","EWS","0",5,5,5,NULL,NULL,NULL,NULL,"322N0",NULL,NULL,NULL,NULL,NULL,NULL,NULL,NULL
"32","Telangana ","2","B","CISF","N","SC","1",9,9,9,NULL,NULL,NULL,NULL,"322N1","39.52471","13","6.25","2005-06-24",NULL,NULL,NULL,NULL
"32","Telangana ","2","B","CISF","N","ST","2",4,4,4,NULL,NULL,NULL,NULL,"322N2","73.41454","21","10.25","2002-08-07",NULL,NULL,NULL,NULL
"32","Telangana ","2","B","CISF","N","ESM","3",5,5,5,NULL,NULL,NULL,NULL,"322N3",NULL,NULL,NULL,NULL,NULL,NULL,NULL,NULL
"32","Telangana ","2","B","CISF","N","OBC","6",14,14,14,NULL,NULL,NULL,NULL,"322N6","40.31783","19.75","13","2006-04-25",NULL,NULL,NULL,NULL
"32","Telangana ","2","B","CISF","N","UR","9",22,22,22,NULL,NULL,NULL,NULL,"322N9","49.7453","24.25","8.5","2002-08-03",NULL,NULL,NULL,NULL
"32","Telangana ","2","C","CRPF","G","EWS","0",20,20,20,NULL,NULL,NULL,NULL,"322G0","43.53757","10.75","6.25","2006-02-05",NULL,NULL,NULL,NULL
"32","Telangana ","2","C","CRPF","G","SC","1",32,32,32,NULL,NULL,NULL,NULL,"322G1","63.59915","33.25","1.75","2004-06-06",NULL,NULL,NULL,NULL
"32","Telangana ","2","C","CRPF","G","ST","2",14,14,14,NULL,NULL,NULL,NULL,"322G2","86.27449","29","13.5","1999-03-07",NULL,NULL,NULL,NULL
"32","Telangana ","2","C","CRPF","G","ESM","3",20,20,20,NULL,NULL,NULL,NULL,"322G3","35.22405","12.25","6.25","1984-11-08",NULL,NULL,NULL,NULL
"32","Telangana ","2","C","CRPF","G","OBC","6",54,54,54,NULL,NULL,NULL,NULL,"322G6","70.75093","22","13","2005-02-28",NULL,NULL,NULL,NULL
"32","Telangana ","2","C","CRPF","G","UR","9",80,80,80,NULL,NULL,NULL,NULL,"322G9","71.94409","31.5","12.25","2002-05-18",NULL,NULL,NULL,NULL
"32","Telangana ","2","C","CRPF","N","EWS","0",5,5,5,NULL,NULL,NULL,NULL,"322N0",NULL,NULL,NULL,NULL,NULL,NULL,NULL,NULL
"32","Telangana ","2","C","CRPF","N","SC","1",8,8,8,NULL,NULL,NULL,NULL,"322N1","39.52471","13","6.25","2005-06-24",NULL,NULL,NULL,NULL
"32","Telangana ","2","C","CRPF","N","ST","2",3,3,3,NULL,NULL,NULL,NULL,"322N2","73.41454","21","10.25","2002-08-07",NULL,NULL,NULL,NULL
"32","Telangana ","2","C","CRPF","N","ESM","3",5,5,5,NULL,NULL,NULL,NULL,"322N3",NULL,NULL,NULL,NULL,NULL,NULL,NULL,NULL
"32","Telangana ","2","C","CRPF","N","OBC","6",13,13,13,NULL,NULL,NULL,NULL,"322N6","40.31783","19.75","13","2006-04-25",NULL,NULL,NULL,NULL
"32","Telangana ","2","C","CRPF","N","UR","9",20,20,20,NULL,NULL,NULL,NULL,"322N9","49.7453","24.25","8.5","2002-08-03",NULL,NULL,NULL,NULL
"32","Telangana ","2","D","SSB","G","EWS","0",1,1,1,NULL,NULL,NULL,NULL,"322G0","43.53757","10.75","6.25","2006-02-05",NULL,NULL,NULL,NULL
"32","Telangana ","2","D","SSB","G","SC","1",2,2,2,NULL,NULL,NULL,NULL,"322G1","63.59915","33.25","1.75","2004-06-06",NULL,NULL,NULL,NULL
"32","Telangana ","2","D","SSB","G","ST","2",1,1,1,NULL,NULL,NULL,NULL,"322G2","86.27449","29","13.5","1999-03-07",NULL,NULL,NULL,NULL
"32","Telangana ","2","D","SSB","G","ESM","3",1,1,1,NULL,NULL,NULL,NULL,"322G3","35.22405","12.25","6.25","1984-11-08",NULL,NULL,NULL,NULL
"32","Telangana ","2","D","SSB","G","OBC","6",3,3,3,NULL,NULL,NULL,NULL,"322G6","70.75093","22","13","2005-02-28",NULL,NULL,NULL,NULL
"32","Telangana ","2","D","SSB","G","UR","9",5,5,5,NULL,NULL,NULL,NULL,"322G9","71.94409","31.5","12.25","2002-05-18",NULL,NULL,NULL,NULL
"32","Telangana ","2","D","SSB","N","ST","2",2,2,2,NULL,NULL,NULL,NULL,"322N2","73.41454","21","10.25","2002-08-07",NULL,NULL,NULL,NULL
"32","Telangana ","2","D","SSB","N","OBC","6",1,1,1,NULL,NULL,NULL,NULL,"322N6","40.31783","19.75","13","2006-04-25",NULL,NULL,NULL,NULL
"32","Telangana ","2","D","SSB","N","UR","9",1,1,1,NULL,NULL,NULL,NULL,"322N9","49.7453","24.25","8.5","2002-08-03",NULL,NULL,NULL,NULL
"32","Telangana ","2","E","ITBP","G","EWS","0",4,4,4,NULL,NULL,NULL,NULL,"322G0","43.53757","10.75","6.25","2006-02-05",NULL,NULL,NULL,NULL
"32","Telangana ","2","E","ITBP","G","SC","1",7,7,7,NULL,NULL,NULL,NULL,"322G1","63.59915","33.25","1.75","2004-06-06",NULL,NULL,NULL,NULL
"32","Telangana ","2","E","ITBP","G","ST","2",3,3,3,NULL,NULL,NULL,NULL,"322G2","86.27449","29","13.5","1999-03-07",NULL,NULL,NULL,NULL
"32","Telangana ","2","E","ITBP","G","ESM","3",4,4,4,NULL,NULL,NULL,NULL,"322G3","35.22405","12.25","6.25","1984-11-08",NULL,NULL,NULL,NULL
"32","Telangana ","2","E","ITBP","G","OBC","6",11,11,11,NULL,NULL,NULL,NULL,"322G6","70.75093","22","13","2005-02-28",NULL,NULL,NULL,NULL
"32","Telangana ","2","E","ITBP","G","UR","9",18,18,18,NULL,NULL,NULL,NULL,"322G9","71.94409","31.5","12.25","2002-05-18",NULL,NULL,NULL,NULL
"32","Telangana ","2","E","ITBP","N","EWS","0",1,1,1,NULL,NULL,NULL,NULL,"322N0",NULL,NULL,NULL,NULL,NULL,NULL,NULL,NULL
"32","Telangana ","2","E","ITBP","N","SC","1",2,2,2,NULL,NULL,NULL,NULL,"322N1","39.52471","13","6.25","2005-06-24",NULL,NULL,NULL,NULL
"32","Telangana ","2","E","ITBP","N","ST","2",1,1,1,NULL,NULL,NULL,NULL,"322N2","73.41454","21","10.25","2002-08-07",NULL,NULL,NULL,NULL
"32","Telangana ","2","E","ITBP","N","ESM","3",1,1,1,NULL,NULL,NULL,NULL,"322N3",NULL,NULL,NULL,NULL,NULL,NULL,NULL,NULL
"32","Telangana ","2","E","ITBP","N","OBC","6",3,3,3,NULL,NULL,NULL,NULL,"322N6","40.31783","19.75","13","2006-04-25",NULL,NULL,NULL,NULL
"32","Telangana ","2","E","ITBP","N","UR","9",6,6,6,NULL,NULL,NULL,NULL,"322N9","49.7453","24.25","8.5","2002-08-03",NULL,NULL,NULL,NULL
"32","Telangana ","2","F","AR","G","EWS","0",3,3,3,NULL,NULL,NULL,NULL,"322G0","43.53757","10.75","6.25","2006-02-05",NULL,NULL,NULL,NULL
"32","Telangana ","2","F","AR","G","SC","1",4,4,4,NULL,NULL,NULL,NULL,"322G1","63.59915","33.25","1.75","2004-06-06",NULL,NULL,NULL,NULL
"32","Telangana ","2","F","AR","G","ST","2",1,1,1,NULL,NULL,NULL,NULL,"322G2","86.27449","29","13.5","1999-03-07",NULL,NULL,NULL,NULL
"32","Telangana ","2","F","AR","G","ESM","3",2,2,2,NULL,NULL,NULL,NULL,"322G3","35.22405","12.25","6.25","1984-11-08",NULL,NULL,NULL,NULL
"32","Telangana ","2","F","AR","G","OBC","6",7,7,7,NULL,NULL,NULL,NULL,"322G6","70.75093","22","13","2005-02-28",NULL,NULL,NULL,NULL
"32","Telangana ","2","F","AR","G","UR","9",9,9,9,NULL,NULL,NULL,NULL,"322G9","71.94409","31.5","12.25","2002-05-18",NULL,NULL,NULL,NULL
"32","Telangana ","2","F","AR","N","SC","1",1,1,1,NULL,NULL,NULL,NULL,"322N1","39.52471","13","6.25","2005-06-24",NULL,NULL,NULL,NULL
"32","Telangana ","2","F","AR","N","ESM","3",1,1,1,NULL,NULL,NULL,NULL,"322N3",NULL,NULL,NULL,NULL,NULL,NULL,NULL,NULL
"32","Telangana ","2","F","AR","N","OBC","6",2,2,2,NULL,NULL,NULL,NULL,"322N6","40.31783","19.75","13","2006-04-25",NULL,NULL,NULL,NULL
"32","Telangana ","2","F","AR","N","UR","9",3,3,3,NULL,NULL,NULL,NULL,"322N9","49.7453","24.25","8.5","2002-08-03",NULL,NULL,NULL,NULL
"33","Tripura","1","A","BSF","B","EWS","0",3,3,3,NULL,NULL,NULL,NULL,"331B0",NULL,NULL,NULL,NULL,NULL,NULL,NULL,NULL
"33","Tripura","1","A","BSF","B","SC","1",5,5,5,NULL,NULL,NULL,NULL,"331B1","42.67795","17.75","7.75","2002-12-25",NULL,NULL,NULL,NULL
"33","Tripura","1","A","BSF","B","ST","2",10,10,10,NULL,NULL,NULL,NULL,"331B2","42.31733","12","16.5","2002-01-25",NULL,NULL,NULL,NULL
"33","Tripura","1","A","BSF","B","ESM","3",3,3,3,NULL,NULL,NULL,NULL,"331B3",NULL,NULL,NULL,NULL,NULL,NULL,NULL,NULL
"33","Tripura","1","A","BSF","B","UR","9",12,12,12,NULL,NULL,NULL,NULL,"331B9","51.47933","28.75","10.75","2006-04-04",NULL,NULL,NULL,NULL
"33","Tripura","1","A","BSF","G","SC","1",2,2,2,NULL,NULL,NULL,NULL,"331G1",NULL,NULL,NULL,NULL,NULL,NULL,NULL,NULL
"33","Tripura","1","A","BSF","G","ST","2",2,2,2,NULL,NULL,NULL,NULL,"331G2","41.55634","15.25","8.5","2006-11-10",NULL,NULL,NULL,NULL
"33","Tripura","1","A","BSF","G","ESM","3",1,1,1,NULL,NULL,NULL,NULL,"331G3",NULL,NULL,NULL,NULL,NULL,NULL,NULL,NULL
"33","Tripura","1","A","BSF","G","UR","9",3,3,3,NULL,NULL,NULL,NULL,"331G9","50.41486","13","1.75","2002-07-01",NULL,NULL,NULL,NULL
"33","Tripura","1","A","BSF","N","EWS","0",2,2,2,NULL,NULL,NULL,NULL,"331N0","42.82459","20.5","3.5","2005-06-08",NULL,NULL,NULL,NULL
"33","Tripura","1","A","BSF","N","SC","1",4,4,4,NULL,NULL,NULL,NULL,"331N1","48.5833","17.5","10.75","1998-08-20",NULL,NULL,NULL,NULL
"33","Tripura","1","A","BSF","N","ST","2",7,7,7,NULL,NULL,NULL,NULL,"331N2","48.45702","19.75","6.5","2003-01-09",NULL,NULL,NULL,NULL
"33","Tripura","1","A","BSF","N","ESM","3",2,2,2,NULL,NULL,NULL,NULL,"331N3",NULL,NULL,NULL,NULL,NULL,NULL,NULL,NULL
"33","Tripura","1","A","BSF","N","OBC","6",1,1,1,NULL,NULL,NULL,NULL,"331N6",NULL,NULL,NULL,NULL,NULL,NULL,NULL,NULL
"33","Tripura","1","A","BSF","N","UR","9",9,9,9,NULL,NULL,NULL,NULL,"331N9","63.54643","22.25","13","2004-01-01",NULL,NULL,NULL,NULL
"33","Tripura","1","B","CISF","B","EWS","0",1,1,1,NULL,NULL,NULL,NULL,"331B0",NULL,NULL,NULL,NULL,NULL,NULL,NULL,NULL
"33","Tripura","1","B","CISF","B","SC","1",2,2,2,NULL,NULL,NULL,NULL,"331B1","42.67795","17.75","7.75","2002-12-25",NULL,NULL,NULL,NULL
"33","Tripura","1","B","CISF","B","ST","2",3,3,3,NULL,NULL,NULL,NULL,"331B2","42.31733","12","16.5","2002-01-25",NULL,NULL,NULL,NULL
"33","Tripura","1","B","CISF","B","ESM","3",1,1,1,NULL,NULL,NULL,NULL,"331B3",NULL,NULL,NULL,NULL,NULL,NULL,NULL,NULL
"33","Tripura","1","B","CISF","B","UR","9",5,5,5,NULL,NULL,NULL,NULL,"331B9","51.47933","28.75","10.75","2006-04-04",NULL,NULL,NULL,NULL
"33","Tripura","1","B","CISF","G","EWS","0",1,1,1,NULL,NULL,NULL,NULL,"331G0",NULL,NULL,NULL,NULL,NULL,NULL,NULL,NULL
"33","Tripura","1","B","CISF","G","ST","2",2,2,2,NULL,NULL,NULL,NULL,"331G2","41.55634","15.25","8.5","2006-11-10",NULL,NULL,NULL,NULL
"33","Tripura","1","B","CISF","G","ESM","3",1,1,1,NULL,NULL,NULL,NULL,"331G3",NULL,NULL,NULL,NULL,NULL,NULL,NULL,NULL
"33","Tripura","1","B","CISF","G","UR","9",2,2,2,NULL,NULL,NULL,NULL,"331G9","50.41486","13","1.75","2002-07-01",NULL,NULL,NULL,NULL
"33","Tripura","1","B","CISF","N","EWS","0",2,2,2,NULL,NULL,NULL,NULL,"331N0","42.82459","20.5","3.5","2005-06-08",NULL,NULL,NULL,NULL
"33","Tripura","1","B","CISF","N","SC","1",3,3,3,NULL,NULL,NULL,NULL,"331N1","48.5833","17.5","10.75","1998-08-20",NULL,NULL,NULL,NULL
"33","Tripura","1","B","CISF","N","ST","2",5,5,5,NULL,NULL,NULL,NULL,"331N2","48.45702","19.75","6.5","2003-01-09",NULL,NULL,NULL,NULL
"33","Tripura","1","B","CISF","N","ESM","3",2,2,2,NULL,NULL,NULL,NULL,"331N3",NULL,NULL,NULL,NULL,NULL,NULL,NULL,NULL
"33","Tripura","1","B","CISF","N","UR","9",6,6,6,NULL,NULL,NULL,NULL,"331N9","63.54643","22.25","13","2004-01-01",NULL,NULL,NULL,NULL
"33","Tripura","1","C","CRPF","B","SC","1",1,1,1,NULL,NULL,NULL,NULL,"331B1","42.67795","17.75","7.75","2002-12-25",NULL,NULL,NULL,NULL
"33","Tripura","1","C","CRPF","B","ST","2",1,1,1,NULL,NULL,NULL,NULL,"331B2","42.31733","12","16.5","2002-01-25",NULL,NULL,NULL,NULL
"33","Tripura","1","C","CRPF","B","UR","9",2,2,2,NULL,NULL,NULL,NULL,"331B9","51.47933","28.75","10.75","2006-04-04",NULL,NULL,NULL,NULL
"33","Tripura","1","C","CRPF","G","UR","9",1,1,1,NULL,NULL,NULL,NULL,"331G9","50.41486","13","1.75","2002-07-01",NULL,NULL,NULL,NULL
"33","Tripura","1","C","CRPF","N","EWS","0",1,1,1,NULL,NULL,NULL,NULL,"331N0","42.82459","20.5","3.5","2005-06-08",NULL,NULL,NULL,NULL
"33","Tripura","1","C","CRPF","N","SC","1",1,1,1,NULL,NULL,NULL,NULL,"331N1","48.5833","17.5","10.75","1998-08-20",NULL,NULL,NULL,NULL
"33","Tripura","1","C","CRPF","N","ST","2",2,2,2,NULL,NULL,NULL,NULL,"331N2","48.45702","19.75","6.5","2003-01-09",NULL,NULL,NULL,NULL
"33","Tripura","1","C","CRPF","N","ESM","3",1,1,1,NULL,NULL,NULL,NULL,"331N3",NULL,NULL,NULL,NULL,NULL,NULL,NULL,NULL
"33","Tripura","1","C","CRPF","N","UR","9",2,2,2,NULL,NULL,NULL,NULL,"331N9","63.54643","22.25","13","2004-01-01",NULL,NULL,NULL,NULL
"33","Tripura","1","E","ITBP","N","SC","1",1,1,1,NULL,NULL,NULL,NULL,"331N1","48.5833","17.5","10.75","1998-08-20",NULL,NULL,NULL,NULL
"33","Tripura","1","E","ITBP","N","ST","2",1,1,1,NULL,NULL,NULL,NULL,"331N2","48.45702","19.75","6.5","2003-01-09",NULL,NULL,NULL,NULL
"33","Tripura","1","E","ITBP","N","UR","9",2,2,2,NULL,NULL,NULL,NULL,"331N9","63.54643","22.25","13","2004-01-01",NULL,NULL,NULL,NULL
"33","Tripura","1","F","AR","N","UR","9",1,1,1,NULL,NULL,NULL,NULL,"331N9","63.54643","22.25","13","2004-01-01",NULL,NULL,NULL,NULL
"33","Tripura","2","A","BSF","B","EWS","0",16,16,16,NULL,NULL,NULL,NULL,"332B0",NULL,NULL,NULL,NULL,NULL,NULL,NULL,NULL
"33","Tripura","2","A","BSF","B","SC","1",27,27,27,NULL,NULL,NULL,NULL,"332B1","36.8777","13","8.5","2003-10-06",NULL,NULL,NULL,NULL
"33","Tripura","2","A","BSF","B","ST","2",50,50,50,NULL,NULL,NULL,NULL,"332B2","36.13772","8.5","2.75","2006-07-08",NULL,NULL,NULL,NULL
"33","Tripura","2","A","BSF","B","ESM","3",16,16,16,NULL,NULL,NULL,NULL,"332B3",NULL,NULL,NULL,NULL,NULL,NULL,NULL,NULL
"33","Tripura","2","A","BSF","B","OBC","6",3,3,3,NULL,NULL,NULL,NULL,"332B6","72.71594","27","13","1999-06-10",NULL,NULL,NULL,NULL
"33","Tripura","2","A","BSF","B","UR","9",64,64,64,NULL,NULL,NULL,NULL,"332B9","48.82757","19","9.75","2002-01-10",NULL,NULL,NULL,NULL
"33","Tripura","2","A","BSF","G","EWS","0",4,4,4,NULL,NULL,NULL,NULL,"332G0",NULL,NULL,NULL,NULL,NULL,NULL,NULL,NULL
"33","Tripura","2","A","BSF","G","SC","1",7,7,7,NULL,NULL,NULL,NULL,"332G1","34.60126","17.75","2.75","2004-12-24",NULL,NULL,NULL,NULL
"33","Tripura","2","A","BSF","G","ST","2",13,13,13,NULL,NULL,NULL,NULL,"332G2","35.06767","15.25","1.75","2003-06-02",NULL,NULL,NULL,NULL
"33","Tripura","2","A","BSF","G","ESM","3",4,4,4,NULL,NULL,NULL,NULL,"332G3",NULL,NULL,NULL,NULL,NULL,NULL,NULL,NULL
"33","Tripura","2","A","BSF","G","OBC","6",1,1,1,NULL,NULL,NULL,NULL,"332G6","70.31862","22.25","10.75","2000-10-16",NULL,NULL,NULL,NULL
"33","Tripura","2","A","BSF","G","UR","9",16,16,16,NULL,NULL,NULL,NULL,"332G9","48.01558","26.5","6.75","2004-06-27",NULL,NULL,NULL,NULL
"33","Tripura","2","A","BSF","N","EWS","0",13,13,13,NULL,NULL,NULL,NULL,"332N0","41.60585","25.5","4","2003-11-15",NULL,NULL,NULL,NULL
"33","Tripura","2","A","BSF","N","SC","1",22,22,22,NULL,NULL,NULL,NULL,"332N1","45.47643","22","10.75","2004-06-15",NULL,NULL,NULL,NULL
"33","Tripura","2","A","BSF","N","ST","2",41,41,41,NULL,NULL,NULL,NULL,"332N2","43.78877","17.75","5.75","1998-12-09",NULL,NULL,NULL,NULL
"33","Tripura","2","A","BSF","N","ESM","3",13,13,13,NULL,NULL,NULL,NULL,"332N3",NULL,NULL,NULL,NULL,NULL,NULL,NULL,NULL
"33","Tripura","2","A","BSF","N","OBC","6",3,3,3,NULL,NULL,NULL,NULL,"332N6","79.89778","24.5","17.5","2001-12-30",NULL,NULL,NULL,NULL
"33","Tripura","2","A","BSF","N","UR","9",52,52,52,NULL,NULL,NULL,NULL,"332N9","61.8933","24.75","8.75","2004-04-05",NULL,NULL,NULL,NULL
"33","Tripura","2","B","CISF","B","EWS","0",10,10,10,NULL,NULL,NULL,NULL,"332B0",NULL,NULL,NULL,NULL,NULL,NULL,NULL,NULL
"33","Tripura","2","B","CISF","B","SC","1",16,16,16,NULL,NULL,NULL,NULL,"332B1","36.8777","13","8.5","2003-10-06",NULL,NULL,NULL,NULL
"33","Tripura","2","B","CISF","B","ST","2",30,30,30,NULL,NULL,NULL,NULL,"332B2","36.13772","8.5","2.75","2006-07-08",NULL,NULL,NULL,NULL
"33","Tripura","2","B","CISF","B","ESM","3",10,10,10,NULL,NULL,NULL,NULL,"332B3",NULL,NULL,NULL,NULL,NULL,NULL,NULL,NULL
"33","Tripura","2","B","CISF","B","OBC","6",2,2,2,NULL,NULL,NULL,NULL,"332B6","72.71594","27","13","1999-06-10",NULL,NULL,NULL,NULL
"33","Tripura","2","B","CISF","B","UR","9",39,39,39,NULL,NULL,NULL,NULL,"332B9","48.82757","19","9.75","2002-01-10",NULL,NULL,NULL,NULL
"33","Tripura","2","B","CISF","G","EWS","0",2,2,2,NULL,NULL,NULL,NULL,"332G0",NULL,NULL,NULL,NULL,NULL,NULL,NULL,NULL
"33","Tripura","2","B","CISF","G","SC","1",4,4,4,NULL,NULL,NULL,NULL,"332G1","34.60126","17.75","2.75","2004-12-24",NULL,NULL,NULL,NULL
"33","Tripura","2","B","CISF","G","ST","2",7,7,7,NULL,NULL,NULL,NULL,"332G2","35.06767","15.25","1.75","2003-06-02",NULL,NULL,NULL,NULL
"33","Tripura","2","B","CISF","G","ESM","3",2,2,2,NULL,NULL,NULL,NULL,"332G3",NULL,NULL,NULL,NULL,NULL,NULL,NULL,NULL
"33","Tripura","2","B","CISF","G","UR","9",9,9,9,NULL,NULL,NULL,NULL,"332G9","48.01558","26.5","6.75","2004-06-27",NULL,NULL,NULL,NULL
"33","Tripura","2","B","CISF","N","EWS","0",15,15,15,NULL,NULL,NULL,NULL,"332N0","41.60585","25.5","4","2003-11-15",NULL,NULL,NULL,NULL
"33","Tripura","2","B","CISF","N","SC","1",25,25,25,NULL,NULL,NULL,NULL,"332N1","45.47643","22","10.75","2004-06-15",NULL,NULL,NULL,NULL
"33","Tripura","2","B","CISF","N","ST","2",45,45,45,NULL,NULL,NULL,NULL,"332N2","43.78877","17.75","5.75","1998-12-09",NULL,NULL,NULL,NULL
"33","Tripura","2","B","CISF","N","ESM","3",15,15,15,NULL,NULL,NULL,NULL,"332N3",NULL,NULL,NULL,NULL,NULL,NULL,NULL,NULL
"33","Tripura","2","B","CISF","N","OBC","6",3,3,3,NULL,NULL,NULL,NULL,"332N6","79.89778","24.5","17.5","2001-12-30",NULL,NULL,NULL,NULL
"33","Tripura","2","B","CISF","N","UR","9",58,58,58,NULL,NULL,NULL,NULL,"332N9","61.8933","24.75","8.75","2004-04-05",NULL,NULL,NULL,NULL
"33","Tripura","2","C","CRPF","B","EWS","0",9,9,9,NULL,NULL,NULL,NULL,"332B0",NULL,NULL,NULL,NULL,NULL,NULL,NULL,NULL
"33","Tripura","2","C","CRPF","B","SC","1",15,15,15,NULL,NULL,NULL,NULL,"332B1","36.8777","13","8.5","2003-10-06",NULL,NULL,NULL,NULL
"33","Tripura","2","C","CRPF","B","ST","2",28,28,28,NULL,NULL,NULL,NULL,"332B2","36.13772","8.5","2.75","2006-07-08",NULL,NULL,NULL,NULL
"33","Tripura","2","C","CRPF","B","ESM","3",9,9,9,NULL,NULL,NULL,NULL,"332B3",NULL,NULL,NULL,NULL,NULL,NULL,NULL,NULL
"33","Tripura","2","C","CRPF","B","OBC","6",2,2,2,NULL,NULL,NULL,NULL,"332B6","72.71594","27","13","1999-06-10",NULL,NULL,NULL,NULL
"33","Tripura","2","C","CRPF","B","UR","9",36,36,36,NULL,NULL,NULL,NULL,"332B9","48.82757","19","9.75","2002-01-10",NULL,NULL,NULL,NULL
"33","Tripura","2","C","CRPF","G","EWS","0",2,2,2,NULL,NULL,NULL,NULL,"332G0",NULL,NULL,NULL,NULL,NULL,NULL,NULL,NULL
"33","Tripura","2","C","CRPF","G","SC","1",4,4,4,NULL,NULL,NULL,NULL,"332G1","34.60126","17.75","2.75","2004-12-24",NULL,NULL,NULL,NULL
"33","Tripura","2","C","CRPF","G","ST","2",7,7,7,NULL,NULL,NULL,NULL,"332G2","35.06767","15.25","1.75","2003-06-02",NULL,NULL,NULL,NULL
"33","Tripura","2","C","CRPF","G","ESM","3",2,2,2,NULL,NULL,NULL,NULL,"332G3",NULL,NULL,NULL,NULL,NULL,NULL,NULL,NULL
"33","Tripura","2","C","CRPF","G","UR","9",8,8,8,NULL,NULL,NULL,NULL,"332G9","48.01558","26.5","6.75","2004-06-27",NULL,NULL,NULL,NULL
"33","Tripura","2","C","CRPF","N","EWS","0",14,14,14,NULL,NULL,NULL,NULL,"332N0","41.60585","25.5","4","2003-11-15",NULL,NULL,NULL,NULL
"33","Tripura","2","C","CRPF","N","SC","1",23,23,23,NULL,NULL,NULL,NULL,"332N1","45.47643","22","10.75","2004-06-15",NULL,NULL,NULL,NULL
"33","Tripura","2","C","CRPF","N","ST","2",42,42,42,NULL,NULL,NULL,NULL,"332N2","43.78877","17.75","5.75","1998-12-09",NULL,NULL,NULL,NULL
"33","Tripura","2","C","CRPF","N","ESM","3",14,14,14,NULL,NULL,NULL,NULL,"332N3",NULL,NULL,NULL,NULL,NULL,NULL,NULL,NULL
"33","Tripura","2","C","CRPF","N","OBC","6",3,3,3,NULL,NULL,NULL,NULL,"332N6","79.89778","24.5","17.5","2001-12-30",NULL,NULL,NULL,NULL
"33","Tripura","2","C","CRPF","N","UR","9",54,54,54,NULL,NULL,NULL,NULL,"332N9","61.8933","24.75","8.75","2004-04-05",NULL,NULL,NULL,NULL
"33","Tripura","2","D","SSB","G","UR","9",1,1,1,NULL,NULL,NULL,NULL,"332G9","48.01558","26.5","6.75","2004-06-27",NULL,NULL,NULL,NULL
"33","Tripura","2","D","SSB","N","EWS","0",1,1,1,NULL,NULL,NULL,NULL,"332N0","41.60585","25.5","4","2003-11-15",NULL,NULL,NULL,NULL
"33","Tripura","2","D","SSB","N","SC","1",1,1,1,NULL,NULL,NULL,NULL,"332N1","45.47643","22","10.75","2004-06-15",NULL,NULL,NULL,NULL
"33","Tripura","2","D","SSB","N","ST","2",3,3,3,NULL,NULL,NULL,NULL,"332N2","43.78877","17.75","5.75","1998-12-09",NULL,NULL,NULL,NULL
"33","Tripura","2","D","SSB","N","ESM","3",1,1,1,NULL,NULL,NULL,NULL,"332N3",NULL,NULL,NULL,NULL,NULL,NULL,NULL,NULL
"33","Tripura","2","D","SSB","N","UR","9",3,3,3,NULL,NULL,NULL,NULL,"332N9","61.8933","24.75","8.75","2004-04-05",NULL,NULL,NULL,NULL
"33","Tripura","2","E","ITBP","G","SC","1",1,1,1,NULL,NULL,NULL,NULL,"332G1","34.60126","17.75","2.75","2004-12-24",NULL,NULL,NULL,NULL
"33","Tripura","2","E","ITBP","G","ST","2",1,1,1,NULL,NULL,NULL,NULL,"332G2","35.06767","15.25","1.75","2003-06-02",NULL,NULL,NULL,NULL
"33","Tripura","2","E","ITBP","G","UR","9",2,2,2,NULL,NULL,NULL,NULL,"332G9","48.01558","26.5","6.75","2004-06-27",NULL,NULL,NULL,NULL
"33","Tripura","2","E","ITBP","N","EWS","0",3,3,3,NULL,NULL,NULL,NULL,"332N0","41.60585","25.5","4","2003-11-15",NULL,NULL,NULL,NULL
"33","Tripura","2","E","ITBP","N","SC","1",4,4,4,NULL,NULL,NULL,NULL,"332N1","45.47643","22","10.75","2004-06-15",NULL,NULL,NULL,NULL
"33","Tripura","2","E","ITBP","N","ST","2",8,8,8,NULL,NULL,NULL,NULL,"332N2","43.78877","17.75","5.75","1998-12-09",NULL,NULL,NULL,NULL
"33","Tripura","2","E","ITBP","N","ESM","3",3,3,3,NULL,NULL,NULL,NULL,"332N3",NULL,NULL,NULL,NULL,NULL,NULL,NULL,NULL
"33","Tripura","2","E","ITBP","N","OBC","6",1,1,1,NULL,NULL,NULL,NULL,"332N6","79.89778","24.5","17.5","2001-12-30",NULL,NULL,NULL,NULL
"33","Tripura","2","E","ITBP","N","UR","9",10,10,10,NULL,NULL,NULL,NULL,"332N9","61.8933","24.75","8.75","2004-04-05",NULL,NULL,NULL,NULL
"33","Tripura","2","F","AR","G","ST","2",1,1,1,NULL,NULL,NULL,NULL,"332G2","35.06767","15.25","1.75","2003-06-02",NULL,NULL,NULL,NULL
"33","Tripura","2","F","AR","G","UR","9",1,1,1,NULL,NULL,NULL,NULL,"332G9","48.01558","26.5","6.75","2004-06-27",NULL,NULL,NULL,NULL
"33","Tripura","2","F","AR","N","EWS","0",1,1,1,NULL,NULL,NULL,NULL,"332N0","41.60585","25.5","4","2003-11-15",NULL,NULL,NULL,NULL
"33","Tripura","2","F","AR","N","SC","1",2,2,2,NULL,NULL,NULL,NULL,"332N1","45.47643","22","10.75","2004-06-15",NULL,NULL,NULL,NULL
"33","Tripura","2","F","AR","N","ST","2",4,4,4,NULL,NULL,NULL,NULL,"332N2","43.78877","17.75","5.75","1998-12-09",NULL,NULL,NULL,NULL
"33","Tripura","2","F","AR","N","ESM","3",1,1,1,NULL,NULL,NULL,NULL,"332N3",NULL,NULL,NULL,NULL,NULL,NULL,NULL,NULL
"33","Tripura","2","F","AR","N","UR","9",4,4,4,NULL,NULL,NULL,NULL,"332N9","61.8933","24.75","8.75","2004-04-05",NULL,NULL,NULL,NULL
"34","Uttar Pradesh ","1","A","BSF","G","EWS","0",19,19,19,NULL,NULL,NULL,NULL,"341G0","121.51475","33.5","19.75","2005-04-01",NULL,NULL,NULL,NULL
"34","Uttar Pradesh ","1","A","BSF","G","SC","1",41,41,41,NULL,NULL,NULL,NULL,"341G1","115.27443","33.5","18.5","2001-11-13",NULL,NULL,NULL,NULL
"34","Uttar Pradesh ","1","A","BSF","G","ST","2",2,2,2,NULL,NULL,NULL,NULL,"341G2","114.08286","37.75","13.75","2004-05-10",NULL,NULL,NULL,NULL
"34","Uttar Pradesh ","1","A","BSF","G","ESM","3",19,19,19,NULL,NULL,NULL,NULL,"341G3",NULL,NULL,NULL,NULL,NULL,NULL,NULL,NULL
"34","Uttar Pradesh ","1","A","BSF","G","OBC","6",52,52,52,NULL,NULL,NULL,NULL,"341G6","125.95815","37.75","24.25","2003-07-01",NULL,NULL,NULL,NULL
"34","Uttar Pradesh ","1","A","BSF","G","UR","9",80,80,80,NULL,NULL,NULL,NULL,"341G9","127.24414","35.75","13.75","2004-11-20",NULL,NULL,NULL,NULL
"34","Uttar Pradesh ","1","B","CISF","B","EWS","0",5,5,5,NULL,NULL,NULL,NULL,"341B0","105.76935","28.75","17.5","2002-07-11",NULL,NULL,NULL,NULL
"34","Uttar Pradesh ","1","B","CISF","B","SC","1",11,11,11,NULL,NULL,NULL,NULL,"341B1","96.04939","31.25","13","2006-09-09",NULL,NULL,NULL,NULL
"34","Uttar Pradesh ","1","B","CISF","B","ST","2",1,1,1,NULL,NULL,NULL,NULL,"341B2","110.73635","37.75","11.75","2001-05-17",NULL,NULL,NULL,NULL
"34","Uttar Pradesh ","1","B","CISF","B","ESM","3",5,5,5,NULL,NULL,NULL,NULL,"341B3",NULL,NULL,NULL,NULL,NULL,NULL,NULL,NULL
"34","Uttar Pradesh ","1","B","CISF","B","OBC","6",14,14,14,NULL,NULL,NULL,NULL,"341B6","111.82237","36","13.5","2003-10-11",NULL,NULL,NULL,NULL
"34","Uttar Pradesh ","1","B","CISF","B","UR","9",22,22,22,NULL,NULL,NULL,NULL,"341B9","112.95271","35.75","15.25","2002-07-05",NULL,NULL,NULL,NULL
"34","Uttar Pradesh ","1","B","CISF","G","EWS","0",14,14,14,NULL,NULL,NULL,NULL,"341G0","121.51475","33.5","19.75","2005-04-01",NULL,NULL,NULL,NULL
"34","Uttar Pradesh ","1","B","CISF","G","SC","1",28,28,28,NULL,NULL,NULL,NULL,"341G1","115.27443","33.5","18.5","2001-11-13",NULL,NULL,NULL,NULL
"34","Uttar Pradesh ","1","B","CISF","G","ST","2",1,1,1,NULL,NULL,NULL,NULL,"341G2","114.08286","37.75","13.75","2004-05-10",NULL,NULL,NULL,NULL
"34","Uttar Pradesh ","1","B","CISF","G","ESM","3",14,14,14,NULL,NULL,NULL,NULL,"341G3",NULL,NULL,NULL,NULL,NULL,NULL,NULL,NULL
"34","Uttar Pradesh ","1","B","CISF","G","OBC","6",37,37,37,NULL,NULL,NULL,NULL,"341G6","125.95815","37.75","24.25","2003-07-01",NULL,NULL,NULL,NULL
"34","Uttar Pradesh ","1","B","CISF","G","UR","9",55,55,55,NULL,NULL,NULL,NULL,"341G9","127.24414","35.75","13.75","2004-11-20",NULL,NULL,NULL,NULL
"34","Uttar Pradesh ","1","C","CRPF","B","EWS","0",2,2,2,NULL,NULL,NULL,NULL,"341B0","105.76935","28.75","17.5","2002-07-11",NULL,NULL,NULL,NULL
"34","Uttar Pradesh ","1","C","CRPF","B","SC","1",4,4,4,NULL,NULL,NULL,NULL,"341B1","96.04939","31.25","13","2006-09-09",NULL,NULL,NULL,NULL
"34","Uttar Pradesh ","1","C","CRPF","B","ESM","3",2,2,2,NULL,NULL,NULL,NULL,"341B3",NULL,NULL,NULL,NULL,NULL,NULL,NULL,NULL
"34","Uttar Pradesh ","1","C","CRPF","B","OBC","6",5,5,5,NULL,NULL,NULL,NULL,"341B6","111.82237","36","13.5","2003-10-11",NULL,NULL,NULL,NULL
"34","Uttar Pradesh ","1","C","CRPF","B","UR","9",8,8,8,NULL,NULL,NULL,NULL,"341B9","112.95271","35.75","15.25","2002-07-05",NULL,NULL,NULL,NULL
"34","Uttar Pradesh ","1","C","CRPF","G","EWS","0",5,5,5,NULL,NULL,NULL,NULL,"341G0","121.51475","33.5","19.75","2005-04-01",NULL,NULL,NULL,NULL
"34","Uttar Pradesh ","1","C","CRPF","G","SC","1",10,10,10,NULL,NULL,NULL,NULL,"341G1","115.27443","33.5","18.5","2001-11-13",NULL,NULL,NULL,NULL
"34","Uttar Pradesh ","1","C","CRPF","G","ESM","3",5,5,5,NULL,NULL,NULL,NULL,"341G3",NULL,NULL,NULL,NULL,NULL,NULL,NULL,NULL
"34","Uttar Pradesh ","1","C","CRPF","G","OBC","6",13,13,13,NULL,NULL,NULL,NULL,"341G6","125.95815","37.75","24.25","2003-07-01",NULL,NULL,NULL,NULL
"34","Uttar Pradesh ","1","C","CRPF","G","UR","9",19,19,19,NULL,NULL,NULL,NULL,"341G9","127.24414","35.75","13.75","2004-11-20",NULL,NULL,NULL,NULL
"34","Uttar Pradesh ","1","E","ITBP","G","EWS","0",4,4,4,NULL,NULL,NULL,NULL,"341G0","121.51475","33.5","19.75","2005-04-01",NULL,NULL,NULL,NULL
"34","Uttar Pradesh ","1","E","ITBP","G","SC","1",8,8,8,NULL,NULL,NULL,NULL,"341G1","115.27443","33.5","18.5","2001-11-13",NULL,NULL,NULL,NULL
"34","Uttar Pradesh ","1","E","ITBP","G","ESM","3",4,4,4,NULL,NULL,NULL,NULL,"341G3",NULL,NULL,NULL,NULL,NULL,NULL,NULL,NULL
"34","Uttar Pradesh ","1","E","ITBP","G","OBC","6",10,10,10,NULL,NULL,NULL,NULL,"341G6","125.95815","37.75","24.25","2003-07-01",NULL,NULL,NULL,NULL
"34","Uttar Pradesh ","1","E","ITBP","G","UR","9",15,15,15,NULL,NULL,NULL,NULL,"341G9","127.24414","35.75","13.75","2004-11-20",NULL,NULL,NULL,NULL
"34","Uttar Pradesh ","1","F","AR","G","EWS","0",1,1,1,NULL,NULL,NULL,NULL,"341G0","121.51475","33.5","19.75","2005-04-01",NULL,NULL,NULL,NULL
"34","Uttar Pradesh ","1","F","AR","G","SC","1",2,2,2,NULL,NULL,NULL,NULL,"341G1","115.27443","33.5","18.5","2001-11-13",NULL,NULL,NULL,NULL
"34","Uttar Pradesh ","1","F","AR","G","ESM","3",1,1,1,NULL,NULL,NULL,NULL,"341G3",NULL,NULL,NULL,NULL,NULL,NULL,NULL,NULL
"34","Uttar Pradesh ","1","F","AR","G","OBC","6",2,2,2,NULL,NULL,NULL,NULL,"341G6","125.95815","37.75","24.25","2003-07-01",NULL,NULL,NULL,NULL
"34","Uttar Pradesh ","1","F","AR","G","UR","9",3,3,3,NULL,NULL,NULL,NULL,"341G9","127.24414","35.75","13.75","2004-11-20",NULL,NULL,NULL,NULL
"34","Uttar Pradesh ","2","A","BSF","G","EWS","0",110,110,110,NULL,NULL,NULL,NULL,"342G0","122.07169","35.5","6.25","2003-03-10",NULL,NULL,NULL,NULL
"34","Uttar Pradesh ","2","A","BSF","G","SC","1",231,231,231,NULL,NULL,NULL,NULL,"342G1","117.8565","40","15.25","2003-06-15",NULL,NULL,NULL,NULL
"34","Uttar Pradesh ","2","A","BSF","G","ST","2",11,11,11,NULL,NULL,NULL,NULL,"342G2","110.82747","40","13","2005-05-15",NULL,NULL,NULL,NULL
"34","Uttar Pradesh ","2","A","BSF","G","ESM","3",110,110,110,NULL,NULL,NULL,NULL,"342G3","32.10758","6.25","6.25","1978-07-05",NULL,NULL,NULL,NULL
"34","Uttar Pradesh ","2","A","BSF","G","OBC","6",296,296,296,NULL,NULL,NULL,NULL,"342G6","126.69505","33.5","26.5","2005-06-18",NULL,NULL,NULL,NULL
"34","Uttar Pradesh ","2","A","BSF","G","UR","9",450,450,450,NULL,NULL,NULL,NULL,"342G9","127.31295","40","15.25","2004-11-07",NULL,NULL,NULL,NULL
"34","Uttar Pradesh ","2","B","CISF","B","EWS","0",48,48,48,NULL,NULL,NULL,NULL,"342B0","89.74712","31","8.5","2005-02-01",NULL,NULL,NULL,NULL
"34","Uttar Pradesh ","2","B","CISF","B","SC","1",100,100,100,NULL,NULL,NULL,NULL,"342B1","91.16203","28.75","10.75","2003-12-10",NULL,NULL,NULL,NULL
"34","Uttar Pradesh ","2","B","CISF","B","ST","2",5,5,5,NULL,NULL,NULL,NULL,"342B2","99.12138","33.5","4","2003-07-05",NULL,NULL,NULL,NULL
"34","Uttar Pradesh ","2","B","CISF","B","ESM","3",48,48,48,NULL,NULL,NULL,NULL,"342B3","33.45317","8.75","-0.5","1983-07-16",NULL,NULL,NULL,NULL
"34","Uttar Pradesh ","2","B","CISF","B","OBC","6",129,129,129,NULL,NULL,NULL,NULL,"342B6","105.60709","40","6.25","2005-04-20",NULL,NULL,NULL,NULL
"34","Uttar Pradesh ","2","B","CISF","B","UR","9",195,195,195,NULL,NULL,NULL,NULL,"342B9","107.91718","26.5","13","2004-03-02",NULL,NULL,NULL,NULL
"34","Uttar Pradesh ","2","B","CISF","G","EWS","0",122,122,122,NULL,NULL,NULL,NULL,"342G0","122.07169","35.5","6.25","2003-03-10",NULL,NULL,NULL,NULL
"34","Uttar Pradesh ","2","B","CISF","G","SC","1",255,255,255,NULL,NULL,NULL,NULL,"342G1","117.8565","40","15.25","2003-06-15",NULL,NULL,NULL,NULL
"34","Uttar Pradesh ","2","B","CISF","G","ST","2",12,12,12,NULL,NULL,NULL,NULL,"342G2","110.82747","40","13","2005-05-15",NULL,NULL,NULL,NULL
"34","Uttar Pradesh ","2","B","CISF","G","ESM","3",122,122,122,NULL,NULL,NULL,NULL,"342G3","32.10758","6.25","6.25","1978-07-05",NULL,NULL,NULL,NULL
"34","Uttar Pradesh ","2","B","CISF","G","OBC","6",329,329,329,NULL,NULL,NULL,NULL,"342G6","126.69505","33.5","26.5","2005-06-18",NULL,NULL,NULL,NULL
"34","Uttar Pradesh ","2","B","CISF","G","UR","9",499,499,499,NULL,NULL,NULL,NULL,"342G9","127.31295","40","15.25","2004-11-07",NULL,NULL,NULL,NULL
"34","Uttar Pradesh ","2","C","CRPF","B","EWS","0",44,44,44,NULL,NULL,NULL,NULL,"342B0","89.74712","31","8.5","2005-02-01",NULL,NULL,NULL,NULL
"34","Uttar Pradesh ","2","C","CRPF","B","SC","1",93,93,93,NULL,NULL,NULL,NULL,"342B1","91.16203","28.75","10.75","2003-12-10",NULL,NULL,NULL,NULL
"34","Uttar Pradesh ","2","C","CRPF","B","ST","2",4,4,4,NULL,NULL,NULL,NULL,"342B2","99.12138","33.5","4","2003-07-05",NULL,NULL,NULL,NULL
"34","Uttar Pradesh ","2","C","CRPF","B","ESM","3",44,44,44,NULL,NULL,NULL,NULL,"342B3","33.45317","8.75","-0.5","1983-07-16",NULL,NULL,NULL,NULL
"34","Uttar Pradesh ","2","C","CRPF","B","OBC","6",119,119,119,NULL,NULL,NULL,NULL,"342B6","105.60709","40","6.25","2005-04-20",NULL,NULL,NULL,NULL
"34","Uttar Pradesh ","2","C","CRPF","B","UR","9",182,182,182,NULL,NULL,NULL,NULL,"342B9","107.91718","26.5","13","2004-03-02",NULL,NULL,NULL,NULL
"34","Uttar Pradesh ","2","C","CRPF","G","EWS","0",113,113,113,NULL,NULL,NULL,NULL,"342G0","122.07169","35.5","6.25","2003-03-10",NULL,NULL,NULL,NULL
"34","Uttar Pradesh ","2","C","CRPF","G","SC","1",238,238,238,NULL,NULL,NULL,NULL,"342G1","117.8565","40","15.25","2003-06-15",NULL,NULL,NULL,NULL
"34","Uttar Pradesh ","2","C","CRPF","G","ST","2",11,11,11,NULL,NULL,NULL,NULL,"342G2","110.82747","40","13","2005-05-15",NULL,NULL,NULL,NULL
"34","Uttar Pradesh ","2","C","CRPF","G","ESM","3",113,113,113,NULL,NULL,NULL,NULL,"342G3","32.10758","6.25","6.25","1978-07-05",NULL,NULL,NULL,NULL
"34","Uttar Pradesh ","2","C","CRPF","G","OBC","6",306,306,306,NULL,NULL,NULL,NULL,"342G6","126.69505","33.5","26.5","2005-06-18",NULL,NULL,NULL,NULL
"34","Uttar Pradesh ","2","C","CRPF","G","UR","9",466,466,466,NULL,NULL,NULL,NULL,"342G9","127.31295","40","15.25","2004-11-07",NULL,NULL,NULL,NULL
"34","Uttar Pradesh ","2","D","SSB","B","EWS","0",7,7,7,NULL,NULL,NULL,NULL,"342B0","89.74712","31","8.5","2005-02-01",NULL,NULL,NULL,NULL
"34","Uttar Pradesh ","2","D","SSB","B","SC","1",14,14,14,NULL,NULL,NULL,NULL,"342B1","91.16203","28.75","10.75","2003-12-10",NULL,NULL,NULL,NULL
"34","Uttar Pradesh ","2","D","SSB","B","ST","2",1,1,1,NULL,NULL,NULL,NULL,"342B2","99.12138","33.5","4","2003-07-05",NULL,NULL,NULL,NULL
"34","Uttar Pradesh ","2","D","SSB","B","ESM","3",7,7,7,NULL,NULL,NULL,NULL,"342B3","33.45317","8.75","-0.5","1983-07-16",NULL,NULL,NULL,NULL
"34","Uttar Pradesh ","2","D","SSB","B","OBC","6",19,19,19,NULL,NULL,NULL,NULL,"342B6","105.60709","40","6.25","2005-04-20",NULL,NULL,NULL,NULL
"34","Uttar Pradesh ","2","D","SSB","B","UR","9",28,28,28,NULL,NULL,NULL,NULL,"342B9","107.91718","26.5","13","2004-03-02",NULL,NULL,NULL,NULL
"34","Uttar Pradesh ","2","D","SSB","G","EWS","0",7,7,7,NULL,NULL,NULL,NULL,"342G0","122.07169","35.5","6.25","2003-03-10",NULL,NULL,NULL,NULL
"34","Uttar Pradesh ","2","D","SSB","G","SC","1",14,14,14,NULL,NULL,NULL,NULL,"342G1","117.8565","40","15.25","2003-06-15",NULL,NULL,NULL,NULL
"34","Uttar Pradesh ","2","D","SSB","G","ST","2",1,1,1,NULL,NULL,NULL,NULL,"342G2","110.82747","40","13","2005-05-15",NULL,NULL,NULL,NULL
"34","Uttar Pradesh ","2","D","SSB","G","ESM","3",7,7,7,NULL,NULL,NULL,NULL,"342G3","32.10758","6.25","6.25","1978-07-05",NULL,NULL,NULL,NULL
"34","Uttar Pradesh ","2","D","SSB","G","OBC","6",18,18,18,NULL,NULL,NULL,NULL,"342G6","126.69505","33.5","26.5","2005-06-18",NULL,NULL,NULL,NULL
"34","Uttar Pradesh ","2","D","SSB","G","UR","9",27,27,27,NULL,NULL,NULL,NULL,"342G9","127.31295","40","15.25","2004-11-07",NULL,NULL,NULL,NULL
"34","Uttar Pradesh ","2","E","ITBP","G","EWS","0",21,21,21,NULL,NULL,NULL,NULL,"342G0","122.07169","35.5","6.25","2003-03-10",NULL,NULL,NULL,NULL
"34","Uttar Pradesh ","2","E","ITBP","G","SC","1",45,45,45,NULL,NULL,NULL,NULL,"342G1","117.8565","40","15.25","2003-06-15",NULL,NULL,NULL,NULL
"34","Uttar Pradesh ","2","E","ITBP","G","ST","2",2,2,2,NULL,NULL,NULL,NULL,"342G2","110.82747","40","13","2005-05-15",NULL,NULL,NULL,NULL
"34","Uttar Pradesh ","2","E","ITBP","G","ESM","3",21,21,21,NULL,NULL,NULL,NULL,"342G3","32.10758","6.25","6.25","1978-07-05",NULL,NULL,NULL,NULL
"34","Uttar Pradesh ","2","E","ITBP","G","OBC","6",58,58,58,NULL,NULL,NULL,NULL,"342G6","126.69505","33.5","26.5","2005-06-18",NULL,NULL,NULL,NULL
"34","Uttar Pradesh ","2","E","ITBP","G","UR","9",87,87,87,NULL,NULL,NULL,NULL,"342G9","127.31295","40","15.25","2004-11-07",NULL,NULL,NULL,NULL
"34","Uttar Pradesh ","2","F","AR","G","EWS","0",9,9,9,NULL,NULL,NULL,NULL,"342G0","122.07169","35.5","6.25","2003-03-10",NULL,NULL,NULL,NULL
"34","Uttar Pradesh ","2","F","AR","G","SC","1",20,20,20,NULL,NULL,NULL,NULL,"342G1","117.8565","40","15.25","2003-06-15",NULL,NULL,NULL,NULL
"34","Uttar Pradesh ","2","F","AR","G","ST","2",1,1,1,NULL,NULL,NULL,NULL,"342G2","110.82747","40","13","2005-05-15",NULL,NULL,NULL,NULL
"34","Uttar Pradesh ","2","F","AR","G","ESM","3",10,10,10,NULL,NULL,NULL,NULL,"342G3","32.10758","6.25","6.25","1978-07-05",NULL,NULL,NULL,NULL
"34","Uttar Pradesh ","2","F","AR","G","OBC","6",26,26,26,NULL,NULL,NULL,NULL,"342G6","126.69505","33.5","26.5","2005-06-18",NULL,NULL,NULL,NULL
"34","Uttar Pradesh ","2","F","AR","G","UR","9",39,39,39,NULL,NULL,NULL,NULL,"342G9","127.31295","40","15.25","2004-11-07",NULL,NULL,NULL,NULL
"35","Uttrakhand","1","A","BSF","G","EWS","0",1,1,1,NULL,NULL,NULL,NULL,"351G0","114.10968","31.5","20.25","2004-04-10",NULL,NULL,NULL,NULL
"35","Uttrakhand","1","A","BSF","G","SC","1",3,3,3,NULL,NULL,NULL,NULL,"351G1","105.75602","33.75","12.5","2004-12-12",NULL,NULL,NULL,NULL
"35","Uttrakhand","1","A","BSF","G","ESM","3",1,1,1,NULL,NULL,NULL,NULL,"351G3",NULL,NULL,NULL,NULL,NULL,NULL,NULL,NULL
"35","Uttrakhand","1","A","BSF","G","OBC","6",1,1,1,NULL,NULL,NULL,NULL,"351G6","120.06292","33.25","20.25","2003-09-19",NULL,NULL,NULL,NULL
"35","Uttrakhand","1","A","BSF","G","UR","9",6,6,6,NULL,NULL,NULL,NULL,"351G9","122.69898","37.75","17.5","2002-03-28",NULL,NULL,NULL,NULL
"35","Uttrakhand","1","B","CISF","B","EWS","0",1,1,1,NULL,NULL,NULL,NULL,"351B0","112.70408","35.5","17.5","2003-07-01",NULL,NULL,NULL,NULL
"35","Uttrakhand","1","B","CISF","B","SC","1",2,2,2,NULL,NULL,NULL,NULL,"351B1","103.43371","31","18.5","2005-07-02",NULL,NULL,NULL,NULL
"35","Uttrakhand","1","B","CISF","B","ESM","3",1,1,1,NULL,NULL,NULL,NULL,"351B3",NULL,NULL,NULL,NULL,NULL,NULL,NULL,NULL
"35","Uttrakhand","1","B","CISF","B","OBC","6",1,1,1,NULL,NULL,NULL,NULL,"351B6","117.66297","37.75","14.5","2000-08-12",NULL,NULL,NULL,NULL
"35","Uttrakhand","1","B","CISF","B","UR","9",5,5,5,NULL,NULL,NULL,NULL,"351B9","118.3098","38","24.75","2004-09-11",NULL,NULL,NULL,NULL
"35","Uttrakhand","1","B","CISF","G","EWS","0",1,1,1,NULL,NULL,NULL,NULL,"351G0","114.10968","31.5","20.25","2004-04-10",NULL,NULL,NULL,NULL
"35","Uttrakhand","1","B","CISF","G","SC","1",1,1,1,NULL,NULL,NULL,NULL,"351G1","105.75602","33.75","12.5","2004-12-12",NULL,NULL,NULL,NULL
"35","Uttrakhand","1","B","CISF","G","ESM","3",1,1,1,NULL,NULL,NULL,NULL,"351G3",NULL,NULL,NULL,NULL,NULL,NULL,NULL,NULL
"35","Uttrakhand","1","B","CISF","G","OBC","6",1,1,1,NULL,NULL,NULL,NULL,"351G6","120.06292","33.25","20.25","2003-09-19",NULL,NULL,NULL,NULL
"35","Uttrakhand","1","B","CISF","G","UR","9",4,4,4,NULL,NULL,NULL,NULL,"351G9","122.69898","37.75","17.5","2002-03-28",NULL,NULL,NULL,NULL
"35","Uttrakhand","1","C","CRPF","B","SC","1",1,1,1,NULL,NULL,NULL,NULL,"351B1","103.43371","31","18.5","2005-07-02",NULL,NULL,NULL,NULL
"35","Uttrakhand","1","C","CRPF","B","UR","9",2,2,2,NULL,NULL,NULL,NULL,"351B9","118.3098","38","24.75","2004-09-11",NULL,NULL,NULL,NULL
"35","Uttrakhand","1","C","CRPF","G","UR","9",2,2,2,NULL,NULL,NULL,NULL,"351G9","122.69898","37.75","17.5","2002-03-28",NULL,NULL,NULL,NULL
"35","Uttrakhand","1","E","ITBP","B","EWS","0",6,6,6,NULL,NULL,NULL,NULL,"351B0","112.70408","35.5","17.5","2003-07-01",NULL,NULL,NULL,NULL
"35","Uttrakhand","1","E","ITBP","B","SC","1",11,11,11,NULL,NULL,NULL,NULL,"351B1","103.43371","31","18.5","2005-07-02",NULL,NULL,NULL,NULL
"35","Uttrakhand","1","E","ITBP","B","ST","2",2,2,2,NULL,NULL,NULL,NULL,"351B2","114.39901","33.25","24.25","1999-07-10",NULL,NULL,NULL,NULL
"35","Uttrakhand","1","E","ITBP","B","ESM","3",6,6,6,NULL,NULL,NULL,NULL,"351B3",NULL,NULL,NULL,NULL,NULL,NULL,NULL,NULL
"35","Uttrakhand","1","E","ITBP","B","OBC","6",9,9,9,NULL,NULL,NULL,NULL,"351B6","117.66297","37.75","14.5","2000-08-12",NULL,NULL,NULL,NULL
"35","Uttrakhand","1","E","ITBP","B","UR","9",33,33,33,NULL,NULL,NULL,NULL,"351B9","118.3098","38","24.75","2004-09-11",NULL,NULL,NULL,NULL
"35","Uttrakhand","1","E","ITBP","G","UR","9",1,1,1,NULL,NULL,NULL,NULL,"351G9","122.69898","37.75","17.5","2002-03-28",NULL,NULL,NULL,NULL
"35","Uttrakhand","2","A","BSF","G","EWS","0",5,5,5,NULL,NULL,NULL,NULL,"352G0","115.45968","31.5","23.25","2004-08-17",NULL,NULL,NULL,NULL
"35","Uttrakhand","2","A","BSF","G","SC","1",10,10,10,NULL,NULL,NULL,NULL,"352G1","108.03751","35.5","10.75","2006-09-11",NULL,NULL,NULL,NULL
"35","Uttrakhand","2","A","BSF","G","ST","2",2,2,2,NULL,NULL,NULL,NULL,"352G2","118.56936","35.5","17.5","1996-12-02",NULL,NULL,NULL,NULL
"35","Uttrakhand","2","A","BSF","G","ESM","3",6,6,6,NULL,NULL,NULL,NULL,"352G3","48.22415","13","4","1983-05-13",NULL,NULL,NULL,NULL
"35","Uttrakhand","2","A","BSF","G","OBC","6",7,7,7,NULL,NULL,NULL,NULL,"352G6","116.3227","37.75","17.5","2004-04-10",NULL,NULL,NULL,NULL
"35","Uttrakhand","2","A","BSF","G","UR","9",31,31,31,NULL,NULL,NULL,NULL,"352G9","119.96222","33.25","26.5","2002-02-03",NULL,NULL,NULL,NULL
"35","Uttrakhand","2","B","CISF","B","EWS","0",8,8,8,NULL,NULL,NULL,NULL,"352B0","111.3386","31","19.75","2002-12-07",NULL,NULL,NULL,NULL
"35","Uttrakhand","2","B","CISF","B","SC","1",15,15,15,NULL,NULL,NULL,NULL,"352B1","103.23894","24.75","11.75","2006-06-15",NULL,NULL,NULL,NULL
"35","Uttrakhand","2","B","CISF","B","ST","2",2,2,2,NULL,NULL,NULL,NULL,"352B2","117.45453","33.25","22","2000-03-15",NULL,NULL,NULL,NULL
"35","Uttrakhand","2","B","CISF","B","ESM","3",8,8,8,NULL,NULL,NULL,NULL,"352B3","42.37286","6.25","11","1979-08-07",NULL,NULL,NULL,NULL
"35","Uttrakhand","2","B","CISF","B","OBC","6",11,11,11,NULL,NULL,NULL,NULL,"352B6","109.83694","36","15.25","2005-05-18",NULL,NULL,NULL,NULL
"35","Uttrakhand","2","B","CISF","B","UR","9",46,46,46,NULL,NULL,NULL,NULL,"352B9","115.31006","33.25","17.75","2003-03-22",NULL,NULL,NULL,NULL
"35","Uttrakhand","2","B","CISF","G","EWS","0",6,6,6,NULL,NULL,NULL,NULL,"352G0","115.45968","31.5","23.25","2004-08-17",NULL,NULL,NULL,NULL
"35","Uttrakhand","2","B","CISF","G","SC","1",11,11,11,NULL,NULL,NULL,NULL,"352G1","108.03751","35.5","10.75","2006-09-11",NULL,NULL,NULL,NULL
"35","Uttrakhand","2","B","CISF","G","ST","2",2,2,2,NULL,NULL,NULL,NULL,"352G2","118.56936","35.5","17.5","1996-12-02",NULL,NULL,NULL,NULL
"35","Uttrakhand","2","B","CISF","G","ESM","3",6,6,6,NULL,NULL,NULL,NULL,"352G3","48.22415","13","4","1983-05-13",NULL,NULL,NULL,NULL
"35","Uttrakhand","2","B","CISF","G","OBC","6",8,8,8,NULL,NULL,NULL,NULL,"352G6","116.3227","37.75","17.5","2004-04-10",NULL,NULL,NULL,NULL
"35","Uttrakhand","2","B","CISF","G","UR","9",34,34,34,NULL,NULL,NULL,NULL,"352G9","119.96222","33.25","26.5","2002-02-03",NULL,NULL,NULL,NULL
"35","Uttrakhand","2","C","CRPF","B","EWS","0",8,8,8,NULL,NULL,NULL,NULL,"352B0","111.3386","31","19.75","2002-12-07",NULL,NULL,NULL,NULL
"35","Uttrakhand","2","C","CRPF","B","SC","1",14,14,14,NULL,NULL,NULL,NULL,"352B1","103.23894","24.75","11.75","2006-06-15",NULL,NULL,NULL,NULL
"35","Uttrakhand","2","C","CRPF","B","ST","2",2,2,2,NULL,NULL,NULL,NULL,"352B2","117.45453","33.25","22","2000-03-15",NULL,NULL,NULL,NULL
"35","Uttrakhand","2","C","CRPF","B","ESM","3",8,8,8,NULL,NULL,NULL,NULL,"352B3","42.37286","6.25","11","1979-08-07",NULL,NULL,NULL,NULL
"35","Uttrakhand","2","C","CRPF","B","OBC","6",10,10,10,NULL,NULL,NULL,NULL,"352B6","109.83694","36","15.25","2005-05-18",NULL,NULL,NULL,NULL
"35","Uttrakhand","2","C","CRPF","B","UR","9",42,42,42,NULL,NULL,NULL,NULL,"352B9","115.31006","33.25","17.75","2003-03-22",NULL,NULL,NULL,NULL
"35","Uttrakhand","2","C","CRPF","G","EWS","0",6,6,6,NULL,NULL,NULL,NULL,"352G0","115.45968","31.5","23.25","2004-08-17",NULL,NULL,NULL,NULL
"35","Uttrakhand","2","C","CRPF","G","SC","1",10,10,10,NULL,NULL,NULL,NULL,"352G1","108.03751","35.5","10.75","2006-09-11",NULL,NULL,NULL,NULL
"35","Uttrakhand","2","C","CRPF","G","ST","2",2,2,2,NULL,NULL,NULL,NULL,"352G2","118.56936","35.5","17.5","1996-12-02",NULL,NULL,NULL,NULL
"35","Uttrakhand","2","C","CRPF","G","ESM","3",6,6,6,NULL,NULL,NULL,NULL,"352G3","48.22415","13","4","1983-05-13",NULL,NULL,NULL,NULL
"35","Uttrakhand","2","C","CRPF","G","OBC","6",7,7,7,NULL,NULL,NULL,NULL,"352G6","116.3227","37.75","17.5","2004-04-10",NULL,NULL,NULL,NULL
"35","Uttrakhand","2","C","CRPF","G","UR","9",32,32,32,NULL,NULL,NULL,NULL,"352G9","119.96222","33.25","26.5","2002-02-03",NULL,NULL,NULL,NULL
"35","Uttrakhand","2","D","SSB","B","EWS","0",1,1,1,NULL,NULL,NULL,NULL,"352B0","111.3386","31","19.75","2002-12-07",NULL,NULL,NULL,NULL
"35","Uttrakhand","2","D","SSB","B","SC","1",2,2,2,NULL,NULL,NULL,NULL,"352B1","103.23894","24.75","11.75","2006-06-15",NULL,NULL,NULL,NULL
"35","Uttrakhand","2","D","SSB","B","ESM","3",1,1,1,NULL,NULL,NULL,NULL,"352B3","42.37286","6.25","11","1979-08-07",NULL,NULL,NULL,NULL
"35","Uttrakhand","2","D","SSB","B","OBC","6",1,1,1,NULL,NULL,NULL,NULL,"352B6","109.83694","36","15.25","2005-05-18",NULL,NULL,NULL,NULL
"35","Uttrakhand","2","D","SSB","B","UR","9",5,5,5,NULL,NULL,NULL,NULL,"352B9","115.31006","33.25","17.75","2003-03-22",NULL,NULL,NULL,NULL
"35","Uttrakhand","2","D","SSB","G","SC","1",1,1,1,NULL,NULL,NULL,NULL,"352G1","108.03751","35.5","10.75","2006-09-11",NULL,NULL,NULL,NULL
"35","Uttrakhand","2","D","SSB","G","UR","9",2,2,2,NULL,NULL,NULL,NULL,"352G9","119.96222","33.25","26.5","2002-02-03",NULL,NULL,NULL,NULL
"35","Uttrakhand","2","E","ITBP","B","EWS","0",34,34,34,NULL,NULL,NULL,NULL,"352B0","111.3386","31","19.75","2002-12-07",NULL,NULL,NULL,NULL
"35","Uttrakhand","2","E","ITBP","B","SC","1",62,62,62,NULL,NULL,NULL,NULL,"352B1","103.23894","24.75","11.75","2006-06-15",NULL,NULL,NULL,NULL
"35","Uttrakhand","2","E","ITBP","B","ST","2",10,10,10,NULL,NULL,NULL,NULL,"352B2","117.45453","33.25","22","2000-03-15",NULL,NULL,NULL,NULL
"35","Uttrakhand","2","E","ITBP","B","ESM","3",34,34,34,NULL,NULL,NULL,NULL,"352B3","42.37286","6.25","11","1979-08-07",NULL,NULL,NULL,NULL
"35","Uttrakhand","2","E","ITBP","B","OBC","6",45,45,45,NULL,NULL,NULL,NULL,"352B6","109.83694","36","15.25","2005-05-18",NULL,NULL,NULL,NULL
"35","Uttrakhand","2","E","ITBP","B","UR","9",192,192,192,NULL,NULL,NULL,NULL,"352B9","115.31006","33.25","17.75","2003-03-22",NULL,NULL,NULL,NULL
"35","Uttrakhand","2","E","ITBP","G","EWS","0",1,1,1,NULL,NULL,NULL,NULL,"352G0","115.45968","31.5","23.25","2004-08-17",NULL,NULL,NULL,NULL
"35","Uttrakhand","2","E","ITBP","G","SC","1",2,2,2,NULL,NULL,NULL,NULL,"352G1","108.03751","35.5","10.75","2006-09-11",NULL,NULL,NULL,NULL
"35","Uttrakhand","2","E","ITBP","G","ESM","3",1,1,1,NULL,NULL,NULL,NULL,"352G3","48.22415","13","4","1983-05-13",NULL,NULL,NULL,NULL
"35","Uttrakhand","2","E","ITBP","G","OBC","6",1,1,1,NULL,NULL,NULL,NULL,"352G6","116.3227","37.75","17.5","2004-04-10",NULL,NULL,NULL,NULL
"35","Uttrakhand","2","E","ITBP","G","UR","9",6,6,6,NULL,NULL,NULL,NULL,"352G9","119.96222","33.25","26.5","2002-02-03",NULL,NULL,NULL,NULL
"35","Uttrakhand","2","F","AR","G","SC","1",1,1,1,NULL,NULL,NULL,NULL,"352G1","108.03751","35.5","10.75","2006-09-11",NULL,NULL,NULL,NULL
"35","Uttrakhand","2","F","AR","G","ESM","3",1,1,1,NULL,NULL,NULL,NULL,"352G3","48.22415","13","4","1983-05-13",NULL,NULL,NULL,NULL
"35","Uttrakhand","2","F","AR","G","OBC","6",1,1,1,NULL,NULL,NULL,NULL,"352G6","116.3227","37.75","17.5","2004-04-10",NULL,NULL,NULL,NULL
"35","Uttrakhand","2","F","AR","G","UR","9",3,3,3,NULL,NULL,NULL,NULL,"352G9","119.96222","33.25","26.5","2002-02-03",NULL,NULL,NULL,NULL
"36","West Bengal ","1","A","BSF","B","EWS","0",39,39,39,NULL,NULL,NULL,NULL,"361B0","45.74222","23.25","3.5","2002-02-28",NULL,NULL,NULL,NULL
"36","West Bengal ","1","A","BSF","B","SC","1",89,89,89,NULL,NULL,NULL,NULL,"361B1","77.18039","25","8.5","2002-12-20",NULL,NULL,NULL,NULL
"36","West Bengal ","1","A","BSF","B","ST","2",19,19,19,NULL,NULL,NULL,NULL,"361B2","88.27234","33.25","3.75","2000-07-31",NULL,NULL,NULL,NULL
"36","West Bengal ","1","A","BSF","B","ESM","3",39,39,39,NULL,NULL,NULL,NULL,"361B3",NULL,NULL,NULL,NULL,NULL,NULL,NULL,NULL
"36","West Bengal ","1","A","BSF","B","OBC","6",85,85,85,NULL,NULL,NULL,NULL,"361B6","67.15069","27.5","4.25","2001-11-15",NULL,NULL,NULL,NULL
"36","West Bengal ","1","A","BSF","B","UR","9",154,154,154,NULL,NULL,NULL,NULL,"361B9","81.47708","31.25","10","2002-10-22",NULL,NULL,NULL,NULL
"36","West Bengal ","1","A","BSF","G","EWS","0",9,9,9,NULL,NULL,NULL,NULL,"361G0","81.70211","29","12.5","2005-01-01",NULL,NULL,NULL,NULL
"36","West Bengal ","1","A","BSF","G","SC","1",20,20,20,NULL,NULL,NULL,NULL,"361G1","85.05999","29","5","2002-08-26",NULL,NULL,NULL,NULL
"36","West Bengal ","1","A","BSF","G","ST","2",4,4,4,NULL,NULL,NULL,NULL,"361G2","90.288","35.5","9.5","2001-08-05",NULL,NULL,NULL,NULL
"36","West Bengal ","1","A","BSF","G","ESM","3",9,9,9,NULL,NULL,NULL,NULL,"361G3",NULL,NULL,NULL,NULL,NULL,NULL,NULL,NULL
"36","West Bengal ","1","A","BSF","G","OBC","6",20,20,20,NULL,NULL,NULL,NULL,"361G6","91.35922","22.75","10","1999-11-08",NULL,NULL,NULL,NULL
"36","West Bengal ","1","A","BSF","G","UR","9",36,36,36,NULL,NULL,NULL,NULL,"361G9","97.62645","28.75","10.75","2004-08-05",NULL,NULL,NULL,NULL
"36","West Bengal ","1","A","BSF","N","EWS","0",1,1,1,NULL,NULL,NULL,NULL,"361N0","62.09638","22.5","6.75","2005-10-25",NULL,NULL,NULL,NULL
"36","West Bengal ","1","A","BSF","N","SC","1",2,2,2,NULL,NULL,NULL,NULL,"361N1","42.88852","17.5","13","2004-11-07",NULL,NULL,NULL,NULL
"36","West Bengal ","1","A","BSF","N","ESM","3",1,1,1,NULL,NULL,NULL,NULL,"361N3",NULL,NULL,NULL,NULL,NULL,NULL,NULL,NULL
"36","West Bengal ","1","A","BSF","N","OBC","6",1,1,1,NULL,NULL,NULL,NULL,"361N6","97.9185","31.25","11.5","2001-11-17",NULL,NULL,NULL,NULL
"36","West Bengal ","1","A","BSF","N","UR","9",3,3,3,NULL,NULL,NULL,NULL,"361N9","66.19572","24.25","9","2002-07-18",NULL,NULL,NULL,NULL
"36","West Bengal ","1","B","CISF","B","EWS","0",15,15,15,NULL,NULL,NULL,NULL,"361B0","45.74222","23.25","3.5","2002-02-28",NULL,NULL,NULL,NULL
"36","West Bengal ","1","B","CISF","B","SC","1",33,33,33,NULL,NULL,NULL,NULL,"361B1","77.18039","25","8.5","2002-12-20",NULL,NULL,NULL,NULL
"36","West Bengal ","1","B","CISF","B","ST","2",7,7,7,NULL,NULL,NULL,NULL,"361B2","88.27234","33.25","3.75","2000-07-31",NULL,NULL,NULL,NULL
"36","West Bengal ","1","B","CISF","B","ESM","3",14,14,14,NULL,NULL,NULL,NULL,"361B3",NULL,NULL,NULL,NULL,NULL,NULL,NULL,NULL
"36","West Bengal ","1","B","CISF","B","OBC","6",31,31,31,NULL,NULL,NULL,NULL,"361B6","67.15069","27.5","4.25","2001-11-15",NULL,NULL,NULL,NULL
"36","West Bengal ","1","B","CISF","B","UR","9",57,57,57,NULL,NULL,NULL,NULL,"361B9","81.47708","31.25","10","2002-10-22",NULL,NULL,NULL,NULL
"36","West Bengal ","1","B","CISF","G","EWS","0",6,6,6,NULL,NULL,NULL,NULL,"361G0","81.70211","29","12.5","2005-01-01",NULL,NULL,NULL,NULL
"36","West Bengal ","1","B","CISF","G","SC","1",14,14,14,NULL,NULL,NULL,NULL,"361G1","85.05999","29","5","2002-08-26",NULL,NULL,NULL,NULL
"36","West Bengal ","1","B","CISF","G","ST","2",3,3,3,NULL,NULL,NULL,NULL,"361G2","90.288","35.5","9.5","2001-08-05",NULL,NULL,NULL,NULL
"36","West Bengal ","1","B","CISF","G","ESM","3",6,6,6,NULL,NULL,NULL,NULL,"361G3",NULL,NULL,NULL,NULL,NULL,NULL,NULL,NULL
"36","West Bengal ","1","B","CISF","G","OBC","6",14,14,14,NULL,NULL,NULL,NULL,"361G6","91.35922","22.75","10","1999-11-08",NULL,NULL,NULL,NULL
"36","West Bengal ","1","B","CISF","G","UR","9",25,25,25,NULL,NULL,NULL,NULL,"361G9","97.62645","28.75","10.75","2004-08-05",NULL,NULL,NULL,NULL
"36","West Bengal ","1","B","CISF","N","EWS","0",1,1,1,NULL,NULL,NULL,NULL,"361N0","62.09638","22.5","6.75","2005-10-25",NULL,NULL,NULL,NULL
"36","West Bengal ","1","B","CISF","N","SC","1",1,1,1,NULL,NULL,NULL,NULL,"361N1","42.88852","17.5","13","2004-11-07",NULL,NULL,NULL,NULL
"36","West Bengal ","1","B","CISF","N","ESM","3",1,1,1,NULL,NULL,NULL,NULL,"361N3",NULL,NULL,NULL,NULL,NULL,NULL,NULL,NULL
"36","West Bengal ","1","B","CISF","N","OBC","6",1,1,1,NULL,NULL,NULL,NULL,"361N6","97.9185","31.25","11.5","2001-11-17",NULL,NULL,NULL,NULL
"36","West Bengal ","1","B","CISF","N","UR","9",2,2,2,NULL,NULL,NULL,NULL,"361N9","66.19572","24.25","9","2002-07-18",NULL,NULL,NULL,NULL
"36","West Bengal ","1","C","CRPF","B","EWS","0",5,5,5,NULL,NULL,NULL,NULL,"361B0","45.74222","23.25","3.5","2002-02-28",NULL,NULL,NULL,NULL
"36","West Bengal ","1","C","CRPF","B","SC","1",12,12,12,NULL,NULL,NULL,NULL,"361B1","77.18039","25","8.5","2002-12-20",NULL,NULL,NULL,NULL
"36","West Bengal ","1","C","CRPF","B","ST","2",3,3,3,NULL,NULL,NULL,NULL,"361B2","88.27234","33.25","3.75","2000-07-31",NULL,NULL,NULL,NULL
"36","West Bengal ","1","C","CRPF","B","ESM","3",5,5,5,NULL,NULL,NULL,NULL,"361B3",NULL,NULL,NULL,NULL,NULL,NULL,NULL,NULL
"36","West Bengal ","1","C","CRPF","B","OBC","6",11,11,11,NULL,NULL,NULL,NULL,"361B6","67.15069","27.5","4.25","2001-11-15",NULL,NULL,NULL,NULL
"36","West Bengal ","1","C","CRPF","B","UR","9",19,19,19,NULL,NULL,NULL,NULL,"361B9","81.47708","31.25","10","2002-10-22",NULL,NULL,NULL,NULL
"36","West Bengal ","1","C","CRPF","G","EWS","0",2,2,2,NULL,NULL,NULL,NULL,"361G0","81.70211","29","12.5","2005-01-01",NULL,NULL,NULL,NULL
"36","West Bengal ","1","C","CRPF","G","SC","1",5,5,5,NULL,NULL,NULL,NULL,"361G1","85.05999","29","5","2002-08-26",NULL,NULL,NULL,NULL
"36","West Bengal ","1","C","CRPF","G","ST","2",1,1,1,NULL,NULL,NULL,NULL,"361G2","90.288","35.5","9.5","2001-08-05",NULL,NULL,NULL,NULL
"36","West Bengal ","1","C","CRPF","G","ESM","3",2,2,2,NULL,NULL,NULL,NULL,"361G3",NULL,NULL,NULL,NULL,NULL,NULL,NULL,NULL
"36","West Bengal ","1","C","CRPF","G","OBC","6",5,5,5,NULL,NULL,NULL,NULL,"361G6","91.35922","22.75","10","1999-11-08",NULL,NULL,NULL,NULL
"36","West Bengal ","1","C","CRPF","G","UR","9",9,9,9,NULL,NULL,NULL,NULL,"361G9","97.62645","28.75","10.75","2004-08-05",NULL,NULL,NULL,NULL
"36","West Bengal ","1","C","CRPF","N","UR","9",2,2,2,NULL,NULL,NULL,NULL,"361N9","66.19572","24.25","9","2002-07-18",NULL,NULL,NULL,NULL
"36","West Bengal ","1","E","ITBP","G","EWS","0",2,2,2,NULL,NULL,NULL,NULL,"361G0","81.70211","29","12.5","2005-01-01",NULL,NULL,NULL,NULL
"36","West Bengal ","1","E","ITBP","G","SC","1",4,4,4,NULL,NULL,NULL,NULL,"361G1","85.05999","29","5","2002-08-26",NULL,NULL,NULL,NULL
"36","West Bengal ","1","E","ITBP","G","ST","2",1,1,1,NULL,NULL,NULL,NULL,"361G2","90.288","35.5","9.5","2001-08-05",NULL,NULL,NULL,NULL
"36","West Bengal ","1","E","ITBP","G","ESM","3",2,2,2,NULL,NULL,NULL,NULL,"361G3",NULL,NULL,NULL,NULL,NULL,NULL,NULL,NULL
"36","West Bengal ","1","E","ITBP","G","OBC","6",4,4,4,NULL,NULL,NULL,NULL,"361G6","91.35922","22.75","10","1999-11-08",NULL,NULL,NULL,NULL
"36","West Bengal ","1","E","ITBP","G","UR","9",7,7,7,NULL,NULL,NULL,NULL,"361G9","97.62645","28.75","10.75","2004-08-05",NULL,NULL,NULL,NULL
"36","West Bengal ","1","F","AR","G","SC","1",1,1,1,NULL,NULL,NULL,NULL,"361G1","85.05999","29","5","2002-08-26",NULL,NULL,NULL,NULL
"36","West Bengal ","1","F","AR","G","OBC","6",1,1,1,NULL,NULL,NULL,NULL,"361G6","91.35922","22.75","10","1999-11-08",NULL,NULL,NULL,NULL
"36","West Bengal ","1","F","AR","G","UR","9",2,2,2,NULL,NULL,NULL,NULL,"361G9","97.62645","28.75","10.75","2004-08-05",NULL,NULL,NULL,NULL
"36","West Bengal ","2","A","BSF","B","EWS","0",206,206,206,NULL,NULL,NULL,NULL,"362B0","40.32628","22","13","2002-03-05",NULL,NULL,NULL,NULL
"36","West Bengal ","2","A","BSF","B","SC","1",473,473,473,NULL,NULL,NULL,NULL,"362B1","78.22208","18.5","19.75","1998-11-15",NULL,NULL,NULL,NULL
"36","West Bengal ","2","A","BSF","B","ST","2",103,103,103,NULL,NULL,NULL,NULL,"362B2","82.94009","37.75","3.5","2002-09-08",NULL,NULL,NULL,NULL
"36","West Bengal ","2","A","BSF","B","ESM","3",206,206,206,NULL,NULL,NULL,NULL,"362B3","57.24573","31","8.5","2000-08-10",NULL,NULL,NULL,NULL
"36","West Bengal ","2","A","BSF","B","OBC","6",453,453,453,NULL,NULL,NULL,NULL,"362B6","64.52698","24.25","10.75","2001-01-07",NULL,NULL,NULL,NULL
"36","West Bengal ","2","A","BSF","B","UR","9",823,823,823,NULL,NULL,NULL,NULL,"362B9","78.45982","35.5","10.75","2006-01-29",NULL,NULL,NULL,NULL
"36","West Bengal ","2","A","BSF","G","EWS","0",50,50,50,NULL,NULL,NULL,NULL,"362G0","63.68679","28.75","5.25","2002-02-01",NULL,NULL,NULL,NULL
"36","West Bengal ","2","A","BSF","G","SC","1",116,116,116,NULL,NULL,NULL,NULL,"362G1","83.42133","31","8.75","2003-11-02",NULL,NULL,NULL,NULL
"36","West Bengal ","2","A","BSF","G","ST","2",25,25,25,NULL,NULL,NULL,NULL,"362G2","90.33592","28.75","8.75","2005-07-18",NULL,NULL,NULL,NULL
"36","West Bengal ","2","A","BSF","G","ESM","3",50,50,50,NULL,NULL,NULL,NULL,"362G3","42.52647","15.25","6.25","1983-07-08",NULL,NULL,NULL,NULL
"36","West Bengal ","2","A","BSF","G","OBC","6",110,110,110,NULL,NULL,NULL,NULL,"362G6","85.68669","28.75","8","2004-05-25",NULL,NULL,NULL,NULL
"36","West Bengal ","2","A","BSF","G","UR","9",201,201,201,NULL,NULL,NULL,NULL,"362G9","91.16203","28.75","10.75","2006-03-20",NULL,NULL,NULL,NULL
"36","West Bengal ","2","A","BSF","N","EWS","0",4,4,4,NULL,NULL,NULL,NULL,"362N0","57.02749","19.75","6.25","2004-10-17",NULL,NULL,NULL,NULL
"36","West Bengal ","2","A","BSF","N","SC","1",10,10,10,NULL,NULL,NULL,NULL,"362N1","41.30321","17.5","1.75","2003-12-04",NULL,NULL,NULL,NULL
"36","West Bengal ","2","A","BSF","N","ST","2",2,2,2,NULL,NULL,NULL,NULL,"362N2","93.15245","33.5","15.75","1999-02-02",NULL,NULL,NULL,NULL
"36","West Bengal ","2","A","BSF","N","ESM","3",4,4,4,NULL,NULL,NULL,NULL,"362N3",NULL,NULL,NULL,NULL,NULL,NULL,NULL,NULL
"36","West Bengal ","2","A","BSF","N","OBC","6",9,9,9,NULL,NULL,NULL,NULL,"362N6","56.04184","26.75","6","2003-03-28",NULL,NULL,NULL,NULL
"36","West Bengal ","2","A","BSF","N","UR","9",16,16,16,NULL,NULL,NULL,NULL,"362N9","63.61231","31.75","7","2005-01-09",NULL,NULL,NULL,NULL
"36","West Bengal ","2","B","CISF","B","EWS","0",129,129,129,NULL,NULL,NULL,NULL,"362B0","40.32628","22","13","2002-03-05",NULL,NULL,NULL,NULL
"36","West Bengal ","2","B","CISF","B","SC","1",296,296,296,NULL,NULL,NULL,NULL,"362B1","78.22208","18.5","19.75","1998-11-15",NULL,NULL,NULL,NULL
"36","West Bengal ","2","B","CISF","B","ST","2",64,64,64,NULL,NULL,NULL,NULL,"362B2","82.94009","37.75","3.5","2002-09-08",NULL,NULL,NULL,NULL
"36","West Bengal ","2","B","CISF","B","ESM","3",129,129,129,NULL,NULL,NULL,NULL,"362B3","57.24573","31","8.5","2000-08-10",NULL,NULL,NULL,NULL
"36","West Bengal ","2","B","CISF","B","OBC","6",283,283,283,NULL,NULL,NULL,NULL,"362B6","64.52698","24.25","10.75","2001-01-07",NULL,NULL,NULL,NULL
"36","West Bengal ","2","B","CISF","B","UR","9",515,515,515,NULL,NULL,NULL,NULL,"362B9","78.45982","35.5","10.75","2006-01-29",NULL,NULL,NULL,NULL
"36","West Bengal ","2","B","CISF","G","EWS","0",56,56,56,NULL,NULL,NULL,NULL,"362G0","63.68679","28.75","5.25","2002-02-01",NULL,NULL,NULL,NULL
"36","West Bengal ","2","B","CISF","G","SC","1",128,128,128,NULL,NULL,NULL,NULL,"362G1","83.42133","31","8.75","2003-11-02",NULL,NULL,NULL,NULL
"36","West Bengal ","2","B","CISF","G","ST","2",28,28,28,NULL,NULL,NULL,NULL,"362G2","90.33592","28.75","8.75","2005-07-18",NULL,NULL,NULL,NULL
"36","West Bengal ","2","B","CISF","G","ESM","3",56,56,56,NULL,NULL,NULL,NULL,"362G3","42.52647","15.25","6.25","1983-07-08",NULL,NULL,NULL,NULL
"36","West Bengal ","2","B","CISF","G","OBC","6",122,122,122,NULL,NULL,NULL,NULL,"362G6","85.68669","28.75","8","2004-05-25",NULL,NULL,NULL,NULL
"36","West Bengal ","2","B","CISF","G","UR","9",222,222,222,NULL,NULL,NULL,NULL,"362G9","91.16203","28.75","10.75","2006-03-20",NULL,NULL,NULL,NULL
"36","West Bengal ","2","B","CISF","N","EWS","0",5,5,5,NULL,NULL,NULL,NULL,"362N0","57.02749","19.75","6.25","2004-10-17",NULL,NULL,NULL,NULL
"36","West Bengal ","2","B","CISF","N","SC","1",10,10,10,NULL,NULL,NULL,NULL,"362N1","41.30321","17.5","1.75","2003-12-04",NULL,NULL,NULL,NULL
"36","West Bengal ","2","B","CISF","N","ST","2",2,2,2,NULL,NULL,NULL,NULL,"362N2","93.15245","33.5","15.75","1999-02-02",NULL,NULL,NULL,NULL
"36","West Bengal ","2","B","CISF","N","ESM","3",5,5,5,NULL,NULL,NULL,NULL,"362N3",NULL,NULL,NULL,NULL,NULL,NULL,NULL,NULL
"36","West Bengal ","2","B","CISF","N","OBC","6",10,10,10,NULL,NULL,NULL,NULL,"362N6","56.04184","26.75","6","2003-03-28",NULL,NULL,NULL,NULL
"36","West Bengal ","2","B","CISF","N","UR","9",18,18,18,NULL,NULL,NULL,NULL,"362N9","63.61231","31.75","7","2005-01-09",NULL,NULL,NULL,NULL
"36","West Bengal ","2","C","CRPF","B","EWS","0",119,119,119,NULL,NULL,NULL,NULL,"362B0","40.32628","22","13","2002-03-05",NULL,NULL,NULL,NULL
"36","West Bengal ","2","C","CRPF","B","SC","1",274,274,274,NULL,NULL,NULL,NULL,"362B1","78.22208","18.5","19.75","1998-11-15",NULL,NULL,NULL,NULL
"36","West Bengal ","2","C","CRPF","B","ST","2",60,60,60,NULL,NULL,NULL,NULL,"362B2","82.94009","37.75","3.5","2002-09-08",NULL,NULL,NULL,NULL
"36","West Bengal ","2","C","CRPF","B","ESM","3",119,119,119,NULL,NULL,NULL,NULL,"362B3","57.24573","31","8.5","2000-08-10",NULL,NULL,NULL,NULL
"36","West Bengal ","2","C","CRPF","B","OBC","6",262,262,262,NULL,NULL,NULL,NULL,"362B6","64.52698","24.25","10.75","2001-01-07",NULL,NULL,NULL,NULL
"36","West Bengal ","2","C","CRPF","B","UR","9",478,478,478,NULL,NULL,NULL,NULL,"362B9","78.45982","35.5","10.75","2006-01-29",NULL,NULL,NULL,NULL
"36","West Bengal ","2","C","CRPF","G","EWS","0",52,52,52,NULL,NULL,NULL,NULL,"362G0","63.68679","28.75","5.25","2002-02-01",NULL,NULL,NULL,NULL
"36","West Bengal ","2","C","CRPF","G","SC","1",119,119,119,NULL,NULL,NULL,NULL,"362G1","83.42133","31","8.75","2003-11-02",NULL,NULL,NULL,NULL
"36","West Bengal ","2","C","CRPF","G","ST","2",26,26,26,NULL,NULL,NULL,NULL,"362G2","90.33592","28.75","8.75","2005-07-18",NULL,NULL,NULL,NULL
"36","West Bengal ","2","C","CRPF","G","ESM","3",52,52,52,NULL,NULL,NULL,NULL,"362G3","42.52647","15.25","6.25","1983-07-08",NULL,NULL,NULL,NULL
"36","West Bengal ","2","C","CRPF","G","OBC","6",114,114,114,NULL,NULL,NULL,NULL,"362G6","85.68669","28.75","8","2004-05-25",NULL,NULL,NULL,NULL
"36","West Bengal ","2","C","CRPF","G","UR","9",207,207,207,NULL,NULL,NULL,NULL,"362G9","91.16203","28.75","10.75","2006-03-20",NULL,NULL,NULL,NULL
"36","West Bengal ","2","C","CRPF","N","EWS","0",4,4,4,NULL,NULL,NULL,NULL,"362N0","57.02749","19.75","6.25","2004-10-17",NULL,NULL,NULL,NULL
"36","West Bengal ","2","C","CRPF","N","SC","1",10,10,10,NULL,NULL,NULL,NULL,"362N1","41.30321","17.5","1.75","2003-12-04",NULL,NULL,NULL,NULL
"36","West Bengal ","2","C","CRPF","N","ST","2",2,2,2,NULL,NULL,NULL,NULL,"362N2","93.15245","33.5","15.75","1999-02-02",NULL,NULL,NULL,NULL
"36","West Bengal ","2","C","CRPF","N","ESM","3",4,4,4,NULL,NULL,NULL,NULL,"362N3",NULL,NULL,NULL,NULL,NULL,NULL,NULL,NULL
"36","West Bengal ","2","C","CRPF","N","OBC","6",9,9,9,NULL,NULL,NULL,NULL,"362N6","56.04184","26.75","6","2003-03-28",NULL,NULL,NULL,NULL
"36","West Bengal ","2","C","CRPF","N","UR","9",17,17,17,NULL,NULL,NULL,NULL,"362N9","63.61231","31.75","7","2005-01-09",NULL,NULL,NULL,NULL
"36","West Bengal ","2","D","SSB","B","EWS","0",2,2,2,NULL,NULL,NULL,NULL,"362B0","40.32628","22","13","2002-03-05",NULL,NULL,NULL,NULL
"36","West Bengal ","2","D","SSB","B","SC","1",5,5,5,NULL,NULL,NULL,NULL,"362B1","78.22208","18.5","19.75","1998-11-15",NULL,NULL,NULL,NULL
"36","West Bengal ","2","D","SSB","B","ST","2",1,1,1,NULL,NULL,NULL,NULL,"362B2","82.94009","37.75","3.5","2002-09-08",NULL,NULL,NULL,NULL
"36","West Bengal ","2","D","SSB","B","ESM","3",2,2,2,NULL,NULL,NULL,NULL,"362B3","57.24573","31","8.5","2000-08-10",NULL,NULL,NULL,NULL
"36","West Bengal ","2","D","SSB","B","OBC","6",5,5,5,NULL,NULL,NULL,NULL,"362B6","64.52698","24.25","10.75","2001-01-07",NULL,NULL,NULL,NULL
"36","West Bengal ","2","D","SSB","B","UR","9",9,9,9,NULL,NULL,NULL,NULL,"362B9","78.45982","35.5","10.75","2006-01-29",NULL,NULL,NULL,NULL
"36","West Bengal ","2","D","SSB","G","EWS","0",3,3,3,NULL,NULL,NULL,NULL,"362G0","63.68679","28.75","5.25","2002-02-01",NULL,NULL,NULL,NULL
"36","West Bengal ","2","D","SSB","G","SC","1",7,7,7,NULL,NULL,NULL,NULL,"362G1","83.42133","31","8.75","2003-11-02",NULL,NULL,NULL,NULL
"36","West Bengal ","2","D","SSB","G","ST","2",2,2,2,NULL,NULL,NULL,NULL,"362G2","90.33592","28.75","8.75","2005-07-18",NULL,NULL,NULL,NULL
"36","West Bengal ","2","D","SSB","G","ESM","3",3,3,3,NULL,NULL,NULL,NULL,"362G3","42.52647","15.25","6.25","1983-07-08",NULL,NULL,NULL,NULL
"36","West Bengal ","2","D","SSB","G","OBC","6",7,7,7,NULL,NULL,NULL,NULL,"362G6","85.68669","28.75","8","2004-05-25",NULL,NULL,NULL,NULL
"36","West Bengal ","2","D","SSB","G","UR","9",12,12,12,NULL,NULL,NULL,NULL,"362G9","91.16203","28.75","10.75","2006-03-20",NULL,NULL,NULL,NULL
"36","West Bengal ","2","E","ITBP","G","EWS","0",10,10,10,NULL,NULL,NULL,NULL,"362G0","63.68679","28.75","5.25","2002-02-01",NULL,NULL,NULL,NULL
"36","West Bengal ","2","E","ITBP","G","SC","1",22,22,22,NULL,NULL,NULL,NULL,"362G1","83.42133","31","8.75","2003-11-02",NULL,NULL,NULL,NULL
"36","West Bengal ","2","E","ITBP","G","ST","2",5,5,5,NULL,NULL,NULL,NULL,"362G2","90.33592","28.75","8.75","2005-07-18",NULL,NULL,NULL,NULL
"36","West Bengal ","2","E","ITBP","G","ESM","3",10,10,10,NULL,NULL,NULL,NULL,"362G3","42.52647","15.25","6.25","1983-07-08",NULL,NULL,NULL,NULL
"36","West Bengal ","2","E","ITBP","G","OBC","6",21,21,21,NULL,NULL,NULL,NULL,"362G6","85.68669","28.75","8","2004-05-25",NULL,NULL,NULL,NULL
"36","West Bengal ","2","E","ITBP","G","UR","9",38,38,38,NULL,NULL,NULL,NULL,"362G9","91.16203","28.75","10.75","2006-03-20",NULL,NULL,NULL,NULL
"36","West Bengal ","2","E","ITBP","N","UR","9",1,1,1,NULL,NULL,NULL,NULL,"362N9","63.61231","31.75","7","2005-01-09",NULL,NULL,NULL,NULL
"36","West Bengal ","2","F","AR","G","EWS","0",4,4,4,NULL,NULL,NULL,NULL,"362G0","63.68679","28.75","5.25","2002-02-01",NULL,NULL,NULL,NULL
"36","West Bengal ","2","F","AR","G","SC","1",10,10,10,NULL,NULL,NULL,NULL,"362G1","83.42133","31","8.75","2003-11-02",NULL,NULL,NULL,NULL
"36","West Bengal ","2","F","AR","G","ST","2",2,2,2,NULL,NULL,NULL,NULL,"362G2","90.33592","28.75","8.75","2005-07-18",NULL,NULL,NULL,NULL
"36","West Bengal ","2","F","AR","G","ESM","3",4,4,4,NULL,NULL,NULL,NULL,"362G3","42.52647","15.25","6.25","1983-07-08",NULL,NULL,NULL,NULL
"36","West Bengal ","2","F","AR","G","OBC","6",10,10,10,NULL,NULL,NULL,NULL,"362G6","85.68669","28.75","8","2004-05-25",NULL,NULL,NULL,NULL
"36","West Bengal ","2","F","AR","G","UR","9",17,17,17,NULL,NULL,NULL,NULL,"362G9","91.16203","28.75","10.75","2006-03-20",NULL,NULL,NULL,NULL
"36","West Bengal ","2","F","AR","N","SC","1",1,1,1,NULL,NULL,NULL,NULL,"362N1","41.30321","17.5","1.75","2003-12-04",NULL,NULL,NULL,NULL
"36","West Bengal ","2","F","AR","N","OBC","6",1,1,1,NULL,NULL,NULL,NULL,"362N6","56.04184","26.75","6","2003-03-28",NULL,NULL,NULL,NULL
"36","West Bengal ","2","F","AR","N","UR","9",2,2,2,NULL,NULL,NULL,NULL,"362N9","63.61231","31.75","7","2005-01-09",NULL,NULL,NULL,NULL
"37","Ladakh","1","A","BSF","N","UR","9",1,1,1,NULL,NULL,NULL,NULL,"371N9","58.96043","14.75","6.75","2002-05-12",NULL,NULL,NULL,NULL
"37","Ladakh","1","B","CISF","B","UR","9",1,1,1,NULL,NULL,NULL,NULL,"371B9","59.07727","19.75","8.5","2002-01-17",NULL,NULL,NULL,NULL
"37","Ladakh","1","B","CISF","N","UR","9",1,1,1,NULL,NULL,NULL,NULL,"371N9","58.96043","14.75","6.75","2002-05-12",NULL,NULL,NULL,NULL
"37","Ladakh","1","E","ITBP","B","EWS","0",1,1,1,NULL,NULL,NULL,NULL,"371B0",NULL,NULL,NULL,NULL,NULL,NULL,NULL,NULL
"37","Ladakh","1","E","ITBP","B","SC","1",2,2,2,NULL,NULL,NULL,NULL,"371B1",NULL,NULL,NULL,NULL,NULL,NULL,NULL,NULL
"37","Ladakh","1","E","ITBP","B","ST","2",1,1,1,NULL,NULL,NULL,NULL,"371B2","98.54317","40","9","1997-05-10",NULL,NULL,NULL,NULL
"37","Ladakh","1","E","ITBP","B","ESM","3",1,1,1,NULL,NULL,NULL,NULL,"371B3",NULL,NULL,NULL,NULL,NULL,NULL,NULL,NULL
"37","Ladakh","1","E","ITBP","B","OBC","6",6,6,6,NULL,NULL,NULL,NULL,"371B6",NULL,NULL,NULL,NULL,NULL,NULL,NULL,NULL
"37","Ladakh","1","E","ITBP","B","UR","9",4,4,4,NULL,NULL,NULL,NULL,"371B9","59.07727","19.75","8.5","2002-01-17",NULL,NULL,NULL,NULL
"37","Ladakh","2","A","BSF","G","ESM","3",1,1,1,NULL,NULL,NULL,NULL,"372G3",NULL,NULL,NULL,NULL,NULL,NULL,NULL,NULL
"37","Ladakh","2","A","BSF","G","OBC","6",3,3,3,NULL,NULL,NULL,NULL,"372G6",NULL,NULL,NULL,NULL,NULL,NULL,NULL,NULL
"37","Ladakh","2","A","BSF","G","UR","9",8,8,8,NULL,NULL,NULL,NULL,"372G9",NULL,NULL,NULL,NULL,NULL,NULL,NULL,NULL
"37","Ladakh","2","A","BSF","N","EWS","0",1,1,1,NULL,NULL,NULL,NULL,"372N0",NULL,NULL,NULL,NULL,NULL,NULL,NULL,NULL
"37","Ladakh","2","A","BSF","N","SC","1",1,1,1,NULL,NULL,NULL,NULL,"372N1",NULL,NULL,NULL,NULL,NULL,NULL,NULL,NULL
"37","Ladakh","2","A","BSF","N","ST","2",1,1,1,NULL,NULL,NULL,NULL,"372N2","50.1655","15.25","9","2001-12-08",NULL,NULL,NULL,NULL
"37","Ladakh","2","A","BSF","N","ESM","3",1,1,1,NULL,NULL,NULL,NULL,"372N3",NULL,NULL,NULL,NULL,NULL,NULL,NULL,NULL
"37","Ladakh","2","A","BSF","N","OBC","6",3,3,3,NULL,NULL,NULL,NULL,"372N6",NULL,NULL,NULL,NULL,NULL,NULL,NULL,NULL
"37","Ladakh","2","A","BSF","N","UR","9",4,4,4,NULL,NULL,NULL,NULL,"372N9","48.77466","13","15.25","2003-03-02",NULL,NULL,NULL,NULL
"37","Ladakh","2","B","CISF","B","EWS","0",1,1,1,NULL,NULL,NULL,NULL,"372B0",NULL,NULL,NULL,NULL,NULL,NULL,NULL,NULL
"37","Ladakh","2","B","CISF","B","ST","2",1,1,1,NULL,NULL,NULL,NULL,"372B2","46.80131","22.25","4","2001-06-01",NULL,NULL,NULL,NULL
"37","Ladakh","2","B","CISF","B","ESM","3",1,1,1,NULL,NULL,NULL,NULL,"372B3",NULL,NULL,NULL,NULL,NULL,NULL,NULL,NULL
"37","Ladakh","2","B","CISF","B","OBC","6",5,5,5,NULL,NULL,NULL,NULL,"372B6","45.05272","15.25","4","2006-02-02",NULL,NULL,NULL,NULL
"37","Ladakh","2","B","CISF","B","UR","9",7,7,7,NULL,NULL,NULL,NULL,"372B9","49.34049","6.25","18.25","2005-12-03",NULL,NULL,NULL,NULL
"37","Ladakh","2","B","CISF","G","ESM","3",1,1,1,NULL,NULL,NULL,NULL,"372G3",NULL,NULL,NULL,NULL,NULL,NULL,NULL,NULL
"37","Ladakh","2","B","CISF","G","OBC","6",3,3,3,NULL,NULL,NULL,NULL,"372G6",NULL,NULL,NULL,NULL,NULL,NULL,NULL,NULL
"37","Ladakh","2","B","CISF","G","UR","9",5,5,5,NULL,NULL,NULL,NULL,"372G9",NULL,NULL,NULL,NULL,NULL,NULL,NULL,NULL
"37","Ladakh","2","B","CISF","N","EWS","0",1,1,1,NULL,NULL,NULL,NULL,"372N0",NULL,NULL,NULL,NULL,NULL,NULL,NULL,NULL
"37","Ladakh","2","B","CISF","N","SC","1",1,1,1,NULL,NULL,NULL,NULL,"372N1",NULL,NULL,NULL,NULL,NULL,NULL,NULL,NULL
"37","Ladakh","2","B","CISF","N","ST","2",1,1,1,NULL,NULL,NULL,NULL,"372N2","50.1655","15.25","9","2001-12-08",NULL,NULL,NULL,NULL
"37","Ladakh","2","B","CISF","N","ESM","3",1,1,1,NULL,NULL,NULL,NULL,"372N3",NULL,NULL,NULL,NULL,NULL,NULL,NULL,NULL
"37","Ladakh","2","B","CISF","N","OBC","6",3,3,3,NULL,NULL,NULL,NULL,"372N6",NULL,NULL,NULL,NULL,NULL,NULL,NULL,NULL
"37","Ladakh","2","B","CISF","N","UR","9",5,5,5,NULL,NULL,NULL,NULL,"372N9","48.77466","13","15.25","2003-03-02",NULL,NULL,NULL,NULL
"37","Ladakh","2","C","CRPF","B","EWS","0",1,1,1,NULL,NULL,NULL,NULL,"372B0",NULL,NULL,NULL,NULL,NULL,NULL,NULL,NULL
"37","Ladakh","2","C","CRPF","B","ST","2",1,1,1,NULL,NULL,NULL,NULL,"372B2","46.80131","22.25","4","2001-06-01",NULL,NULL,NULL,NULL
"37","Ladakh","2","C","CRPF","B","ESM","3",2,2,2,NULL,NULL,NULL,NULL,"372B3",NULL,NULL,NULL,NULL,NULL,NULL,NULL,NULL
"37","Ladakh","2","C","CRPF","B","OBC","6",6,6,6,NULL,NULL,NULL,NULL,"372B6","45.05272","15.25","4","2006-02-02",NULL,NULL,NULL,NULL
"37","Ladakh","2","C","CRPF","B","UR","9",8,8,8,NULL,NULL,NULL,NULL,"372B9","49.34049","6.25","18.25","2005-12-03",NULL,NULL,NULL,NULL
"37","Ladakh","2","C","CRPF","G","ESM","3",1,1,1,NULL,NULL,NULL,NULL,"372G3",NULL,NULL,NULL,NULL,NULL,NULL,NULL,NULL
"37","Ladakh","2","C","CRPF","G","OBC","6",4,4,4,NULL,NULL,NULL,NULL,"372G6",NULL,NULL,NULL,NULL,NULL,NULL,NULL,NULL
"37","Ladakh","2","C","CRPF","G","UR","9",7,7,7,NULL,NULL,NULL,NULL,"372G9",NULL,NULL,NULL,NULL,NULL,NULL,NULL,NULL
"37","Ladakh","2","C","CRPF","N","EWS","0",1,1,1,NULL,NULL,NULL,NULL,"372N0",NULL,NULL,NULL,NULL,NULL,NULL,NULL,NULL
"37","Ladakh","2","C","CRPF","N","SC","1",1,1,1,NULL,NULL,NULL,NULL,"372N1",NULL,NULL,NULL,NULL,NULL,NULL,NULL,NULL
"37","Ladakh","2","C","CRPF","N","ST","2",1,1,1,NULL,NULL,NULL,NULL,"372N2","50.1655","15.25","9","2001-12-08",NULL,NULL,NULL,NULL
"37","Ladakh","2","C","CRPF","N","ESM","3",1,1,1,NULL,NULL,NULL,NULL,"372N3",NULL,NULL,NULL,NULL,NULL,NULL,NULL,NULL
"37","Ladakh","2","C","CRPF","N","OBC","6",3,3,3,NULL,NULL,NULL,NULL,"372N6",NULL,NULL,NULL,NULL,NULL,NULL,NULL,NULL
"37","Ladakh","2","C","CRPF","N","UR","9",4,4,4,NULL,NULL,NULL,NULL,"372N9","48.77466","13","15.25","2003-03-02",NULL,NULL,NULL,NULL
"37","Ladakh","2","D","SSB","G","SC","1",1,1,1,NULL,NULL,NULL,NULL,"372G1",NULL,NULL,NULL,NULL,NULL,NULL,NULL,NULL
"37","Ladakh","2","D","SSB","N","UR","9",1,1,1,NULL,NULL,NULL,NULL,"372N9","48.77466","13","15.25","2003-03-02",NULL,NULL,NULL,NULL
"37","Ladakh","2","E","ITBP","B","EWS","0",9,9,9,NULL,NULL,NULL,NULL,"372B0",NULL,NULL,NULL,NULL,NULL,NULL,NULL,NULL
"37","Ladakh","2","E","ITBP","B","SC","1",9,9,9,NULL,NULL,NULL,NULL,"372B1",NULL,NULL,NULL,NULL,NULL,NULL,NULL,NULL
"37","Ladakh","2","E","ITBP","B","ST","2",5,5,5,NULL,NULL,NULL,NULL,"372B2","46.80131","22.25","4","2001-06-01",NULL,NULL,NULL,NULL
"37","Ladakh","2","E","ITBP","B","ESM","3",9,9,9,NULL,NULL,NULL,NULL,"372B3",NULL,NULL,NULL,NULL,NULL,NULL,NULL,NULL
"37","Ladakh","2","E","ITBP","B","OBC","6",34,34,34,NULL,NULL,NULL,NULL,"372B6","45.05272","15.25","4","2006-02-02",NULL,NULL,NULL,NULL
"37","Ladakh","2","E","ITBP","B","UR","9",36,36,36,NULL,NULL,NULL,NULL,"372B9","49.34049","6.25","18.25","2005-12-03",NULL,NULL,NULL,NULL
"37","Ladakh","2","F","AR","G","UR","9",3,3,3,NULL,NULL,NULL,NULL,"372G9",NULL,NULL,NULL,NULL,NULL,NULL,NULL,NULL
"37","Ladakh","2","F","AR","N","UR","9",1,1,1,NULL,NULL,NULL,NULL,"372N9","48.77466","13","15.25","2003-03-02",NULL,NULL,NULL,NULL
"39","Any Part of India","1","G","NCB","G","EWS","0",1,1,1,NULL,NULL,NULL,NULL,"391G0","142.6058","37.75","28.75","2006-07-03",NULL,NULL,NULL,NULL
"39","Any Part of India","1","G","NCB","G","ESM","3",1,1,1,NULL,NULL,NULL,NULL,"391G3",NULL,NULL,NULL,NULL,NULL,NULL,NULL,NULL
"39","Any Part of India","1","G","NCB","G","OBC","6",4,4,4,NULL,NULL,NULL,NULL,"391G6","142.71019","37.75","31.25","2002-01-10",NULL,NULL,NULL,NULL
"39","Any Part of India","1","G","NCB","G","UR","9",6,6,6,NULL,NULL,NULL,NULL,"391G9","143.75341","37.75","28.75","2006-07-20",NULL,NULL,NULL,NULL
"39","Any Part of India","2","G","NCB","G","ST","2",1,1,1,NULL,NULL,NULL,NULL,"392G2","137.23612","35.5","24.5","2005-05-07",NULL,NULL,NULL,NULL
"39","Any Part of India","2","G","NCB","G","ESM","3",1,1,1,NULL,NULL,NULL,NULL,"392G3","103.09718","31.5","16.25","1984-12-26",NULL,NULL,NULL,NULL
"39","Any Part of India","2","G","NCB","G","OBC","6",5,5,5,NULL,NULL,NULL,NULL,"392G6","145.99092","37.75","28.75","2000-05-06",NULL,NULL,NULL,NULL
"39","Any Part of India","2","G","NCB","G","UR","9",5,5,5,NULL,NULL,NULL,NULL,"392G9","147.47214","40","22","2006-10-22",NULL,NULL,NULL,NULL
"39","Any Part of India","2","H","SSF","G","EWS","0",13,13,13,NULL,NULL,NULL,NULL,"392G0","144.69906","40","24.5","2003-12-10",NULL,NULL,NULL,NULL
"39","Any Part of India","2","H","SSF","G","SC","1",20,20,20,NULL,NULL,NULL,NULL,"392G1","138.82272","40","19.75","2005-01-07",NULL,NULL,NULL,NULL
"39","Any Part of India","2","H","SSF","G","ST","2",10,10,10,NULL,NULL,NULL,NULL,"392G2","137.23612","35.5","24.5","2005-05-07",NULL,NULL,NULL,NULL
"39","Any Part of India","2","H","SSF","G","ESM","3",13,13,13,NULL,NULL,NULL,NULL,"392G3","103.09718","31.5","16.25","1984-12-26",NULL,NULL,NULL,NULL
"39","Any Part of India","2","H","SSF","G","OBC","6",36,36,36,NULL,NULL,NULL,NULL,"392G6","145.99092","37.75","28.75","2000-05-06",NULL,NULL,NULL,NULL
"39","Any Part of India","2","H","SSF","G","UR","9",53,53,53,NULL,NULL,NULL,NULL,"392G9","147.47214","40","22","2006-10-22",NULL,NULL,NULL,NULL
"4","Assam","1","A","BSF","B","EWS","0",3,3,3,NULL,NULL,NULL,NULL,"41B0",NULL,NULL,NULL,NULL,NULL,NULL,NULL,NULL
"4","Assam","1","A","BSF","B","SC","1",2,2,2,NULL,NULL,NULL,NULL,"41B1","61.31931","24.25","6.25","1998-07-20",NULL,NULL,NULL,NULL
"4","Assam","1","A","BSF","B","ST","2",4,4,4,NULL,NULL,NULL,NULL,"41B2","66.07475","13","10.75","2000-08-15",NULL,NULL,NULL,NULL
"4","Assam","1","A","BSF","B","ESM","3",3,3,3,NULL,NULL,NULL,NULL,"41B3",NULL,NULL,NULL,NULL,NULL,NULL,NULL,NULL
"4","Assam","1","A","BSF","B","OBC","6",9,9,9,NULL,NULL,NULL,NULL,"41B6","62.19119","19.75","10.75","1999-03-09",NULL,NULL,NULL,NULL
"4","Assam","1","A","BSF","B","UR","9",15,15,15,NULL,NULL,NULL,NULL,"41B9","64.08042","27","8.5","2003-07-31",NULL,NULL,NULL,NULL
"4","Assam","1","A","BSF","G","EWS","0",3,3,3,NULL,NULL,NULL,NULL,"41G0",NULL,NULL,NULL,NULL,NULL,NULL,NULL,NULL
"4","Assam","1","A","BSF","G","SC","1",2,2,2,NULL,NULL,NULL,NULL,"41G1","64.79393","22","4","2006-10-28",NULL,NULL,NULL,NULL
"4","Assam","1","A","BSF","G","ST","2",4,4,4,NULL,NULL,NULL,NULL,"41G2","67.15069","27","7.5","2003-11-08",NULL,NULL,NULL,NULL
"4","Assam","1","A","BSF","G","ESM","3",3,3,3,NULL,NULL,NULL,NULL,"41G3",NULL,NULL,NULL,NULL,NULL,NULL,NULL,NULL
"4","Assam","1","A","BSF","G","OBC","6",8,8,8,NULL,NULL,NULL,NULL,"41G6","65.54592","27.25","8.75","2002-07-30",NULL,NULL,NULL,NULL
"4","Assam","1","A","BSF","G","UR","9",13,13,13,NULL,NULL,NULL,NULL,"41G9","66.6678","17.5","13","2006-01-31",NULL,NULL,NULL,NULL
"4","Assam","1","A","BSF","N","EWS","0",20,20,20,NULL,NULL,NULL,NULL,"41N0","42.64635","10.75","8.5","2005-01-02",NULL,NULL,NULL,NULL
"4","Assam","1","A","BSF","N","SC","1",14,14,14,NULL,NULL,NULL,NULL,"41N1","63.84551","22","10.75","1999-08-14",NULL,NULL,NULL,NULL
"4","Assam","1","A","BSF","N","ST","2",23,23,23,NULL,NULL,NULL,NULL,"41N2","67.9951","30","9","2000-01-03",NULL,NULL,NULL,NULL
"4","Assam","1","A","BSF","N","ESM","3",20,20,20,NULL,NULL,NULL,NULL,"41N3",NULL,NULL,NULL,NULL,NULL,NULL,NULL,NULL
"4","Assam","1","A","BSF","N","OBC","6",53,53,53,NULL,NULL,NULL,NULL,"41N6","65.92348","29.25","11.75","2004-08-07",NULL,NULL,NULL,NULL
"4","Assam","1","A","BSF","N","UR","9",87,87,87,NULL,NULL,NULL,NULL,"41N9","67.09267","26.75","-0.25","2002-08-05",NULL,NULL,NULL,NULL
"4","Assam","1","B","CISF","B","EWS","0",2,2,2,NULL,NULL,NULL,NULL,"41B0",NULL,NULL,NULL,NULL,NULL,NULL,NULL,NULL
"4","Assam","1","B","CISF","B","SC","1",2,2,2,NULL,NULL,NULL,NULL,"41B1","61.31931","24.25","6.25","1998-07-20",NULL,NULL,NULL,NULL
"4","Assam","1","B","CISF","B","ST","2",3,3,3,NULL,NULL,NULL,NULL,"41B2","66.07475","13","10.75","2000-08-15",NULL,NULL,NULL,NULL
"4","Assam","1","B","CISF","B","ESM","3",2,2,2,NULL,NULL,NULL,NULL,"41B3",NULL,NULL,NULL,NULL,NULL,NULL,NULL,NULL
"4","Assam","1","B","CISF","B","OBC","6",6,6,6,NULL,NULL,NULL,NULL,"41B6","62.19119","19.75","10.75","1999-03-09",NULL,NULL,NULL,NULL
"4","Assam","1","B","CISF","B","UR","9",11,11,11,NULL,NULL,NULL,NULL,"41B9","64.08042","27","8.5","2003-07-31",NULL,NULL,NULL,NULL
"4","Assam","1","B","CISF","G","EWS","0",2,2,2,NULL,NULL,NULL,NULL,"41G0",NULL,NULL,NULL,NULL,NULL,NULL,NULL,NULL
"4","Assam","1","B","CISF","G","SC","1",1,1,1,NULL,NULL,NULL,NULL,"41G1","64.79393","22","4","2006-10-28",NULL,NULL,NULL,NULL
"4","Assam","1","B","CISF","G","ST","2",3,3,3,NULL,NULL,NULL,NULL,"41G2","67.15069","27","7.5","2003-11-08",NULL,NULL,NULL,NULL
"4","Assam","1","B","CISF","G","ESM","3",2,2,2,NULL,NULL,NULL,NULL,"41G3",NULL,NULL,NULL,NULL,NULL,NULL,NULL,NULL
"4","Assam","1","B","CISF","G","OBC","6",6,6,6,NULL,NULL,NULL,NULL,"41G6","65.54592","27.25","8.75","2002-07-30",NULL,NULL,NULL,NULL
"4","Assam","1","B","CISF","G","UR","9",9,9,9,NULL,NULL,NULL,NULL,"41G9","66.6678","17.5","13","2006-01-31",NULL,NULL,NULL,NULL
"4","Assam","1","B","CISF","N","EWS","0",14,14,14,NULL,NULL,NULL,NULL,"41N0","42.64635","10.75","8.5","2005-01-02",NULL,NULL,NULL,NULL
"4","Assam","1","B","CISF","N","SC","1",10,10,10,NULL,NULL,NULL,NULL,"41N1","63.84551","22","10.75","1999-08-14",NULL,NULL,NULL,NULL
"4","Assam","1","B","CISF","N","ST","2",16,16,16,NULL,NULL,NULL,NULL,"41N2","67.9951","30","9","2000-01-03",NULL,NULL,NULL,NULL
"4","Assam","1","B","CISF","N","ESM","3",14,14,14,NULL,NULL,NULL,NULL,"41N3",NULL,NULL,NULL,NULL,NULL,NULL,NULL,NULL
"4","Assam","1","B","CISF","N","OBC","6",37,37,37,NULL,NULL,NULL,NULL,"41N6","65.92348","29.25","11.75","2004-08-07",NULL,NULL,NULL,NULL
"4","Assam","1","B","CISF","N","UR","9",61,61,61,NULL,NULL,NULL,NULL,"41N9","67.09267","26.75","-0.25","2002-08-05",NULL,NULL,NULL,NULL
"4","Assam","1","C","CRPF","B","EWS","0",1,1,1,NULL,NULL,NULL,NULL,"41B0",NULL,NULL,NULL,NULL,NULL,NULL,NULL,NULL
"4","Assam","1","C","CRPF","B","SC","1",1,1,1,NULL,NULL,NULL,NULL,"41B1","61.31931","24.25","6.25","1998-07-20",NULL,NULL,NULL,NULL
"4","Assam","1","C","CRPF","B","ST","2",1,1,1,NULL,NULL,NULL,NULL,"41B2","66.07475","13","10.75","2000-08-15",NULL,NULL,NULL,NULL
"4","Assam","1","C","CRPF","B","ESM","3",1,1,1,NULL,NULL,NULL,NULL,"41B3",NULL,NULL,NULL,NULL,NULL,NULL,NULL,NULL
"4","Assam","1","C","CRPF","B","OBC","6",2,2,2,NULL,NULL,NULL,NULL,"41B6","62.19119","19.75","10.75","1999-03-09",NULL,NULL,NULL,NULL
"4","Assam","1","C","CRPF","B","UR","9",4,4,4,NULL,NULL,NULL,NULL,"41B9","64.08042","27","8.5","2003-07-31",NULL,NULL,NULL,NULL
"4","Assam","1","C","CRPF","G","EWS","0",1,1,1,NULL,NULL,NULL,NULL,"41G0",NULL,NULL,NULL,NULL,NULL,NULL,NULL,NULL
"4","Assam","1","C","CRPF","G","ST","2",1,1,1,NULL,NULL,NULL,NULL,"41G2","67.15069","27","7.5","2003-11-08",NULL,NULL,NULL,NULL
"4","Assam","1","C","CRPF","G","ESM","3",1,1,1,NULL,NULL,NULL,NULL,"41G3",NULL,NULL,NULL,NULL,NULL,NULL,NULL,NULL
"4","Assam","1","C","CRPF","G","OBC","6",2,2,2,NULL,NULL,NULL,NULL,"41G6","65.54592","27.25","8.75","2002-07-30",NULL,NULL,NULL,NULL
"4","Assam","1","C","CRPF","G","UR","9",3,3,3,NULL,NULL,NULL,NULL,"41G9","66.6678","17.5","13","2006-01-31",NULL,NULL,NULL,NULL
"4","Assam","1","C","CRPF","N","EWS","0",5,5,5,NULL,NULL,NULL,NULL,"41N0","42.64635","10.75","8.5","2005-01-02",NULL,NULL,NULL,NULL
"4","Assam","1","C","CRPF","N","SC","1",3,3,3,NULL,NULL,NULL,NULL,"41N1","63.84551","22","10.75","1999-08-14",NULL,NULL,NULL,NULL
"4","Assam","1","C","CRPF","N","ST","2",6,6,6,NULL,NULL,NULL,NULL,"41N2","67.9951","30","9","2000-01-03",NULL,NULL,NULL,NULL
"4","Assam","1","C","CRPF","N","ESM","3",5,5,5,NULL,NULL,NULL,NULL,"41N3",NULL,NULL,NULL,NULL,NULL,NULL,NULL,NULL
"4","Assam","1","C","CRPF","N","OBC","6",13,13,13,NULL,NULL,NULL,NULL,"41N6","65.92348","29.25","11.75","2004-08-07",NULL,NULL,NULL,NULL
"4","Assam","1","C","CRPF","N","UR","9",21,21,21,NULL,NULL,NULL,NULL,"41N9","67.09267","26.75","-0.25","2002-08-05",NULL,NULL,NULL,NULL
"4","Assam","1","E","ITBP","G","EWS","0",1,1,1,NULL,NULL,NULL,NULL,"41G0",NULL,NULL,NULL,NULL,NULL,NULL,NULL,NULL
"4","Assam","1","E","ITBP","G","ST","2",1,1,1,NULL,NULL,NULL,NULL,"41G2","67.15069","27","7.5","2003-11-08",NULL,NULL,NULL,NULL
"4","Assam","1","E","ITBP","G","ESM","3",1,1,1,NULL,NULL,NULL,NULL,"41G3",NULL,NULL,NULL,NULL,NULL,NULL,NULL,NULL
"4","Assam","1","E","ITBP","G","OBC","6",2,2,2,NULL,NULL,NULL,NULL,"41G6","65.54592","27.25","8.75","2002-07-30",NULL,NULL,NULL,NULL
"4","Assam","1","E","ITBP","G","UR","9",3,3,3,NULL,NULL,NULL,NULL,"41G9","66.6678","17.5","13","2006-01-31",NULL,NULL,NULL,NULL
"4","Assam","1","E","ITBP","N","EWS","0",4,4,4,NULL,NULL,NULL,NULL,"41N0","42.64635","10.75","8.5","2005-01-02",NULL,NULL,NULL,NULL
"4","Assam","1","E","ITBP","N","SC","1",3,3,3,NULL,NULL,NULL,NULL,"41N1","63.84551","22","10.75","1999-08-14",NULL,NULL,NULL,NULL
"4","Assam","1","E","ITBP","N","ST","2",5,5,5,NULL,NULL,NULL,NULL,"41N2","67.9951","30","9","2000-01-03",NULL,NULL,NULL,NULL
"4","Assam","1","E","ITBP","N","ESM","3",4,4,4,NULL,NULL,NULL,NULL,"41N3",NULL,NULL,NULL,NULL,NULL,NULL,NULL,NULL
"4","Assam","1","E","ITBP","N","OBC","6",11,11,11,NULL,NULL,NULL,NULL,"41N6","65.92348","29.25","11.75","2004-08-07",NULL,NULL,NULL,NULL
"4","Assam","1","E","ITBP","N","UR","9",17,17,17,NULL,NULL,NULL,NULL,"41N9","67.09267","26.75","-0.25","2002-08-05",NULL,NULL,NULL,NULL
"4","Assam","1","F","AR","G","UR","9",1,1,1,NULL,NULL,NULL,NULL,"41G9","66.6678","17.5","13","2006-01-31",NULL,NULL,NULL,NULL
"4","Assam","1","F","AR","N","EWS","0",1,1,1,NULL,NULL,NULL,NULL,"41N0","42.64635","10.75","8.5","2005-01-02",NULL,NULL,NULL,NULL
"4","Assam","1","F","AR","N","SC","1",1,1,1,NULL,NULL,NULL,NULL,"41N1","63.84551","22","10.75","1999-08-14",NULL,NULL,NULL,NULL
"4","Assam","1","F","AR","N","ST","2",1,1,1,NULL,NULL,NULL,NULL,"41N2","67.9951","30","9","2000-01-03",NULL,NULL,NULL,NULL
"4","Assam","1","F","AR","N","ESM","3",1,1,1,NULL,NULL,NULL,NULL,"41N3",NULL,NULL,NULL,NULL,NULL,NULL,NULL,NULL
"4","Assam","1","F","AR","N","OBC","6",2,2,2,NULL,NULL,NULL,NULL,"41N6","65.92348","29.25","11.75","2004-08-07",NULL,NULL,NULL,NULL
"4","Assam","1","F","AR","N","UR","9",4,4,4,NULL,NULL,NULL,NULL,"41N9","67.09267","26.75","-0.25","2002-08-05",NULL,NULL,NULL,NULL
"4","Assam","2","A","BSF","B","EWS","0",18,18,18,NULL,NULL,NULL,NULL,"42B0","93.01463","33.75","10.75","2004-06-05",NULL,NULL,NULL,NULL
"4","Assam","2","A","BSF","B","SC","1",13,13,13,NULL,NULL,NULL,NULL,"42B1","58.57047","24.5","10.75","1997-01-02",NULL,NULL,NULL,NULL
"4","Assam","2","A","BSF","B","ST","2",22,22,22,NULL,NULL,NULL,NULL,"42B2","59.83515","10.75","13","1998-11-30",NULL,NULL,NULL,NULL
"4","Assam","2","A","BSF","B","ESM","3",18,18,18,NULL,NULL,NULL,NULL,"42B3",NULL,NULL,NULL,NULL,NULL,NULL,NULL,NULL
"4","Assam","2","A","BSF","B","OBC","6",50,50,50,NULL,NULL,NULL,NULL,"42B6","54.72416","25.5","5.5","2004-01-01",NULL,NULL,NULL,NULL
"4","Assam","2","A","BSF","B","UR","9",81,81,81,NULL,NULL,NULL,NULL,"42B9","60.53075","16","18.25","2006-04-05",NULL,NULL,NULL,NULL
"4","Assam","2","A","BSF","G","EWS","0",17,17,17,NULL,NULL,NULL,NULL,"42G0","93.02184","31","6.25","2003-07-07",NULL,NULL,NULL,NULL
"4","Assam","2","A","BSF","G","SC","1",12,12,12,NULL,NULL,NULL,NULL,"42G1","60.56944","13","8.5","1999-05-10",NULL,NULL,NULL,NULL
"4","Assam","2","A","BSF","G","ST","2",21,21,21,NULL,NULL,NULL,NULL,"42G2","62.89006","19.75","10.75","2005-08-28",NULL,NULL,NULL,NULL
"4","Assam","2","A","BSF","G","ESM","3",17,17,17,NULL,NULL,NULL,NULL,"42G3",NULL,NULL,NULL,NULL,NULL,NULL,NULL,NULL
"4","Assam","2","A","BSF","G","OBC","6",46,46,46,NULL,NULL,NULL,NULL,"42G6","58.20016","20.25","15.25","2002-01-01",NULL,NULL,NULL,NULL
"4","Assam","2","A","BSF","G","UR","9",75,75,75,NULL,NULL,NULL,NULL,"42G9","65.53208","22.75","3.75","2006-02-06",NULL,NULL,NULL,NULL
"4","Assam","2","A","BSF","N","EWS","0",111,111,111,NULL,NULL,NULL,NULL,"42N0","40.47737","22","2","2003-12-30",NULL,NULL,NULL,NULL
"4","Assam","2","A","BSF","N","SC","1",78,78,78,NULL,NULL,NULL,NULL,"42N1","61.50163","13","8.5","1999-05-22",NULL,NULL,NULL,NULL
"4","Assam","2","A","BSF","N","ST","2",134,134,134,NULL,NULL,NULL,NULL,"42N2","63.93746","31","13","2004-01-17",NULL,NULL,NULL,NULL
"4","Assam","2","A","BSF","N","ESM","3",111,111,111,NULL,NULL,NULL,NULL,"42N3","39.34432","8.5","8.5","1976-05-07",NULL,NULL,NULL,NULL
"4","Assam","2","A","BSF","N","OBC","6",301,301,301,NULL,NULL,NULL,NULL,"42N6","59.25739","22.25","10.75","2000-07-26",NULL,NULL,NULL,NULL
"4","Assam","2","A","BSF","N","UR","9",490,490,490,NULL,NULL,NULL,NULL,"42N9","68.95066","33.25","4","2002-08-02",NULL,NULL,NULL,NULL
"4","Assam","2","B","CISF","B","EWS","0",21,21,21,NULL,NULL,NULL,NULL,"42B0","93.01463","33.75","10.75","2004-06-05",NULL,NULL,NULL,NULL
"4","Assam","2","B","CISF","B","SC","1",15,15,15,NULL,NULL,NULL,NULL,"42B1","58.57047","24.5","10.75","1997-01-02",NULL,NULL,NULL,NULL
"4","Assam","2","B","CISF","B","ST","2",26,26,26,NULL,NULL,NULL,NULL,"42B2","59.83515","10.75","13","1998-11-30",NULL,NULL,NULL,NULL
"4","Assam","2","B","CISF","B","OBC","6",57,57,57,NULL,NULL,NULL,NULL,"42B6","54.72416","25.5","5.5","2004-01-01",NULL,NULL,NULL,NULL
"4","Assam","2","B","CISF","B","UR","9",94,94,94,NULL,NULL,NULL,NULL,"42B9","60.53075","16","18.25","2006-04-05",NULL,NULL,NULL,NULL
"4","Assam","2","B","CISF","G","EWS","0",19,19,19,NULL,NULL,NULL,NULL,"42G0","93.02184","31","6.25","2003-07-07",NULL,NULL,NULL,NULL
"4","Assam","2","B","CISF","G","SC","1",13,13,13,NULL,NULL,NULL,NULL,"42G1","60.56944","13","8.5","1999-05-10",NULL,NULL,NULL,NULL
"4","Assam","2","B","CISF","G","ST","2",23,23,23,NULL,NULL,NULL,NULL,"42G2","62.89006","19.75","10.75","2005-08-28",NULL,NULL,NULL,NULL
"4","Assam","2","B","CISF","G","ESM","3",19,19,19,NULL,NULL,NULL,NULL,"42G3",NULL,NULL,NULL,NULL,NULL,NULL,NULL,NULL
"4","Assam","2","B","CISF","G","OBC","6",51,51,51,NULL,NULL,NULL,NULL,"42G6","58.20016","20.25","15.25","2002-01-01",NULL,NULL,NULL,NULL
"4","Assam","2","B","CISF","G","UR","9",84,84,84,NULL,NULL,NULL,NULL,"42G9","65.53208","22.75","3.75","2006-02-06",NULL,NULL,NULL,NULL
"4","Assam","2","B","CISF","N","EWS","0",125,125,125,NULL,NULL,NULL,NULL,"42N0","40.47737","22","2","2003-12-30",NULL,NULL,NULL,NULL
"4","Assam","2","B","CISF","N","SC","1",87,87,87,NULL,NULL,NULL,NULL,"42N1","61.50163","13","8.5","1999-05-22",NULL,NULL,NULL,NULL
"4","Assam","2","B","CISF","N","ST","2",149,149,149,NULL,NULL,NULL,NULL,"42N2","63.93746","31","13","2004-01-17",NULL,NULL,NULL,NULL
"4","Assam","2","B","CISF","N","ESM","3",124,124,124,NULL,NULL,NULL,NULL,"42N3","39.34432","8.5","8.5","1976-05-07",NULL,NULL,NULL,NULL
"4","Assam","2","B","CISF","N","OBC","6",336,336,336,NULL,NULL,NULL,NULL,"42N6","59.25739","22.25","10.75","2000-07-26",NULL,NULL,NULL,NULL
"4","Assam","2","B","CISF","N","UR","9",547,547,547,NULL,NULL,NULL,NULL,"42N9","68.95066","33.25","4","2002-08-02",NULL,NULL,NULL,NULL
"4","Assam","2","C","CRPF","B","EWS","0",21,21,21,NULL,NULL,NULL,NULL,"42B0","93.01463","33.75","10.75","2004-06-05",NULL,NULL,NULL,NULL
"4","Assam","2","C","CRPF","B","SC","1",14,14,14,NULL,NULL,NULL,NULL,"42B1","58.57047","24.5","10.75","1997-01-02",NULL,NULL,NULL,NULL
"4","Assam","2","C","CRPF","B","ST","2",25,25,25,NULL,NULL,NULL,NULL,"42B2","59.83515","10.75","13","1998-11-30",NULL,NULL,NULL,NULL
"4","Assam","2","C","CRPF","B","ESM","3",21,21,21,NULL,NULL,NULL,NULL,"42B3",NULL,NULL,NULL,NULL,NULL,NULL,NULL,NULL
"4","Assam","2","C","CRPF","B","OBC","6",56,56,56,NULL,NULL,NULL,NULL,"42B6","54.72416","25.5","5.5","2004-01-01",NULL,NULL,NULL,NULL
"4","Assam","2","C","CRPF","B","UR","9",91,91,91,NULL,NULL,NULL,NULL,"42B9","60.53075","16","18.25","2006-04-05",NULL,NULL,NULL,NULL
"4","Assam","2","C","CRPF","G","EWS","0",18,18,18,NULL,NULL,NULL,NULL,"42G0","93.02184","31","6.25","2003-07-07",NULL,NULL,NULL,NULL
"4","Assam","2","C","CRPF","G","SC","1",12,12,12,NULL,NULL,NULL,NULL,"42G1","60.56944","13","8.5","1999-05-10",NULL,NULL,NULL,NULL
"4","Assam","2","C","CRPF","G","ST","2",21,21,21,NULL,NULL,NULL,NULL,"42G2","62.89006","19.75","10.75","2005-08-28",NULL,NULL,NULL,NULL
"4","Assam","2","C","CRPF","G","ESM","3",18,18,18,NULL,NULL,NULL,NULL,"42G3",NULL,NULL,NULL,NULL,NULL,NULL,NULL,NULL
"4","Assam","2","C","CRPF","G","OBC","6",48,48,48,NULL,NULL,NULL,NULL,"42G6","58.20016","20.25","15.25","2002-01-01",NULL,NULL,NULL,NULL
"4","Assam","2","C","CRPF","G","UR","9",78,78,78,NULL,NULL,NULL,NULL,"42G9","65.53208","22.75","3.75","2006-02-06",NULL,NULL,NULL,NULL
"4","Assam","2","C","CRPF","N","EWS","0",115,115,115,NULL,NULL,NULL,NULL,"42N0","40.47737","22","2","2003-12-30",NULL,NULL,NULL,NULL
"4","Assam","2","C","CRPF","N","SC","1",81,81,81,NULL,NULL,NULL,NULL,"42N1","61.50163","13","8.5","1999-05-22",NULL,NULL,NULL,NULL
"4","Assam","2","C","CRPF","N","ST","2",138,138,138,NULL,NULL,NULL,NULL,"42N2","63.93746","31","13","2004-01-17",NULL,NULL,NULL,NULL
"4","Assam","2","C","CRPF","N","ESM","3",115,115,115,NULL,NULL,NULL,NULL,"42N3","39.34432","8.5","8.5","1976-05-07",NULL,NULL,NULL,NULL
"4","Assam","2","C","CRPF","N","OBC","6",311,311,311,NULL,NULL,NULL,NULL,"42N6","59.25739","22.25","10.75","2000-07-26",NULL,NULL,NULL,NULL
"4","Assam","2","C","CRPF","N","UR","9",507,507,507,NULL,NULL,NULL,NULL,"42N9","68.95066","33.25","4","2002-08-02",NULL,NULL,NULL,NULL
"4","Assam","2","D","SSB","B","EWS","0",1,1,1,NULL,NULL,NULL,NULL,"42B0","93.01463","33.75","10.75","2004-06-05",NULL,NULL,NULL,NULL
"4","Assam","2","D","SSB","B","SC","1",1,1,1,NULL,NULL,NULL,NULL,"42B1","58.57047","24.5","10.75","1997-01-02",NULL,NULL,NULL,NULL
"4","Assam","2","D","SSB","B","ST","2",2,2,2,NULL,NULL,NULL,NULL,"42B2","59.83515","10.75","13","1998-11-30",NULL,NULL,NULL,NULL
"4","Assam","2","D","SSB","B","ESM","3",1,1,1,NULL,NULL,NULL,NULL,"42B3",NULL,NULL,NULL,NULL,NULL,NULL,NULL,NULL
"4","Assam","2","D","SSB","B","OBC","6",4,4,4,NULL,NULL,NULL,NULL,"42B6","54.72416","25.5","5.5","2004-01-01",NULL,NULL,NULL,NULL
"4","Assam","2","D","SSB","B","UR","9",6,6,6,NULL,NULL,NULL,NULL,"42B9","60.53075","16","18.25","2006-04-05",NULL,NULL,NULL,NULL
"4","Assam","2","D","SSB","G","EWS","0",1,1,1,NULL,NULL,NULL,NULL,"42G0","93.02184","31","6.25","2003-07-07",NULL,NULL,NULL,NULL
"4","Assam","2","D","SSB","G","SC","1",1,1,1,NULL,NULL,NULL,NULL,"42G1","60.56944","13","8.5","1999-05-10",NULL,NULL,NULL,NULL
"4","Assam","2","D","SSB","G","ST","2",1,1,1,NULL,NULL,NULL,NULL,"42G2","62.89006","19.75","10.75","2005-08-28",NULL,NULL,NULL,NULL
"4","Assam","2","D","SSB","G","ESM","3",1,1,1,NULL,NULL,NULL,NULL,"42G3",NULL,NULL,NULL,NULL,NULL,NULL,NULL,NULL
"4","Assam","2","D","SSB","G","OBC","6",3,3,3,NULL,NULL,NULL,NULL,"42G6","58.20016","20.25","15.25","2002-01-01",NULL,NULL,NULL,NULL
"4","Assam","2","D","SSB","G","UR","9",5,5,5,NULL,NULL,NULL,NULL,"42G9","65.53208","22.75","3.75","2006-02-06",NULL,NULL,NULL,NULL
"4","Assam","2","D","SSB","N","EWS","0",7,7,7,NULL,NULL,NULL,NULL,"42N0","40.47737","22","2","2003-12-30",NULL,NULL,NULL,NULL
"4","Assam","2","D","SSB","N","SC","1",5,5,5,NULL,NULL,NULL,NULL,"42N1","61.50163","13","8.5","1999-05-22",NULL,NULL,NULL,NULL
"4","Assam","2","D","SSB","N","ST","2",8,8,8,NULL,NULL,NULL,NULL,"42N2","63.93746","31","13","2004-01-17",NULL,NULL,NULL,NULL
"4","Assam","2","D","SSB","N","ESM","3",7,7,7,NULL,NULL,NULL,NULL,"42N3","39.34432","8.5","8.5","1976-05-07",NULL,NULL,NULL,NULL
"4","Assam","2","D","SSB","N","OBC","6",19,19,19,NULL,NULL,NULL,NULL,"42N6","59.25739","22.25","10.75","2000-07-26",NULL,NULL,NULL,NULL
"4","Assam","2","D","SSB","N","UR","9",31,31,31,NULL,NULL,NULL,NULL,"42N9","68.95066","33.25","4","2002-08-02",NULL,NULL,NULL,NULL
"4","Assam","2","E","ITBP","G","EWS","0",3,3,3,NULL,NULL,NULL,NULL,"42G0","93.02184","31","6.25","2003-07-07",NULL,NULL,NULL,NULL
"4","Assam","2","E","ITBP","G","SC","1",2,2,2,NULL,NULL,NULL,NULL,"42G1","60.56944","13","8.5","1999-05-10",NULL,NULL,NULL,NULL
"4","Assam","2","E","ITBP","G","ST","2",4,4,4,NULL,NULL,NULL,NULL,"42G2","62.89006","19.75","10.75","2005-08-28",NULL,NULL,NULL,NULL
"4","Assam","2","E","ITBP","G","ESM","3",3,3,3,NULL,NULL,NULL,NULL,"42G3",NULL,NULL,NULL,NULL,NULL,NULL,NULL,NULL
"4","Assam","2","E","ITBP","G","OBC","6",9,9,9,NULL,NULL,NULL,NULL,"42G6","58.20016","20.25","15.25","2002-01-01",NULL,NULL,NULL,NULL
"4","Assam","2","E","ITBP","G","UR","9",15,15,15,NULL,NULL,NULL,NULL,"42G9","65.53208","22.75","3.75","2006-02-06",NULL,NULL,NULL,NULL
"4","Assam","2","E","ITBP","N","EWS","0",22,22,22,NULL,NULL,NULL,NULL,"42N0","40.47737","22","2","2003-12-30",NULL,NULL,NULL,NULL
"4","Assam","2","E","ITBP","N","SC","1",15,15,15,NULL,NULL,NULL,NULL,"42N1","61.50163","13","8.5","1999-05-22",NULL,NULL,NULL,NULL
"4","Assam","2","E","ITBP","N","ST","2",27,27,27,NULL,NULL,NULL,NULL,"42N2","63.93746","31","13","2004-01-17",NULL,NULL,NULL,NULL
"4","Assam","2","E","ITBP","N","ESM","3",22,22,22,NULL,NULL,NULL,NULL,"42N3","39.34432","8.5","8.5","1976-05-07",NULL,NULL,NULL,NULL
"4","Assam","2","E","ITBP","N","OBC","6",60,60,60,NULL,NULL,NULL,NULL,"42N6","59.25739","22.25","10.75","2000-07-26",NULL,NULL,NULL,NULL
"4","Assam","2","E","ITBP","N","UR","9",98,98,98,NULL,NULL,NULL,NULL,"42N9","68.95066","33.25","4","2002-08-02",NULL,NULL,NULL,NULL
"4","Assam","2","F","AR","G","EWS","0",1,1,1,NULL,NULL,NULL,NULL,"42G0","93.02184","31","6.25","2003-07-07",NULL,NULL,NULL,NULL
"4","Assam","2","F","AR","G","SC","1",1,1,1,NULL,NULL,NULL,NULL,"42G1","60.56944","13","8.5","1999-05-10",NULL,NULL,NULL,NULL
"4","Assam","2","F","AR","G","ST","2",2,2,2,NULL,NULL,NULL,NULL,"42G2","62.89006","19.75","10.75","2005-08-28",NULL,NULL,NULL,NULL
"4","Assam","2","F","AR","G","ESM","3",2,2,2,NULL,NULL,NULL,NULL,"42G3",NULL,NULL,NULL,NULL,NULL,NULL,NULL,NULL
"4","Assam","2","F","AR","G","OBC","6",4,4,4,NULL,NULL,NULL,NULL,"42G6","58.20016","20.25","15.25","2002-01-01",NULL,NULL,NULL,NULL
"4","Assam","2","F","AR","G","UR","9",7,7,7,NULL,NULL,NULL,NULL,"42G9","65.53208","22.75","3.75","2006-02-06",NULL,NULL,NULL,NULL
"4","Assam","2","F","AR","N","EWS","0",10,10,10,NULL,NULL,NULL,NULL,"42N0","40.47737","22","2","2003-12-30",NULL,NULL,NULL,NULL
"4","Assam","2","F","AR","N","SC","1",7,7,7,NULL,NULL,NULL,NULL,"42N1","61.50163","13","8.5","1999-05-22",NULL,NULL,NULL,NULL
"4","Assam","2","F","AR","N","ST","2",12,12,12,NULL,NULL,NULL,NULL,"42N2","63.93746","31","13","2004-01-17",NULL,NULL,NULL,NULL
"4","Assam","2","F","AR","N","ESM","3",10,10,10,NULL,NULL,NULL,NULL,"42N3","39.34432","8.5","8.5","1976-05-07",NULL,NULL,NULL,NULL
"4","Assam","2","F","AR","N","OBC","6",26,26,26,NULL,NULL,NULL,NULL,"42N6","59.25739","22.25","10.75","2000-07-26",NULL,NULL,NULL,NULL
"4","Assam","2","F","AR","N","UR","9",42,42,42,NULL,NULL,NULL,NULL,"42N9","68.95066","33.25","4","2002-08-02",NULL,NULL,NULL,NULL
"5","Bihar","1","A","BSF","G","EWS","0",10,10,10,NULL,NULL,NULL,NULL,"51G0","114.29686","33.25","19.75","2003-01-15",NULL,NULL,NULL,NULL
"5","Bihar","1","A","BSF","G","SC","1",16,16,16,NULL,NULL,NULL,NULL,"51G1","92.34092","35.5","4","2005-03-20",NULL,NULL,NULL,NULL
"5","Bihar","1","A","BSF","G","ST","2",1,1,1,NULL,NULL,NULL,NULL,"51G2","117.27576","38","16","2002-01-25",NULL,NULL,NULL,NULL
"5","Bihar","1","A","BSF","G","ESM","3",10,10,10,NULL,NULL,NULL,NULL,"51G3",NULL,NULL,NULL,NULL,NULL,NULL,NULL,NULL
"5","Bihar","1","A","BSF","G","OBC","6",27,27,27,NULL,NULL,NULL,NULL,"51G6","114.41333","29","25.25","2005-03-18",NULL,NULL,NULL,NULL
"5","Bihar","1","A","BSF","G","UR","9",47,47,47,NULL,NULL,NULL,NULL,"51G9","117.91767","35.75","13.5","2003-09-26",NULL,NULL,NULL,NULL
"5","Bihar","1","B","CISF","B","EWS","0",7,7,7,NULL,NULL,NULL,NULL,"51B0","94.00238","26.75","17.5","2003-04-26",NULL,NULL,NULL,NULL
"5","Bihar","1","B","CISF","B","SC","1",11,11,11,NULL,NULL,NULL,NULL,"51B1","73.85021","18.5","12","2001-02-20",NULL,NULL,NULL,NULL
"5","Bihar","1","B","CISF","B","ST","2",1,1,1,NULL,NULL,NULL,NULL,"51B2","124.36639","40","19.25","2002-12-23",NULL,NULL,NULL,NULL
"5","Bihar","1","B","CISF","B","ESM","3",7,7,7,NULL,NULL,NULL,NULL,"51B3",NULL,NULL,NULL,NULL,NULL,NULL,NULL,NULL
"5","Bihar","1","B","CISF","B","OBC","6",19,19,19,NULL,NULL,NULL,NULL,"51B6","96.37772","24.25","26.5","2003-09-18",NULL,NULL,NULL,NULL
"5","Bihar","1","B","CISF","B","UR","9",32,32,32,NULL,NULL,NULL,NULL,"51B9","101.16878","24.25","19.75","2004-01-20",NULL,NULL,NULL,NULL
"5","Bihar","1","B","CISF","G","EWS","0",7,7,7,NULL,NULL,NULL,NULL,"51G0","114.29686","33.25","19.75","2003-01-15",NULL,NULL,NULL,NULL
"5","Bihar","1","B","CISF","G","SC","1",11,11,11,NULL,NULL,NULL,NULL,"51G1","92.34092","35.5","4","2005-03-20",NULL,NULL,NULL,NULL
"5","Bihar","1","B","CISF","G","ST","2",1,1,1,NULL,NULL,NULL,NULL,"51G2","117.27576","38","16","2002-01-25",NULL,NULL,NULL,NULL
"5","Bihar","1","B","CISF","G","ESM","3",7,7,7,NULL,NULL,NULL,NULL,"51G3",NULL,NULL,NULL,NULL,NULL,NULL,NULL,NULL
"5","Bihar","1","B","CISF","G","OBC","6",20,20,20,NULL,NULL,NULL,NULL,"51G6","114.41333","29","25.25","2005-03-18",NULL,NULL,NULL,NULL
"5","Bihar","1","B","CISF","G","UR","9",33,33,33,NULL,NULL,NULL,NULL,"51G9","117.91767","35.75","13.5","2003-09-26",NULL,NULL,NULL,NULL
"5","Bihar","1","C","CRPF","B","EWS","0",2,2,2,NULL,NULL,NULL,NULL,"51B0","94.00238","26.75","17.5","2003-04-26",NULL,NULL,NULL,NULL
"5","Bihar","1","C","CRPF","B","SC","1",4,4,4,NULL,NULL,NULL,NULL,"51B1","73.85021","18.5","12","2001-02-20",NULL,NULL,NULL,NULL
"5","Bihar","1","C","CRPF","B","ESM","3",2,2,2,NULL,NULL,NULL,NULL,"51B3",NULL,NULL,NULL,NULL,NULL,NULL,NULL,NULL
"5","Bihar","1","C","CRPF","B","OBC","6",6,6,6,NULL,NULL,NULL,NULL,"51B6","96.37772","24.25","26.5","2003-09-18",NULL,NULL,NULL,NULL
"5","Bihar","1","C","CRPF","B","UR","9",12,12,12,NULL,NULL,NULL,NULL,"51B9","101.16878","24.25","19.75","2004-01-20",NULL,NULL,NULL,NULL
"5","Bihar","1","C","CRPF","G","EWS","0",3,3,3,NULL,NULL,NULL,NULL,"51G0","114.29686","33.25","19.75","2003-01-15",NULL,NULL,NULL,NULL
"5","Bihar","1","C","CRPF","G","SC","1",4,4,4,NULL,NULL,NULL,NULL,"51G1","92.34092","35.5","4","2005-03-20",NULL,NULL,NULL,NULL
"5","Bihar","1","C","CRPF","G","ESM","3",3,3,3,NULL,NULL,NULL,NULL,"51G3",NULL,NULL,NULL,NULL,NULL,NULL,NULL,NULL
"5","Bihar","1","C","CRPF","G","OBC","6",7,7,7,NULL,NULL,NULL,NULL,"51G6","114.41333","29","25.25","2005-03-18",NULL,NULL,NULL,NULL
"5","Bihar","1","C","CRPF","G","UR","9",11,11,11,NULL,NULL,NULL,NULL,"51G9","117.91767","35.75","13.5","2003-09-26",NULL,NULL,NULL,NULL
"5","Bihar","1","E","ITBP","G","EWS","0",2,2,2,NULL,NULL,NULL,NULL,"51G0","114.29686","33.25","19.75","2003-01-15",NULL,NULL,NULL,NULL
"5","Bihar","1","E","ITBP","G","SC","1",3,3,3,NULL,NULL,NULL,NULL,"51G1","92.34092","35.5","4","2005-03-20",NULL,NULL,NULL,NULL
"5","Bihar","1","E","ITBP","G","ESM","3",2,2,2,NULL,NULL,NULL,NULL,"51G3",NULL,NULL,NULL,NULL,NULL,NULL,NULL,NULL
"5","Bihar","1","E","ITBP","G","OBC","6",5,5,5,NULL,NULL,NULL,NULL,"51G6","114.41333","29","25.25","2005-03-18",NULL,NULL,NULL,NULL
"5","Bihar","1","E","ITBP","G","UR","9",9,9,9,NULL,NULL,NULL,NULL,"51G9","117.91767","35.75","13.5","2003-09-26",NULL,NULL,NULL,NULL
"5","Bihar","1","F","AR","G","SC","1",1,1,1,NULL,NULL,NULL,NULL,"51G1","92.34092","35.5","4","2005-03-20",NULL,NULL,NULL,NULL
"5","Bihar","1","F","AR","G","OBC","6",1,1,1,NULL,NULL,NULL,NULL,"51G6","114.41333","29","25.25","2005-03-18",NULL,NULL,NULL,NULL
"5","Bihar","1","F","AR","G","UR","9",2,2,2,NULL,NULL,NULL,NULL,"51G9","117.91767","35.75","13.5","2003-09-26",NULL,NULL,NULL,NULL
"5","Bihar","2","A","BSF","G","EWS","0",57,57,57,NULL,NULL,NULL,NULL,"52G0","118.37284","31","15.25","2002-03-06",NULL,NULL,NULL,NULL
"5","Bihar","2","A","BSF","G","SC","1",92,92,92,NULL,NULL,NULL,NULL,"52G1","103.17666","25.5","10.75","2001-02-10",NULL,NULL,NULL,NULL
"5","Bihar","2","A","BSF","G","ST","2",6,6,6,NULL,NULL,NULL,NULL,"52G2","118.32486","35.5","17.5","2000-01-03",NULL,NULL,NULL,NULL
"5","Bihar","2","A","BSF","G","ESM","3",57,57,57,NULL,NULL,NULL,NULL,"52G3","33.68036","1.75","10.5","1978-02-20",NULL,NULL,NULL,NULL
"5","Bihar","2","A","BSF","G","OBC","6",154,154,154,NULL,NULL,NULL,NULL,"52G6","121.53639","37.75","22","2004-04-23",NULL,NULL,NULL,NULL
"5","Bihar","2","A","BSF","G","UR","9",263,263,263,NULL,NULL,NULL,NULL,"52G9","122.13773","40","19.75","2004-03-01",NULL,NULL,NULL,NULL
"5","Bihar","2","B","CISF","B","EWS","0",62,62,62,NULL,NULL,NULL,NULL,"52B0","85.05999","27.25","-1.25","2004-04-05",NULL,NULL,NULL,NULL
"5","Bihar","2","B","CISF","B","SC","1",100,100,100,NULL,NULL,NULL,NULL,"52B1","75.37083","22","10.75","2004-12-11",NULL,NULL,NULL,NULL
"5","Bihar","2","B","CISF","B","ST","2",6,6,6,NULL,NULL,NULL,NULL,"52B2","117.29062","37.75","13","2000-09-18",NULL,NULL,NULL,NULL
"5","Bihar","2","B","CISF","B","ESM","3",63,63,63,NULL,NULL,NULL,NULL,"52B3","53.97017","26.75","3.75","1987-02-01",NULL,NULL,NULL,NULL
"5","Bihar","2","B","CISF","B","OBC","6",169,169,169,NULL,NULL,NULL,NULL,"52B6","99.62748","33.25","15.25","2003-07-05",NULL,NULL,NULL,NULL
"5","Bihar","2","B","CISF","B","UR","9",288,288,288,NULL,NULL,NULL,NULL,"52B9","103.24431","33.5","13","2006-05-15",NULL,NULL,NULL,NULL
"5","Bihar","2","B","CISF","G","EWS","0",63,63,63,NULL,NULL,NULL,NULL,"52G0","118.37284","31","15.25","2002-03-06",NULL,NULL,NULL,NULL
"5","Bihar","2","B","CISF","G","SC","1",102,102,102,NULL,NULL,NULL,NULL,"52G1","103.17666","25.5","10.75","2001-02-10",NULL,NULL,NULL,NULL
"5","Bihar","2","B","CISF","G","ST","2",6,6,6,NULL,NULL,NULL,NULL,"52G2","118.32486","35.5","17.5","2000-01-03",NULL,NULL,NULL,NULL
"5","Bihar","2","B","CISF","G","ESM","3",63,63,63,NULL,NULL,NULL,NULL,"52G3","33.68036","1.75","10.5","1978-02-20",NULL,NULL,NULL,NULL
"5","Bihar","2","B","CISF","G","OBC","6",171,171,171,NULL,NULL,NULL,NULL,"52G6","121.53639","37.75","22","2004-04-23",NULL,NULL,NULL,NULL
"5","Bihar","2","B","CISF","G","UR","9",292,292,292,NULL,NULL,NULL,NULL,"52G9","122.13773","40","19.75","2004-03-01",NULL,NULL,NULL,NULL
"5","Bihar","2","C","CRPF","B","EWS","0",58,58,58,NULL,NULL,NULL,NULL,"52B0","85.05999","27.25","-1.25","2004-04-05",NULL,NULL,NULL,NULL
"5","Bihar","2","C","CRPF","B","SC","1",93,93,93,NULL,NULL,NULL,NULL,"52B1","75.37083","22","10.75","2004-12-11",NULL,NULL,NULL,NULL
"5","Bihar","2","C","CRPF","B","ST","2",6,6,6,NULL,NULL,NULL,NULL,"52B2","117.29062","37.75","13","2000-09-18",NULL,NULL,NULL,NULL
"5","Bihar","2","C","CRPF","B","ESM","3",58,58,58,NULL,NULL,NULL,NULL,"52B3","53.97017","26.75","3.75","1987-02-01",NULL,NULL,NULL,NULL
"5","Bihar","2","C","CRPF","B","OBC","6",157,157,157,NULL,NULL,NULL,NULL,"52B6","99.62748","33.25","15.25","2003-07-05",NULL,NULL,NULL,NULL
"5","Bihar","2","C","CRPF","B","UR","9",266,266,266,NULL,NULL,NULL,NULL,"52B9","103.24431","33.5","13","2006-05-15",NULL,NULL,NULL,NULL
"5","Bihar","2","C","CRPF","G","EWS","0",59,59,59,NULL,NULL,NULL,NULL,"52G0","118.37284","31","15.25","2002-03-06",NULL,NULL,NULL,NULL
"5","Bihar","2","C","CRPF","G","SC","1",95,95,95,NULL,NULL,NULL,NULL,"52G1","103.17666","25.5","10.75","2001-02-10",NULL,NULL,NULL,NULL
"5","Bihar","2","C","CRPF","G","ST","2",6,6,6,NULL,NULL,NULL,NULL,"52G2","118.32486","35.5","17.5","2000-01-03",NULL,NULL,NULL,NULL
"5","Bihar","2","C","CRPF","G","ESM","3",59,59,59,NULL,NULL,NULL,NULL,"52G3","33.68036","1.75","10.5","1978-02-20",NULL,NULL,NULL,NULL
"5","Bihar","2","C","CRPF","G","OBC","6",160,160,160,NULL,NULL,NULL,NULL,"52G6","121.53639","37.75","22","2004-04-23",NULL,NULL,NULL,NULL
"5","Bihar","2","C","CRPF","G","UR","9",271,271,271,NULL,NULL,NULL,NULL,"52G9","122.13773","40","19.75","2004-03-01",NULL,NULL,NULL,NULL
"5","Bihar","2","D","SSB","B","EWS","0",9,9,9,NULL,NULL,NULL,NULL,"52B0","85.05999","27.25","-1.25","2004-04-05",NULL,NULL,NULL,NULL
"5","Bihar","2","D","SSB","B","SC","1",14,14,14,NULL,NULL,NULL,NULL,"52B1","75.37083","22","10.75","2004-12-11",NULL,NULL,NULL,NULL
"5","Bihar","2","D","SSB","B","ST","2",1,1,1,NULL,NULL,NULL,NULL,"52B2","117.29062","37.75","13","2000-09-18",NULL,NULL,NULL,NULL
"5","Bihar","2","D","SSB","B","ESM","3",9,9,9,NULL,NULL,NULL,NULL,"52B3","53.97017","26.75","3.75","1987-02-01",NULL,NULL,NULL,NULL
"5","Bihar","2","D","SSB","B","OBC","6",24,24,24,NULL,NULL,NULL,NULL,"52B6","99.62748","33.25","15.25","2003-07-05",NULL,NULL,NULL,NULL
"5","Bihar","2","D","SSB","B","UR","9",42,42,42,NULL,NULL,NULL,NULL,"52B9","103.24431","33.5","13","2006-05-15",NULL,NULL,NULL,NULL
"5","Bihar","2","D","SSB","G","EWS","0",4,4,4,NULL,NULL,NULL,NULL,"52G0","118.37284","31","15.25","2002-03-06",NULL,NULL,NULL,NULL
"5","Bihar","2","D","SSB","G","SC","1",6,6,6,NULL,NULL,NULL,NULL,"52G1","103.17666","25.5","10.75","2001-02-10",NULL,NULL,NULL,NULL
"5","Bihar","2","D","SSB","G","ESM","3",4,4,4,NULL,NULL,NULL,NULL,"52G3","33.68036","1.75","10.5","1978-02-20",NULL,NULL,NULL,NULL
"5","Bihar","2","D","SSB","G","OBC","6",9,9,9,NULL,NULL,NULL,NULL,"52G6","121.53639","37.75","22","2004-04-23",NULL,NULL,NULL,NULL
"5","Bihar","2","D","SSB","G","UR","9",16,16,16,NULL,NULL,NULL,NULL,"52G9","122.13773","40","19.75","2004-03-01",NULL,NULL,NULL,NULL
"5","Bihar","2","E","ITBP","G","EWS","0",11,11,11,NULL,NULL,NULL,NULL,"52G0","118.37284","31","15.25","2002-03-06",NULL,NULL,NULL,NULL
"5","Bihar","2","E","ITBP","G","SC","1",18,18,18,NULL,NULL,NULL,NULL,"52G1","103.17666","25.5","10.75","2001-02-10",NULL,NULL,NULL,NULL
"5","Bihar","2","E","ITBP","G","ST","2",1,1,1,NULL,NULL,NULL,NULL,"52G2","118.32486","35.5","17.5","2000-01-03",NULL,NULL,NULL,NULL
"5","Bihar","2","E","ITBP","G","ESM","3",11,11,11,NULL,NULL,NULL,NULL,"52G3","33.68036","1.75","10.5","1978-02-20",NULL,NULL,NULL,NULL
"5","Bihar","2","E","ITBP","G","OBC","6",30,30,30,NULL,NULL,NULL,NULL,"52G6","121.53639","37.75","22","2004-04-23",NULL,NULL,NULL,NULL
"5","Bihar","2","E","ITBP","G","UR","9",51,51,51,NULL,NULL,NULL,NULL,"52G9","122.13773","40","19.75","2004-03-01",NULL,NULL,NULL,NULL
"5","Bihar","2","F","AR","G","EWS","0",5,5,5,NULL,NULL,NULL,NULL,"52G0","118.37284","31","15.25","2002-03-06",NULL,NULL,NULL,NULL
"5","Bihar","2","F","AR","G","SC","1",8,8,8,NULL,NULL,NULL,NULL,"52G1","103.17666","25.5","10.75","2001-02-10",NULL,NULL,NULL,NULL
"5","Bihar","2","F","AR","G","ESM","3",5,5,5,NULL,NULL,NULL,NULL,"52G3","33.68036","1.75","10.5","1978-02-20",NULL,NULL,NULL,NULL
"5","Bihar","2","F","AR","G","OBC","6",13,13,13,NULL,NULL,NULL,NULL,"52G6","121.53639","37.75","22","2004-04-23",NULL,NULL,NULL,NULL
"5","Bihar","2","F","AR","G","UR","9",23,23,23,NULL,NULL,NULL,NULL,"52G9","122.13773","40","19.75","2004-03-01",NULL,NULL,NULL,NULL
"6","Chandigarh","1","A","BSF","G","UR","9",1,1,1,NULL,NULL,NULL,NULL,"61G9","91.83116","33.5","15.5","2002-05-23",NULL,NULL,NULL,NULL
"6","Chandigarh","1","B","CISF","G","UR","9",1,1,1,NULL,NULL,NULL,NULL,"61G9","91.83116","33.5","15.5","2002-05-23",NULL,NULL,NULL,NULL
"6","Chandigarh","2","A","BSF","G","EWS","0",1,1,1,NULL,NULL,NULL,NULL,"62G0","70.8926","24.5","11","2004-06-20",NULL,NULL,NULL,NULL
"6","Chandigarh","2","A","BSF","G","SC","1",1,1,1,NULL,NULL,NULL,NULL,"62G1","70.65945","31.75","15.25","2004-01-07",NULL,NULL,NULL,NULL
"6","Chandigarh","2","A","BSF","G","ESM","3",1,1,1,NULL,NULL,NULL,NULL,"62G3",NULL,NULL,NULL,NULL,NULL,NULL,NULL,NULL
"6","Chandigarh","2","A","BSF","G","OBC","6",1,1,1,NULL,NULL,NULL,NULL,"62G6","79.79049","28.75","10.75","2004-09-17",NULL,NULL,NULL,NULL
"6","Chandigarh","2","A","BSF","G","UR","9",3,3,3,NULL,NULL,NULL,NULL,"62G9","77.92882","31.5","5.75","2005-12-04",NULL,NULL,NULL,NULL
"6","Chandigarh","2","B","CISF","G","SC","1",1,1,1,NULL,NULL,NULL,NULL,"62G1","70.65945","31.75","15.25","2004-01-07",NULL,NULL,NULL,NULL
"6","Chandigarh","2","B","CISF","G","ESM","3",1,1,1,NULL,NULL,NULL,NULL,"62G3",NULL,NULL,NULL,NULL,NULL,NULL,NULL,NULL
"6","Chandigarh","2","B","CISF","G","OBC","6",2,2,2,NULL,NULL,NULL,NULL,"62G6","79.79049","28.75","10.75","2004-09-17",NULL,NULL,NULL,NULL
"6","Chandigarh","2","B","CISF","G","UR","9",3,3,3,NULL,NULL,NULL,NULL,"62G9","77.92882","31.5","5.75","2005-12-04",NULL,NULL,NULL,NULL
"6","Chandigarh","2","C","CRPF","G","EWS","0",1,1,1,NULL,NULL,NULL,NULL,"62G0","70.8926","24.5","11","2004-06-20",NULL,NULL,NULL,NULL
"6","Chandigarh","2","C","CRPF","G","SC","1",1,1,1,NULL,NULL,NULL,NULL,"62G1","70.65945","31.75","15.25","2004-01-07",NULL,NULL,NULL,NULL
"6","Chandigarh","2","C","CRPF","G","ESM","3",1,1,1,NULL,NULL,NULL,NULL,"62G3",NULL,NULL,NULL,NULL,NULL,NULL,NULL,NULL
"6","Chandigarh","2","C","CRPF","G","OBC","6",2,2,2,NULL,NULL,NULL,NULL,"62G6","79.79049","28.75","10.75","2004-09-17",NULL,NULL,NULL,NULL
"6","Chandigarh","2","C","CRPF","G","UR","9",2,2,2,NULL,NULL,NULL,NULL,"62G9","77.92882","31.5","5.75","2005-12-04",NULL,NULL,NULL,NULL
"6","Chandigarh","2","E","ITBP","G","UR","9",1,1,1,NULL,NULL,NULL,NULL,"62G9","77.92882","31.5","5.75","2005-12-04",NULL,NULL,NULL,NULL
"6","Chandigarh","2","F","AR","G","UR","9",1,1,1,NULL,NULL,NULL,NULL,"62G9","77.92882","31.5","5.75","2005-12-04",NULL,NULL,NULL,NULL
"7","Chhattisgarh","1","A","BSF","G","EWS","0",3,3,3,NULL,NULL,NULL,NULL,"71G0","70.99059","17.5","10.75","2004-03-05",NULL,NULL,NULL,NULL
"7","Chhattisgarh","1","A","BSF","G","SC","1",3,3,3,NULL,NULL,NULL,NULL,"71G1","98.08485","35.5","11.25","2005-06-06",NULL,NULL,NULL,NULL
"7","Chhattisgarh","1","A","BSF","G","ST","2",8,8,8,NULL,NULL,NULL,NULL,"71G2","93.7834","24.25","15.75","2001-12-09",NULL,NULL,NULL,NULL
"7","Chhattisgarh","1","A","BSF","G","ESM","3",3,3,3,NULL,NULL,NULL,NULL,"71G3",NULL,NULL,NULL,NULL,NULL,NULL,NULL,NULL
"7","Chhattisgarh","1","A","BSF","G","OBC","6",1,1,1,NULL,NULL,NULL,NULL,"71G6","117.11531","35.5","22","2000-08-31",NULL,NULL,NULL,NULL
"7","Chhattisgarh","1","A","BSF","G","UR","9",10,10,10,NULL,NULL,NULL,NULL,"71G9","105.40166","31","26.5","2002-05-19",NULL,NULL,NULL,NULL
"7","Chhattisgarh","1","A","BSF","N","EWS","0",6,6,6,NULL,NULL,NULL,NULL,"71N0","48.28985","14.25","6","2002-04-13",NULL,NULL,NULL,NULL
"7","Chhattisgarh","1","A","BSF","N","SC","1",7,7,7,NULL,NULL,NULL,NULL,"71N1","68.90235","20","6.5","2001-06-30",NULL,NULL,NULL,NULL
"7","Chhattisgarh","1","A","BSF","N","ST","2",19,19,19,NULL,NULL,NULL,NULL,"71N2","82.57075","27","16.5","1998-05-28",NULL,NULL,NULL,NULL
"7","Chhattisgarh","1","A","BSF","N","ESM","3",6,6,6,NULL,NULL,NULL,NULL,"71N3",NULL,NULL,NULL,NULL,NULL,NULL,NULL,NULL
"7","Chhattisgarh","1","A","BSF","N","OBC","6",3,3,3,NULL,NULL,NULL,NULL,"71N6","104.59384","35.5","19.75","2001-09-26",NULL,NULL,NULL,NULL
"7","Chhattisgarh","1","A","BSF","N","UR","9",23,23,23,NULL,NULL,NULL,NULL,"71N9","80.93509","28.75","8.5","2003-07-06",NULL,NULL,NULL,NULL
"7","Chhattisgarh","1","B","CISF","G","EWS","0",2,2,2,NULL,NULL,NULL,NULL,"71G0","70.99059","17.5","10.75","2004-03-05",NULL,NULL,NULL,NULL
"7","Chhattisgarh","1","B","CISF","G","SC","1",2,2,2,NULL,NULL,NULL,NULL,"71G1","98.08485","35.5","11.25","2005-06-06",NULL,NULL,NULL,NULL
"7","Chhattisgarh","1","B","CISF","G","ST","2",5,5,5,NULL,NULL,NULL,NULL,"71G2","93.7834","24.25","15.75","2001-12-09",NULL,NULL,NULL,NULL
"7","Chhattisgarh","1","B","CISF","G","ESM","3",2,2,2,NULL,NULL,NULL,NULL,"71G3",NULL,NULL,NULL,NULL,NULL,NULL,NULL,NULL
"7","Chhattisgarh","1","B","CISF","G","OBC","6",1,1,1,NULL,NULL,NULL,NULL,"71G6","117.11531","35.5","22","2000-08-31",NULL,NULL,NULL,NULL
"7","Chhattisgarh","1","B","CISF","G","UR","9",7,7,7,NULL,NULL,NULL,NULL,"71G9","105.40166","31","26.5","2002-05-19",NULL,NULL,NULL,NULL
"7","Chhattisgarh","1","B","CISF","N","EWS","0",4,4,4,NULL,NULL,NULL,NULL,"71N0","48.28985","14.25","6","2002-04-13",NULL,NULL,NULL,NULL
"7","Chhattisgarh","1","B","CISF","N","SC","1",5,5,5,NULL,NULL,NULL,NULL,"71N1","68.90235","20","6.5","2001-06-30",NULL,NULL,NULL,NULL
"7","Chhattisgarh","1","B","CISF","N","ST","2",12,12,12,NULL,NULL,NULL,NULL,"71N2","82.57075","27","16.5","1998-05-28",NULL,NULL,NULL,NULL
"7","Chhattisgarh","1","B","CISF","N","ESM","3",4,4,4,NULL,NULL,NULL,NULL,"71N3",NULL,NULL,NULL,NULL,NULL,NULL,NULL,NULL
"7","Chhattisgarh","1","B","CISF","N","OBC","6",2,2,2,NULL,NULL,NULL,NULL,"71N6","104.59384","35.5","19.75","2001-09-26",NULL,NULL,NULL,NULL
"7","Chhattisgarh","1","B","CISF","N","UR","9",16,16,16,NULL,NULL,NULL,NULL,"71N9","80.93509","28.75","8.5","2003-07-06",NULL,NULL,NULL,NULL
"7","Chhattisgarh","1","C","CRPF","G","EWS","0",1,1,1,NULL,NULL,NULL,NULL,"71G0","70.99059","17.5","10.75","2004-03-05",NULL,NULL,NULL,NULL
"7","Chhattisgarh","1","C","CRPF","G","SC","1",1,1,1,NULL,NULL,NULL,NULL,"71G1","98.08485","35.5","11.25","2005-06-06",NULL,NULL,NULL,NULL
"7","Chhattisgarh","1","C","CRPF","G","ST","2",2,2,2,NULL,NULL,NULL,NULL,"71G2","93.7834","24.25","15.75","2001-12-09",NULL,NULL,NULL,NULL
"7","Chhattisgarh","1","C","CRPF","G","ESM","3",1,1,1,NULL,NULL,NULL,NULL,"71G3",NULL,NULL,NULL,NULL,NULL,NULL,NULL,NULL
"7","Chhattisgarh","1","C","CRPF","G","UR","9",2,2,2,NULL,NULL,NULL,NULL,"71G9","105.40166","31","26.5","2002-05-19",NULL,NULL,NULL,NULL
"7","Chhattisgarh","1","C","CRPF","N","EWS","0",1,1,1,NULL,NULL,NULL,NULL,"71N0","48.28985","14.25","6","2002-04-13",NULL,NULL,NULL,NULL
"7","Chhattisgarh","1","C","CRPF","N","SC","1",2,2,2,NULL,NULL,NULL,NULL,"71N1","68.90235","20","6.5","2001-06-30",NULL,NULL,NULL,NULL
"7","Chhattisgarh","1","C","CRPF","N","ST","2",4,4,4,NULL,NULL,NULL,NULL,"71N2","82.57075","27","16.5","1998-05-28",NULL,NULL,NULL,NULL
"7","Chhattisgarh","1","C","CRPF","N","ESM","3",1,1,1,NULL,NULL,NULL,NULL,"71N3",NULL,NULL,NULL,NULL,NULL,NULL,NULL,NULL
"7","Chhattisgarh","1","C","CRPF","N","OBC","6",1,1,1,NULL,NULL,NULL,NULL,"71N6","104.59384","35.5","19.75","2001-09-26",NULL,NULL,NULL,NULL
"7","Chhattisgarh","1","C","CRPF","N","UR","9",5,5,5,NULL,NULL,NULL,NULL,"71N9","80.93509","28.75","8.5","2003-07-06",NULL,NULL,NULL,NULL
"7","Chhattisgarh","1","E","ITBP","G","SC","1",1,1,1,NULL,NULL,NULL,NULL,"71G1","98.08485","35.5","11.25","2005-06-06",NULL,NULL,NULL,NULL
"7","Chhattisgarh","1","E","ITBP","G","ST","2",2,2,2,NULL,NULL,NULL,NULL,"71G2","93.7834","24.25","15.75","2001-12-09",NULL,NULL,NULL,NULL
"7","Chhattisgarh","1","E","ITBP","G","ESM","3",1,1,1,NULL,NULL,NULL,NULL,"71G3",NULL,NULL,NULL,NULL,NULL,NULL,NULL,NULL
"7","Chhattisgarh","1","E","ITBP","G","UR","9",2,2,2,NULL,NULL,NULL,NULL,"71G9","105.40166","31","26.5","2002-05-19",NULL,NULL,NULL,NULL
"7","Chhattisgarh","1","E","ITBP","N","EWS","0",1,1,1,NULL,NULL,NULL,NULL,"71N0","48.28985","14.25","6","2002-04-13",NULL,NULL,NULL,NULL
"7","Chhattisgarh","1","E","ITBP","N","SC","1",1,1,1,NULL,NULL,NULL,NULL,"71N1","68.90235","20","6.5","2001-06-30",NULL,NULL,NULL,NULL
"7","Chhattisgarh","1","E","ITBP","N","ST","2",4,4,4,NULL,NULL,NULL,NULL,"71N2","82.57075","27","16.5","1998-05-28",NULL,NULL,NULL,NULL
"7","Chhattisgarh","1","E","ITBP","N","ESM","3",1,1,1,NULL,NULL,NULL,NULL,"71N3",NULL,NULL,NULL,NULL,NULL,NULL,NULL,NULL
"7","Chhattisgarh","1","E","ITBP","N","OBC","6",1,1,1,NULL,NULL,NULL,NULL,"71N6","104.59384","35.5","19.75","2001-09-26",NULL,NULL,NULL,NULL
"7","Chhattisgarh","1","E","ITBP","N","UR","9",5,5,5,NULL,NULL,NULL,NULL,"71N9","80.93509","28.75","8.5","2003-07-06",NULL,NULL,NULL,NULL
"7","Chhattisgarh","1","F","AR","G","UR","9",1,1,1,NULL,NULL,NULL,NULL,"71G9","105.40166","31","26.5","2002-05-19",NULL,NULL,NULL,NULL
"7","Chhattisgarh","1","F","AR","N","ST","2",1,1,1,NULL,NULL,NULL,NULL,"71N2","82.57075","27","16.5","1998-05-28",NULL,NULL,NULL,NULL
"7","Chhattisgarh","1","F","AR","N","UR","9",1,1,1,NULL,NULL,NULL,NULL,"71N9","80.93509","28.75","8.5","2003-07-06",NULL,NULL,NULL,NULL
"7","Chhattisgarh","2","A","BSF","G","EWS","0",14,14,14,NULL,NULL,NULL,NULL,"72G0","73.59123","33.25","9","2002-02-24",NULL,NULL,NULL,NULL
"7","Chhattisgarh","2","A","BSF","G","SC","1",17,17,17,NULL,NULL,NULL,NULL,"72G1","80.61862","29.25","22","2001-01-31",NULL,NULL,NULL,NULL
"7","Chhattisgarh","2","A","BSF","G","ST","2",45,45,45,NULL,NULL,NULL,NULL,"72G2","86.4526","18","18","1999-06-01",NULL,NULL,NULL,NULL
"7","Chhattisgarh","2","A","BSF","G","ESM","3",14,14,14,NULL,NULL,NULL,NULL,"72G3",NULL,NULL,NULL,NULL,NULL,NULL,NULL,NULL
"7","Chhattisgarh","2","A","BSF","G","OBC","6",8,8,8,NULL,NULL,NULL,NULL,"72G6","111.16696","31.75","12.25","2001-09-20",NULL,NULL,NULL,NULL
"7","Chhattisgarh","2","A","BSF","G","UR","9",56,56,56,NULL,NULL,NULL,NULL,"72G9","89.11271","28.75","12.25","2005-04-11",NULL,NULL,NULL,NULL
"7","Chhattisgarh","2","A","BSF","N","EWS","0",33,33,33,NULL,NULL,NULL,NULL,"72N0","42.05861","22.25","3","2003-05-05",NULL,NULL,NULL,NULL
"7","Chhattisgarh","2","A","BSF","N","SC","1",39,39,39,NULL,NULL,NULL,NULL,"72N1","32.28789","15.25","-0.5","1998-03-14",NULL,NULL,NULL,NULL
"7","Chhattisgarh","2","A","BSF","N","ST","2",106,106,106,NULL,NULL,NULL,NULL,"72N2","71.92222","19.75","10.75","2003-06-16",NULL,NULL,NULL,NULL
"7","Chhattisgarh","2","A","BSF","N","ESM","3",33,33,33,NULL,NULL,NULL,NULL,"72N3","56.30813","3.5","20.25","1985-07-06",NULL,NULL,NULL,NULL
"7","Chhattisgarh","2","A","BSF","N","OBC","6",20,20,20,NULL,NULL,NULL,NULL,"72N6","89.11299","33.25","19.75","2000-10-12",NULL,NULL,NULL,NULL
"7","Chhattisgarh","2","A","BSF","N","UR","9",132,132,132,NULL,NULL,NULL,NULL,"72N9","63.27943","17.5","19.75","2005-05-03",NULL,NULL,NULL,NULL
"7","Chhattisgarh","2","B","CISF","G","EWS","0",16,16,16,NULL,NULL,NULL,NULL,"72G0","73.59123","33.25","9","2002-02-24",NULL,NULL,NULL,NULL
"7","Chhattisgarh","2","B","CISF","G","SC","1",19,19,19,NULL,NULL,NULL,NULL,"72G1","80.61862","29.25","22","2001-01-31",NULL,NULL,NULL,NULL
"7","Chhattisgarh","2","B","CISF","G","ST","2",50,50,50,NULL,NULL,NULL,NULL,"72G2","86.4526","18","18","1999-06-01",NULL,NULL,NULL,NULL
"7","Chhattisgarh","2","B","CISF","G","ESM","3",16,16,16,NULL,NULL,NULL,NULL,"72G3",NULL,NULL,NULL,NULL,NULL,NULL,NULL,NULL
"7","Chhattisgarh","2","B","CISF","G","OBC","6",9,9,9,NULL,NULL,NULL,NULL,"72G6","111.16696","31.75","12.25","2001-09-20",NULL,NULL,NULL,NULL
"7","Chhattisgarh","2","B","CISF","G","UR","9",62,62,62,NULL,NULL,NULL,NULL,"72G9","89.11271","28.75","12.25","2005-04-11",NULL,NULL,NULL,NULL
"7","Chhattisgarh","2","B","CISF","N","EWS","0",35,35,35,NULL,NULL,NULL,NULL,"72N0","42.05861","22.25","3","2003-05-05",NULL,NULL,NULL,NULL
"7","Chhattisgarh","2","B","CISF","N","SC","1",41,41,41,NULL,NULL,NULL,NULL,"72N1","32.28789","15.25","-0.5","1998-03-14",NULL,NULL,NULL,NULL
"7","Chhattisgarh","2","B","CISF","N","ST","2",110,110,110,NULL,NULL,NULL,NULL,"72N2","71.92222","19.75","10.75","2003-06-16",NULL,NULL,NULL,NULL
"7","Chhattisgarh","2","B","CISF","N","ESM","3",35,35,35,NULL,NULL,NULL,NULL,"72N3","56.30813","3.5","20.25","1985-07-06",NULL,NULL,NULL,NULL
"7","Chhattisgarh","2","B","CISF","N","OBC","6",21,21,21,NULL,NULL,NULL,NULL,"72N6","89.11299","33.25","19.75","2000-10-12",NULL,NULL,NULL,NULL
"7","Chhattisgarh","2","B","CISF","N","UR","9",138,138,138,NULL,NULL,NULL,NULL,"72N9","63.27943","17.5","19.75","2005-05-03",NULL,NULL,NULL,NULL
"7","Chhattisgarh","2","C","CRPF","G","EWS","0",15,15,15,NULL,NULL,NULL,NULL,"72G0","73.59123","33.25","9","2002-02-24",NULL,NULL,NULL,NULL
"7","Chhattisgarh","2","C","CRPF","G","SC","1",17,17,17,NULL,NULL,NULL,NULL,"72G1","80.61862","29.25","22","2001-01-31",NULL,NULL,NULL,NULL
"7","Chhattisgarh","2","C","CRPF","G","ST","2",46,46,46,NULL,NULL,NULL,NULL,"72G2","86.4526","18","18","1999-06-01",NULL,NULL,NULL,NULL
"7","Chhattisgarh","2","C","CRPF","G","ESM","3",15,15,15,NULL,NULL,NULL,NULL,"72G3",NULL,NULL,NULL,NULL,NULL,NULL,NULL,NULL
"7","Chhattisgarh","2","C","CRPF","G","OBC","6",9,9,9,NULL,NULL,NULL,NULL,"72G6","111.16696","31.75","12.25","2001-09-20",NULL,NULL,NULL,NULL
"7","Chhattisgarh","2","C","CRPF","G","UR","9",58,58,58,NULL,NULL,NULL,NULL,"72G9","89.11271","28.75","12.25","2005-04-11",NULL,NULL,NULL,NULL
"7","Chhattisgarh","2","C","CRPF","N","EWS","0",34,34,34,NULL,NULL,NULL,NULL,"72N0","42.05861","22.25","3","2003-05-05",NULL,NULL,NULL,NULL
"7","Chhattisgarh","2","C","CRPF","N","SC","1",41,41,41,NULL,NULL,NULL,NULL,"72N1","32.28789","15.25","-0.5","1998-03-14",NULL,NULL,NULL,NULL
"7","Chhattisgarh","2","C","CRPF","N","ST","2",109,109,109,NULL,NULL,NULL,NULL,"72N2","71.92222","19.75","10.75","2003-06-16",NULL,NULL,NULL,NULL
"7","Chhattisgarh","2","C","CRPF","N","ESM","3",34,34,34,NULL,NULL,NULL,NULL,"72N3","56.30813","3.5","20.25","1985-07-06",NULL,NULL,NULL,NULL
"7","Chhattisgarh","2","C","CRPF","N","OBC","6",20,20,20,NULL,NULL,NULL,NULL,"72N6","89.11299","33.25","19.75","2000-10-12",NULL,NULL,NULL,NULL
"7","Chhattisgarh","2","C","CRPF","N","UR","9",136,136,136,NULL,NULL,NULL,NULL,"72N9","63.27943","17.5","19.75","2005-05-03",NULL,NULL,NULL,NULL
"7","Chhattisgarh","2","D","SSB","G","EWS","0",1,1,1,NULL,NULL,NULL,NULL,"72G0","73.59123","33.25","9","2002-02-24",NULL,NULL,NULL,NULL
"7","Chhattisgarh","2","D","SSB","G","SC","1",1,1,1,NULL,NULL,NULL,NULL,"72G1","80.61862","29.25","22","2001-01-31",NULL,NULL,NULL,NULL
"7","Chhattisgarh","2","D","SSB","G","ST","2",3,3,3,NULL,NULL,NULL,NULL,"72G2","86.4526","18","18","1999-06-01",NULL,NULL,NULL,NULL
"7","Chhattisgarh","2","D","SSB","G","ESM","3",1,1,1,NULL,NULL,NULL,NULL,"72G3",NULL,NULL,NULL,NULL,NULL,NULL,NULL,NULL
"7","Chhattisgarh","2","D","SSB","G","OBC","6",1,1,1,NULL,NULL,NULL,NULL,"72G6","111.16696","31.75","12.25","2001-09-20",NULL,NULL,NULL,NULL
"7","Chhattisgarh","2","D","SSB","G","UR","9",3,3,3,NULL,NULL,NULL,NULL,"72G9","89.11271","28.75","12.25","2005-04-11",NULL,NULL,NULL,NULL
"7","Chhattisgarh","2","D","SSB","N","EWS","0",2,2,2,NULL,NULL,NULL,NULL,"72N0","42.05861","22.25","3","2003-05-05",NULL,NULL,NULL,NULL
"7","Chhattisgarh","2","D","SSB","N","SC","1",2,2,2,NULL,NULL,NULL,NULL,"72N1","32.28789","15.25","-0.5","1998-03-14",NULL,NULL,NULL,NULL
"7","Chhattisgarh","2","D","SSB","N","ST","2",6,6,6,NULL,NULL,NULL,NULL,"72N2","71.92222","19.75","10.75","2003-06-16",NULL,NULL,NULL,NULL
"7","Chhattisgarh","2","D","SSB","N","ESM","3",2,2,2,NULL,NULL,NULL,NULL,"72N3","56.30813","3.5","20.25","1985-07-06",NULL,NULL,NULL,NULL
"7","Chhattisgarh","2","D","SSB","N","OBC","6",1,1,1,NULL,NULL,NULL,NULL,"72N6","89.11299","33.25","19.75","2000-10-12",NULL,NULL,NULL,NULL
"7","Chhattisgarh","2","D","SSB","N","UR","9",8,8,8,NULL,NULL,NULL,NULL,"72N9","63.27943","17.5","19.75","2005-05-03",NULL,NULL,NULL,NULL
"7","Chhattisgarh","2","E","ITBP","G","EWS","0",3,3,3,NULL,NULL,NULL,NULL,"72G0","73.59123","33.25","9","2002-02-24",NULL,NULL,NULL,NULL
"7","Chhattisgarh","2","E","ITBP","G","SC","1",3,3,3,NULL,NULL,NULL,NULL,"72G1","80.61862","29.25","22","2001-01-31",NULL,NULL,NULL,NULL
"7","Chhattisgarh","2","E","ITBP","G","ST","2",9,9,9,NULL,NULL,NULL,NULL,"72G2","86.4526","18","18","1999-06-01",NULL,NULL,NULL,NULL
"7","Chhattisgarh","2","E","ITBP","G","ESM","3",3,3,3,NULL,NULL,NULL,NULL,"72G3",NULL,NULL,NULL,NULL,NULL,NULL,NULL,NULL
"7","Chhattisgarh","2","E","ITBP","G","OBC","6",2,2,2,NULL,NULL,NULL,NULL,"72G6","111.16696","31.75","12.25","2001-09-20",NULL,NULL,NULL,NULL
"7","Chhattisgarh","2","E","ITBP","G","UR","9",11,11,11,NULL,NULL,NULL,NULL,"72G9","89.11271","28.75","12.25","2005-04-11",NULL,NULL,NULL,NULL
"7","Chhattisgarh","2","E","ITBP","N","EWS","0",6,6,6,NULL,NULL,NULL,NULL,"72N0","42.05861","22.25","3","2003-05-05",NULL,NULL,NULL,NULL
"7","Chhattisgarh","2","E","ITBP","N","SC","1",8,8,8,NULL,NULL,NULL,NULL,"72N1","32.28789","15.25","-0.5","1998-03-14",NULL,NULL,NULL,NULL
"7","Chhattisgarh","2","E","ITBP","N","ST","2",20,20,20,NULL,NULL,NULL,NULL,"72N2","71.92222","19.75","10.75","2003-06-16",NULL,NULL,NULL,NULL
"7","Chhattisgarh","2","E","ITBP","N","ESM","3",6,6,6,NULL,NULL,NULL,NULL,"72N3","56.30813","3.5","20.25","1985-07-06",NULL,NULL,NULL,NULL
"7","Chhattisgarh","2","E","ITBP","N","OBC","6",4,4,4,NULL,NULL,NULL,NULL,"72N6","89.11299","33.25","19.75","2000-10-12",NULL,NULL,NULL,NULL
"7","Chhattisgarh","2","E","ITBP","N","UR","9",25,25,25,NULL,NULL,NULL,NULL,"72N9","63.27943","17.5","19.75","2005-05-03",NULL,NULL,NULL,NULL
"7","Chhattisgarh","2","F","AR","G","EWS","0",1,1,1,NULL,NULL,NULL,NULL,"72G0","73.59123","33.25","9","2002-02-24",NULL,NULL,NULL,NULL
"7","Chhattisgarh","2","F","AR","G","SC","1",1,1,1,NULL,NULL,NULL,NULL,"72G1","80.61862","29.25","22","2001-01-31",NULL,NULL,NULL,NULL
"7","Chhattisgarh","2","F","AR","G","ST","2",4,4,4,NULL,NULL,NULL,NULL,"72G2","86.4526","18","18","1999-06-01",NULL,NULL,NULL,NULL
"7","Chhattisgarh","2","F","AR","G","ESM","3",1,1,1,NULL,NULL,NULL,NULL,"72G3",NULL,NULL,NULL,NULL,NULL,NULL,NULL,NULL
"7","Chhattisgarh","2","F","AR","G","OBC","6",1,1,1,NULL,NULL,NULL,NULL,"72G6","111.16696","31.75","12.25","2001-09-20",NULL,NULL,NULL,NULL
"7","Chhattisgarh","2","F","AR","G","UR","9",5,5,5,NULL,NULL,NULL,NULL,"72G9","89.11271","28.75","12.25","2005-04-11",NULL,NULL,NULL,NULL
"7","Chhattisgarh","2","F","AR","N","EWS","0",2,2,2,NULL,NULL,NULL,NULL,"72N0","42.05861","22.25","3","2003-05-05",NULL,NULL,NULL,NULL
"7","Chhattisgarh","2","F","AR","N","SC","1",3,3,3,NULL,NULL,NULL,NULL,"72N1","32.28789","15.25","-0.5","1998-03-14",NULL,NULL,NULL,NULL
"7","Chhattisgarh","2","F","AR","N","ST","2",9,9,9,NULL,NULL,NULL,NULL,"72N2","71.92222","19.75","10.75","2003-06-16",NULL,NULL,NULL,NULL
"7","Chhattisgarh","2","F","AR","N","ESM","3",3,3,3,NULL,NULL,NULL,NULL,"72N3","56.30813","3.5","20.25","1985-07-06",NULL,NULL,NULL,NULL
"7","Chhattisgarh","2","F","AR","N","OBC","6",2,2,2,NULL,NULL,NULL,NULL,"72N6","89.11299","33.25","19.75","2000-10-12",NULL,NULL,NULL,NULL
"7","Chhattisgarh","2","F","AR","N","UR","9",11,11,11,NULL,NULL,NULL,NULL,"72N9","63.27943","17.5","19.75","2005-05-03",NULL,NULL,NULL,NULL
"8","Dadar & Nagar Haveli and Daman & Diu","1","A","BSF","G","ST","2",1,1,1,NULL,NULL,NULL,NULL,"81G2","78.55009","35.5","0","2006-11-25",NULL,NULL,NULL,NULL
"8","Dadar & Nagar Haveli and Daman & Diu","2","A","BSF","G","ST","2",1,1,1,NULL,NULL,NULL,NULL,"82G2","60.07549","18.25","18","1999-02-16",NULL,NULL,NULL,NULL
"8","Dadar & Nagar Haveli and Daman & Diu","2","A","BSF","G","UR","9",2,2,2,NULL,NULL,NULL,NULL,"82G9","58.38231","22","8.5","2005-06-10",NULL,NULL,NULL,NULL
"8","Dadar & Nagar Haveli and Daman & Diu","2","B","CISF","G","ST","2",2,2,2,NULL,NULL,NULL,NULL,"82G2","60.07549","18.25","18","1999-02-16",NULL,NULL,NULL,NULL
"8","Dadar & Nagar Haveli and Daman & Diu","2","B","CISF","G","UR","9",2,2,2,NULL,NULL,NULL,NULL,"82G9","58.38231","22","8.5","2005-06-10",NULL,NULL,NULL,NULL
"8","Dadar & Nagar Haveli and Daman & Diu","2","C","CRPF","G","ST","2",1,1,1,NULL,NULL,NULL,NULL,"82G2","60.07549","18.25","18","1999-02-16",NULL,NULL,NULL,NULL
"8","Dadar & Nagar Haveli and Daman & Diu","2","C","CRPF","G","OBC","6",1,1,1,NULL,NULL,NULL,NULL,"82G6","44.43472","10.5","13","1984-08-19",NULL,NULL,NULL,NULL
"8","Dadar & Nagar Haveli and Daman & Diu","2","C","CRPF","G","UR","9",2,2,2,NULL,NULL,NULL,NULL,"82G9","58.38231","22","8.5","2005-06-10",NULL,NULL,NULL,NULL
