state_code,state,gender,post_code,force,area,category,category_code,vacancies,initial,current,allocated,left_vacancy,allocated_hc,allocated_hc_prev,key,min_marks_prev,min_marks_parta_prev,min_marks_partb_prev,min_marks_cand_dob_prev,min_marks,min_marks_parta,min_marks_partb,min_marks_cand_dob,min_marks_merit,total_marks,parta_gi,partb_ga,dob,merit
1,Andaman & Nikobar,2,A,BSF,G,OBC,6,1,1,1,0,1,0,0,12AG6,,,,,,,,,,,,,,
1,Andaman & Nikobar,2,A,BSF,G,UR,9,2,2,2,0,2,0,0,12AG9,108.00705,33.5,11.5,2002-10-19,,,,,,,,,,
1,Andaman & Nikobar,2,B,CISF,G,OBC,6,2,2,2,0,2,0,0,12BG6,,,,,,,,,,,,,,
1,Andaman & Nikobar,2,B,CISF,G,UR,9,1,1,1,1,0,0,0,12BG9,108.00705,33.5,11.5,2002-10-19,108.00705,33.5,11.5,2002-10-19,28182.0,108.00705,33.5,11.5,2002-10-19,28182.0
1,Andaman & Nikobar,2,C,CRPF,G,OBC,6,1,1,1,0,1,0,0,12CG6,,,,,,,,,,,,,,
1,Andaman & Nikobar,2,C,CRPF,G,UR,9,1,1,1,0,1,0,0,12CG9,108.00705,33.5,11.5,2002-10-19,,,,,,,,,,
1,Andaman & Nikobar,2,D,SSB,G,UR,9,1,1,1,0,1,0,0,12DG9,108.00705,33.5,11.5,2002-10-19,,,,,,,,,,
10,Delhi,1,A,BSF,G,EWS,0,2,2,2,2,0,0,0,101AG0,111.90934,37.75,12.25,2004-05-09,121.01487,38.0,15.0,2004-01-10,18662.0,121.01487,38.0,15.0,2004-01-10,18662.0
10,Delhi,1,A,BSF,G,SC,1,2,2,2,1,1,0,0,101AG1,121.08597,37.75,15.5,1999-07-14,122.31271,31.5,18.5,2000-07-27,17582.0,122.31271,31.5,18.5,2000-07-27,17582.0
10,Delhi,1,A,BSF,G,ST,2,1,1,1,1,0,0,0,101AG2,112.42111,35.5,12.5,1997-09-07,112.42111,35.5,12.5,1997-09-07,24787.0,112.42111,35.5,12.5,1997-09-07,24787.0
10,Delhi,1,A,BSF,G,ESM,3,2,2,2,0,2,0,0,101AG3,,,,,,,,,,,,,,
10,Delhi,1,A,BSF,G,OBC,6,4,4,4,4,0,0,0,101AG6,118.12458,33.25,22.0,2000-02-10,124.02707,35.5,22.0,1999-07-01,16183.0,124.02707,35.5,22.0,1999-07-01,16183.0
10,Delhi,1,A,BSF,G,UR,9,7,7,7,7,0,0,0,101AG9,119.93285,35.75,17.75,2004-07-29,122.38213,37.75,22.25,2003-01-02,17520.0,122.38213,37.75,22.25,2003-01-02,17520.0
10,Delhi,1,B,CISF,G,EWS,0,1,1,1,1,0,0,0,101BG0,111.90934,37.75,12.25,2004-05-09,127.31295,40.0,17.5,2002-03-17,13124.0,127.31295,40.0,17.5,2002-03-17,13124.0
10,Delhi,1,B,CISF,G,SC,1,1,1,1,1,0,0,0,101BG1,121.08597,37.75,15.5,1999-07-14,133.64665,37.75,21.25,1999-04-05,6618.0,133.64665,37.75,21.25,1999-04-05,6618.0
10,Delhi,1,B,CISF,G,ST,2,1,1,1,0,1,0,0,101BG2,112.42111,35.5,12.5,1997-09-07,,,,,,,,,,
10,Delhi,1,B,CISF,G,ESM,3,1,1,1,0,1,0,0,101BG3,,,,,,,,,,,,,,
10,Delhi,1,B,CISF,G,OBC,6,3,3,3,3,0,0,0,101BG6,118.12458,33.25,22.0,2000-02-10,128.66841,37.75,25.5,2000-04-11,11707.0,128.66841,37.75,25.5,2000-04-11,11707.0
10,Delhi,1,B,CISF,G,UR,9,5,5,5,5,0,0,0,101BG9,119.93285,35.75,17.75,2004-07-29,130.2175,37.75,22.0,2002-01-10,9905.0,130.2175,37.75,22.0,2002-01-10,9905.0
10,Delhi,1,C,CRPF,G,SC,1,1,1,1,1,0,0,0,101CG1,121.08597,37.75,15.5,1999-07-14,128.78567,33.25,26.5,1998-02-20,11605.0,128.78567,33.25,26.5,1998-02-20,11605.0
10,Delhi,1,C,CRPF,G,OBC,6,1,1,1,1,0,0,0,101CG6,118.12458,33.25,22.0,2000-02-10,127.45344,35.5,22.0,2000-01-10,12980.0,127.45344,35.5,22.0,2000-01-10,12980.0
10,Delhi,1,C,CRPF,G,UR,9,2,2,2,2,0,0,0,101CG9,119.93285,35.75,17.75,2004-07-29,127.64635,40.0,12.75,2003-08-20,12775.0,127.64635,40.0,12.75,2003-08-20,12775.0
10,Delhi,1,E,ITBP,G,OBC,6,1,1,1,1,0,0,0,101EG6,118.12458,33.25,22.0,2000-02-10,124.92206,37.75,22.0,2000-12-11,15326.0,124.92206,37.75,22.0,2000-12-11,15326.0
10,Delhi,1,E,ITBP,G,UR,9,2,2,2,2,0,0,0,101EG9,119.93285,35.75,17.75,2004-07-29,128.65221,33.25,19.75,2006-08-21,11783.0,128.65221,33.25,19.75,2006-08-21,11783.0
10,Delhi,1,F,AR,G,UR,9,1,1,1,1,0,0,0,101FG9,119.93285,35.75,17.75,2004-07-29,124.53151,38.0,13.0,2003-12-05,15692.0,124.53151,38.0,13.0,2003-12-05,15692.0
10,Delhi,2,A,BSF,G,EWS,0,9,9,9,9,0,0,0,102AG0,80.18321,15.75,20.0,2003-03-25,93.21633,28.75,8.5,2006-01-08,42143.0,93.21633,28.75,8.5,2006-01-08,42143.0
10,Delhi,2,A,BSF,G,SC,1,14,14,14,14,0,0,0,102AG1,107.10944,33.25,16.0,1998-03-15,113.78488,33.25,15.25,2004-01-08,23722.0,113.78488,33.25,15.25,2004-01-08,23722.0
10,Delhi,2,A,BSF,G,ST,2,7,7,7,7,0,0,0,102AG2,96.49585,31.5,15.5,1999-10-05,105.78215,29.0,13.75,2003-04-15,30021.0,105.78215,29.0,13.75,2003-04-15,30021.0
10,Delhi,2,A,BSF,G,ESM,3,9,9,9,0,9,0,0,102AG3,43.89705,13.25,13.5,1979-12-30,,,,,,,,,,
10,Delhi,2,A,BSF,G,OBC,6,25,25,25,25,0,0,0,102AG6,100.05483,33.25,3.5,2004-11-08,114.31045,35.75,11.75,2001-07-14,23398.0,114.31045,35.75,11.75,2001-07-14,23398.0
10,Delhi,2,A,BSF,G,UR,9,38,38,38,38,0,0,0,102AG9,108.238,35.5,17.5,2004-07-30,116.89074,35.5,22.0,2004-01-12,21648.0,116.89074,35.5,22.0,2004-01-12,21648.0
10,Delhi,2,B,CISF,G,EWS,0,10,10,10,10,0,0,0,102BG0,80.18321,15.75,20.0,2003-03-25,119.27798,35.5,19.75,2003-01-15,19967.0,119.27798,35.5,19.75,2003-01-15,19967.0
10,Delhi,2,B,CISF,G,SC,1,15,15,15,15,0,0,0,102BG1,107.10944,33.25,16.0,1998-03-15,126.38833,38.0,18.75,2005-10-23,14171.0,126.38833,38.0,18.75,2005-10-23,14171.0
10,Delhi,2,B,CISF,G,ST,2,8,8,8,8,0,0,0,102BG2,96.49585,31.5,15.5,1999-10-05,117.74189,28.75,17.5,1999-07-10,21073.0,117.74189,28.75,17.5,1999-07-10,21073.0
10,Delhi,2,B,CISF,G,ESM,3,10,10,10,4,6,0,0,102BG3,43.89705,13.25,13.5,1979-12-30,43.89705,13.25,13.5,1979-12-30,72807.0,43.89705,13.25,13.5,1979-12-30,72807.0
10,Delhi,2,B,CISF,G,OBC,6,28,28,27,27,0,1,1,102BG6,100.05483,33.25,3.5,2004-11-08,125.48863,35.75,29.0,2003-06-10,14875.0,125.48863,35.75,29.0,2003-06-10,14875.0
10,Delhi,2,B,CISF,G,UR,9,41,41,38,38,0,3,3,102BG9,108.238,35.5,17.5,2004-07-30,130.50191,40.0,22.75,2002-09-21,9605.0,130.50191,40.0,22.75,2002-09-21,9605.0
10,Delhi,2,C,CRPF,G,EWS,0,10,10,10,10,0,0,0,102CG0,80.18321,15.75,20.0,2003-03-25,103.9476,33.5,8.5,2005-10-21,31689.0,103.9476,33.5,8.5,2005-10-21,31689.0
10,Delhi,2,C,CRPF,G,SC,1,14,14,14,14,0,0,0,102CG1,107.10944,33.25,16.0,1998-03-15,116.30809,37.75,13.0,2005-03-14,21994.0,116.30809,37.75,13.0,2005-03-14,21994.0
10,Delhi,2,C,CRPF,G,ST,2,7,7,7,7,0,0,0,102CG2,96.49585,31.5,15.5,1999-10-05,106.94841,35.5,17.5,2002-08-03,29069.0,106.94841,35.5,17.5,2002-08-03,29069.0
10,Delhi,2,C,CRPF,G,ESM,3,10,10,10,0,10,0,0,102CG3,43.89705,13.25,13.5,1979-12-30,,,,,,,,,,
10,Delhi,2,C,CRPF,G,OBC,6,26,26,26,26,0,0,0,102CG6,100.05483,33.25,3.5,2004-11-08,119.15835,35.5,16.75,2003-05-26,20096.0,119.15835,35.5,16.75,2003-05-26,20096.0
10,Delhi,2,C,CRPF,G,UR,9,38,38,38,38,0,0,0,102CG9,108.238,35.5,17.5,2004-07-30,121.35057,37.75,19.75,2002-11-15,18435.0,121.35057,37.75,19.75,2002-11-15,18435.0
10,Delhi,2,D,SSB,G,EWS,0,1,1,1,1,0,0,0,102DG0,80.18321,15.75,20.0,2003-03-25,119.5227,33.25,15.0,2002-11-30,19779.0,119.5227,33.25,15.0,2002-11-30,19779.0
10,Delhi,2,D,SSB,G,SC,1,1,1,1,1,0,0,0,102DG1,107.10944,33.25,16.0,1998-03-15,129.93964,37.75,20.0,2000-09-19,10205.0,129.93964,37.75,20.0,2000-09-19,10205.0
10,Delhi,2,D,SSB,G,ESM,3,1,1,1,0,1,0,0,102DG3,43.89705,13.25,13.5,1979-12-30,,,,,,,,,,
10,Delhi,2,D,SSB,G,OBC,6,2,2,2,2,0,0,0,102DG6,100.05483,33.25,3.5,2004-11-08,128.5539,40.0,15.25,2002-06-06,11863.0,128.5539,40.0,15.25,2002-06-06,11863.0
10,Delhi,2,D,SSB,G,UR,9,2,2,2,2,0,0,0,102DG9,108.238,35.5,17.5,2004-07-30,128.66013,38.0,28.75,2004-05-02,11732.0,128.66013,38.0,28.75,2004-05-02,11732.0
10,Delhi,2,E,ITBP,G,EWS,0,2,2,2,2,0,0,0,102EG0,80.18321,15.75,20.0,2003-03-25,115.31558,35.75,13.5,2002-09-27,22653.0,115.31558,35.75,13.5,2002-09-27,22653.0
10,Delhi,2,E,ITBP,G,SC,1,3,3,3,3,0,0,0,102EG1,107.10944,33.25,16.0,1998-03-15,122.79717,37.75,24.25,2000-02-18,17075.0,122.79717,37.75,24.25,2000-02-18,17075.0
10,Delhi,2,E,ITBP,G,ST,2,1,1,1,1,0,0,0,102EG2,96.49585,31.5,15.5,1999-10-05,123.62534,29.5,28.75,2002-06-15,16598.0,123.62534,29.5,28.75,2002-06-15,16598.0
10,Delhi,2,E,ITBP,G,ESM,3,2,2,2,0,2,0,0,102EG3,43.89705,13.25,13.5,1979-12-30,,,,,,,,,,
10,Delhi,2,E,ITBP,G,OBC,6,5,5,5,5,0,0,0,102EG6,100.05483,33.25,3.5,2004-11-08,122.2161,37.75,17.5,2002-10-01,17684.0,122.2161,37.75,17.5,2002-10-01,17684.0
10,Delhi,2,E,ITBP,G,UR,9,7,7,7,7,0,0,0,102EG9,108.238,35.5,17.5,2004-07-30,124.00101,33.25,19.75,2002-03-14,16233.0,124.00101,33.25,19.75,2002-03-14,16233.0
10,Delhi,2,F,AR,G,EWS,0,1,1,1,1,0,0,0,102FG0,80.18321,15.75,20.0,2003-03-25,103.94237,27.25,16.25,2005-10-10,31698.0,103.94237,27.25,16.25,2005-10-10,31698.0
10,Delhi,2,F,AR,G,SC,1,1,1,1,1,0,0,0,102FG1,107.10944,33.25,16.0,1998-03-15,132.96764,37.75,24.5,2000-12-16,7085.0,132.96764,37.75,24.5,2000-12-16,7085.0
10,Delhi,2,F,AR,G,ST,2,1,1,1,1,0,0,0,102FG2,96.49585,31.5,15.5,1999-10-05,112.62832,40.0,13.0,2004-11-16,24599.0,112.62832,40.0,13.0,2004-11-16,24599.0
10,Delhi,2,F,AR,G,ESM,3,1,1,1,1,0,0,0,102FG3,43.89705,13.25,13.5,1979-12-30,86.11921,26.5,24.25,1988-09-14,49721.0,86.11921,26.5,24.25,1988-09-14,49721.0
10,Delhi,2,F,AR,G,OBC,6,2,2,1,1,0,1,1,102FG6,100.05483,33.25,3.5,2004-11-08,130.04562,40.0,17.25,2001-09-05,10060.0,130.04562,40.0,17.25,2001-09-05,10060.0
10,Delhi,2,F,AR,G,UR,9,3,3,3,3,0,0,0,102FG9,108.238,35.5,17.5,2004-07-30,124.90433,40.0,22.25,2002-10-21,15372.0,124.90433,40.0,22.25,2002-10-21,15372.0
11,Goa,1,A,BSF,G,UR,9,3,3,3,2,1,0,0,111AG9,55.95745,20.75,3.25,2006-05-03,55.95745,20.75,3.25,2006-05-03,70668.0,55.95745,20.75,3.25,2006-05-03,70668.0
11,Goa,1,B,CISF,G,UR,9,1,1,1,0,1,0,0,111BG9,55.95745,20.75,3.25,2006-05-03,,,,,,,,,,
11,Goa,1,E,ITBP,G,UR,9,1,1,1,1,0,0,0,111EG9,55.95745,20.75,3.25,2006-05-03,85.77429,24.25,10.75,2006-05-01,50102.0,85.77429,24.25,10.75,2006-05-01,50102.0
11,Goa,1,F,AR,G,UR,9,1,1,1,0,1,0,0,111FG9,55.95745,20.75,3.25,2006-05-03,,,,,,,,,,
11,Goa,2,A,BSF,G,EWS,0,1,1,1,0,1,0,0,112AG0,,,,,,,,,,,,,,
11,Goa,2,A,BSF,G,ST,2,2,2,2,2,0,0,0,112AG2,46.40694,7.25,6.5,2002-08-24,57.19762,18.0,10.25,2003-07-15,70376.0,57.19762,18.0,10.25,2003-07-15,70376.0
11,Goa,2,A,BSF,G,ESM,3,2,2,2,0,2,0,0,112AG3,,,,,,,,,,,,,,
11,Goa,2,A,BSF,G,OBC,6,5,5,5,2,3,0,0,112AG6,47.13666,27.0,2.0,2003-01-30,47.13666,27.0,2.0,2003-01-30,72339.0,47.13666,27.0,2.0,2003-01-30,72339.0
11,Goa,2,A,BSF,G,UR,9,10,10,10,4,6,0,0,112AG9,50.81467,13.0,6.25,2003-04-25,66.23001,17.5,6.25,2002-11-06,66789.0,66.23001,17.5,6.25,2002-11-06,66789.0
11,Goa,2,B,CISF,G,EWS,0,1,1,1,0,1,0,0,112BG0,,,,,,,,,,,,,,
11,Goa,2,B,CISF,G,ST,2,2,2,2,0,2,0,0,112BG2,46.40694,7.25,6.5,2002-08-24,,,,,,,,,,
11,Goa,2,B,CISF,G,ESM,3,1,1,1,0,1,0,0,112BG3,,,,,,,,,,,,,,
11,Goa,2,B,CISF,G,OBC,6,3,3,3,1,2,0,0,112BG6,47.13666,27.0,2.0,2003-01-30,53.6119,33.5,3.5,2002-11-04,71123.0,53.6119,33.5,3.5,2002-11-04,71123.0
11,Goa,2,B,CISF,G,UR,9,7,7,7,7,0,0,0,112BG9,50.81467,13.0,6.25,2003-04-25,60.75077,10.75,13.0,2004-04-03,69387.0,60.75077,10.75,13.0,2004-04-03,69387.0
11,Goa,2,C,CRPF,G,EWS,0,1,1,1,0,1,0,0,112CG0,,,,,,,,,,,,,,
11,Goa,2,C,CRPF,G,ESM,3,1,1,1,0,1,0,0,112CG3,,,,,,,,,,,,,,
11,Goa,2,C,CRPF,G,OBC,6,2,2,2,0,2,0,0,112CG6,47.13666,27.0,2.0,2003-01-30,,,,,,,,,,
11,Goa,2,C,CRPF,G,UR,9,10,10,10,1,9,0,0,112CG9,50.81467,13.0,6.25,2003-04-25,75.65844,35.5,5.0,2002-04-08,59888.0,75.65844,35.5,5.0,2002-04-08,59888.0
11,Goa,2,D,SSB,G,ST,2,1,1,1,0,1,0,0,112DG2,46.40694,7.25,6.5,2002-08-24,,,,,,,,,,
11,Goa,2,D,SSB,G,ESM,3,1,1,1,0,1,0,0,112DG3,,,,,,,,,,,,,,
11,Goa,2,D,SSB,G,OBC,6,2,2,2,0,2,0,0,112DG6,47.13666,27.0,2.0,2003-01-30,,,,,,,,,,
11,Goa,2,D,SSB,G,UR,9,8,8,8,3,5,0,0,112DG9,50.81467,13.0,6.25,2003-04-25,70.93604,33.25,8.5,2002-08-22,63575.0,70.93604,33.25,8.5,2002-08-22,63575.0
11,Goa,2,E,ITBP,G,EWS,0,1,1,1,0,1,0,0,112EG0,,,,,,,,,,,,,,
11,Goa,2,E,ITBP,G,ESM,3,1,1,1,0,1,0,0,112EG3,,,,,,,,,,,,,,
11,Goa,2,E,ITBP,G,OBC,6,1,1,1,0,1,0,0,112EG6,47.13666,27.0,2.0,2003-01-30,,,,,,,,,,
11,Goa,2,E,ITBP,G,UR,9,3,3,3,1,2,0,0,112EG9,50.81467,13.0,6.25,2003-04-25,61.15847,19.75,10.75,2002-08-15,69238.0,61.15847,19.75,10.75,2002-08-15,69238.0
11,Goa,2,F,AR,G,UR,9,1,1,1,1,0,0,0,112FG9,50.81467,13.0,6.25,2003-04-25,64.52698,35.5,-2.75,2002-06-08,67741.0,64.52698,35.5,-2.75,2002-06-08,67741.0
12,Gujarat,1,A,BSF,B,EWS,0,4,4,4,4,0,0,0,121AB0,71.00156,22.5,9.0,2004-11-13,79.5701,29.75,6.75,2003-08-28,56378.0,79.5701,29.75,6.75,2003-08-28,56378.0
12,Gujarat,1,A,BSF,B,SC,1,3,3,3,3,0,0,0,121AB1,80.83649,22.25,6.25,2004-06-01,86.05804,26.5,22.25,2000-11-13,49759.0,86.05804,26.5,22.25,2000-11-13,49759.0
12,Gujarat,1,A,BSF,B,ST,2,7,7,7,7,0,0,0,121AB2,65.06736,23.0,7.25,1997-04-02,77.51483,29.0,8.5,2002-01-12,58346.0,77.51483,29.0,8.5,2002-01-12,58346.0
12,Gujarat,1,A,BSF,B,ESM,3,4,4,4,0,4,0,0,121AB3,,,,,,,,,,,,,,
12,Gujarat,1,A,BSF,B,OBC,6,12,12,12,12,0,0,0,121AB6,75.3856,33.25,6.25,2003-10-27,83.93008,26.5,15.25,2002-12-01,52063.0,83.93008,26.5,15.25,2002-12-01,52063.0
12,Gujarat,1,A,BSF,B,UR,9,18,18,18,18,0,0,0,121AB9,81.18571,35.75,6.25,2002-03-04,86.81049,33.25,1.25,2004-01-21,48921.0,86.81049,33.25,1.25,2004-01-21,48921.0
12,Gujarat,1,A,BSF,G,EWS,0,6,6,6,6,0,0,0,121AG0,68.83919,31.0,0.0,2005-08-16,83.67118,35.75,12.0,2005-06-27,52338.0,83.67118,35.75,12.0,2005-06-27,52338.0
12,Gujarat,1,A,BSF,G,SC,1,4,4,4,4,0,0,0,121AG1,82.59322,26.75,17.5,2001-06-09,95.47833,26.5,26.5,2001-10-08,39817.0,95.47833,26.5,26.5,2001-10-08,39817.0
12,Gujarat,1,A,BSF,G,ST,2,9,9,9,9,0,0,0,121AG2,79.35317,26.5,8.5,2000-06-20,85.07448,33.5,19.75,1999-02-28,50864.0,85.07448,33.5,19.75,1999-02-28,50864.0
12,Gujarat,1,A,BSF,G,ESM,3,6,6,6,0,6,0,0,121AG3,,,,,,,,,,,,,,
12,Gujarat,1,A,BSF,G,OBC,6,16,16,16,16,0,0,0,121AG6,83.51036,28.75,15.25,2000-08-11,89.03516,26.5,15.25,2000-11-30,46550.0,89.03516,26.5,15.25,2000-11-30,46550.0
12,Gujarat,1,A,BSF,G,UR,9,24,24,24,24,0,0,0,121AG9,86.54484,29.5,7.75,2002-12-20,92.23769,35.5,14.0,2002-07-28,43165.0,92.23769,35.5,14.0,2002-07-28,43165.0
12,Gujarat,1,B,CISF,B,EWS,0,2,2,2,2,0,0,0,121BB0,71.00156,22.5,9.0,2004-11-13,88.8553,33.25,13.75,2006-08-25,46745.0,88.8553,33.25,13.75,2006-08-25,46745.0
12,Gujarat,1,B,CISF,B,SC,1,1,1,1,1,0,0,0,121BB1,80.83649,22.25,6.25,2004-06-01,110.48976,36.0,19.25,2000-11-21,26121.0,110.48976,36.0,19.25,2000-11-21,26121.0
12,Gujarat,1,B,CISF,B,ST,2,3,3,3,3,0,0,0,121BB2,65.06736,23.0,7.25,1997-04-02,83.09248,29.0,9.5,2000-03-04,52976.0,83.09248,29.0,9.5,2000-03-04,52976.0
12,Gujarat,1,B,CISF,B,ESM,3,2,2,2,0,2,0,0,121BB3,,,,,,,,,,,,,,
12,Gujarat,1,B,CISF,B,OBC,6,5,5,5,5,0,0,0,121BB6,75.3856,33.25,6.25,2003-10-27,92.21783,27.25,13.5,2000-06-05,43197.0,92.21783,27.25,13.5,2000-06-05,43197.0
12,Gujarat,1,B,CISF,B,UR,9,8,8,8,8,0,0,0,121BB9,81.18571,35.75,6.25,2002-03-04,100.48662,38.0,16.0,2006-12-05,34979.0,100.48662,38.0,16.0,2006-12-05,34979.0
12,Gujarat,1,B,CISF,G,EWS,0,4,4,4,4,0,0,0,121BG0,68.83919,31.0,0.0,2005-08-16,88.40413,29.5,7.0,2002-08-10,47217.0,88.40413,29.5,7.0,2002-08-10,47217.0
12,Gujarat,1,B,CISF,G,SC,1,3,3,3,3,0,0,0,121BG1,82.59322,26.75,17.5,2001-06-09,97.73815,31.0,26.5,2004-10-09,37535.0,97.73815,31.0,26.5,2004-10-09,37535.0
12,Gujarat,1,B,CISF,G,ST,2,6,6,6,6,0,0,0,121BG2,79.35317,26.5,8.5,2000-06-20,91.91698,36.0,13.5,2000-01-04,43506.0,91.91698,36.0,13.5,2000-01-04,43506.0
12,Gujarat,1,B,CISF,G,ESM,3,4,4,4,0,4,0,0,121BG3,,,,,,,,,,,,,,
12,Gujarat,1,B,CISF,G,OBC,6,11,11,11,11,0,0,0,121BG6,83.51036,28.75,15.25,2000-08-11,99.56339,35.75,12.25,2000-05-01,35739.0,99.56339,35.75,12.25,2000-05-01,35739.0
12,Gujarat,1,B,CISF,G,UR,9,17,17,17,17,0,0,0,121BG9,86.54484,29.5,7.75,2002-12-20,106.7874,31.0,17.5,2004-09-24,29182.0,106.7874,31.0,17.5,2004-09-24,29182.0
12,Gujarat,1,C,CRPF,B,EWS,0,1,1,1,1,0,0,0,121CB0,71.00156,22.5,9.0,2004-11-13,79.98122,28.75,13.0,2004-12-16,55931.0,79.98122,28.75,13.0,2004-12-16,55931.0
12,Gujarat,1,C,CRPF,B,ST,2,1,1,1,1,0,0,0,121CB2,65.06736,23.0,7.25,1997-04-02,75.38569,23.0,8.75,2001-12-10,60085.0,75.38569,23.0,8.75,2001-12-10,60085.0
12,Gujarat,1,C,CRPF,B,ESM,3,1,1,1,0,1,0,0,121CB3,,,,,,,,,,,,,,
12,Gujarat,1,C,CRPF,B,OBC,6,2,2,2,2,0,0,0,121CB6,75.3856,33.25,6.25,2003-10-27,93.09644,37.75,10.75,2005-04-25,42259.0,93.09644,37.75,10.75,2005-04-25,42259.0
12,Gujarat,1,C,CRPF,B,UR,9,2,2,2,2,0,0,0,121CB9,81.18571,35.75,6.25,2002-03-04,102.73642,31.5,4.0,2004-11-20,32899.0,102.73642,31.5,4.0,2004-11-20,32899.0
12,Gujarat,1,C,CRPF,G,EWS,0,1,1,1,1,0,0,0,121CG0,68.83919,31.0,0.0,2005-08-16,98.45902,33.25,13.0,2005-07-08,36852.0,98.45902,33.25,13.0,2005-07-08,36852.0
12,Gujarat,1,C,CRPF,G,SC,1,1,1,1,1,0,0,0,121CG1,82.59322,26.75,17.5,2001-06-09,98.04576,35.5,17.5,2002-10-17,37266.0,98.04576,35.5,17.5,2002-10-17,37266.0
12,Gujarat,1,C,CRPF,G,ST,2,2,2,2,2,0,0,0,121CG2,79.35317,26.5,8.5,2000-06-20,86.13191,35.75,10.75,2003-08-18,49707.0,86.13191,35.75,10.75,2003-08-18,49707.0
12,Gujarat,1,C,CRPF,G,ESM,3,1,1,1,0,1,0,0,121CG3,,,,,,,,,,,,,,
12,Gujarat,1,C,CRPF,G,OBC,6,4,4,4,4,0,0,0,121CG6,83.51036,28.75,15.25,2000-08-11,96.47187,35.75,10.5,1999-05-02,38777.0,96.47187,35.75,10.5,1999-05-02,38777.0
12,Gujarat,1,C,CRPF,G,UR,9,6,6,6,6,0,0,0,121CG9,86.54484,29.5,7.75,2002-12-20,100.18568,33.5,16.25,2005-03-30,35205.0,100.18568,33.5,16.25,2005-03-30,35205.0
12,Gujarat,1,E,ITBP,G,EWS,0,1,1,1,1,0,0,0,121EG0,68.83919,31.0,0.0,2005-08-16,88.18337,31.25,10.75,2003-12-23,47459.0,88.18337,31.25,10.75,2003-12-23,47459.0
12,Gujarat,1,E,ITBP,G,SC,1,1,1,1,1,0,0,0,121EG1,82.59322,26.75,17.5,2001-06-09,97.72184,31.0,13.75,2001-07-15,37544.0,97.72184,31.0,13.75,2001-07-15,37544.0
12,Gujarat,1,E,ITBP,G,ST,2,2,2,2,2,0,0,0,121EG2,79.35317,26.5,8.5,2000-06-20,84.90606,33.25,15.25,2000-05-03,51063.0,84.90606,33.25,15.25,2000-05-03,51063.0
12,Gujarat,1,E,ITBP,G,ESM,3,1,1,1,0,1,0,0,121EG3,,,,,,,,,,,,,,
12,Gujarat,1,E,ITBP,G,OBC,6,3,3,3,3,0,0,0,121EG6,83.51036,28.75,15.25,2000-08-11,94.71948,35.5,18.0,2001-05-17,40566.0,94.71948,35.5,18.0,2001-05-17,40566.0
12,Gujarat,1,E,ITBP,G,UR,9,5,5,5,5,0,0,0,121EG9,86.54484,29.5,7.75,2002-12-20,96.72448,35.5,17.5,2002-05-10,38552.0,96.72448,35.5,17.5,2002-05-10,38552.0
12,Gujarat,1,F,AR,G,ST,2,1,1,1,1,0,0,0,121FG2,79.35317,26.5,8.5,2000-06-20,85.12542,24.25,24.25,1997-03-02,50818.0,85.12542,24.25,24.25,1997-03-02,50818.0
12,Gujarat,1,F,AR,G,OBC,6,1,1,1,1,0,0,0,121FG6,83.51036,28.75,15.25,2000-08-11,101.04314,29.0,8.5,2003-10-07,34311.0,101.04314,29.0,8.5,2003-10-07,34311.0
12,Gujarat,1,F,AR,G,UR,9,1,1,1,1,0,0,0,121FG9,86.54484,29.5,7.75,2002-12-20,104.81053,34.0,8.5,2006-03-28,30986.0,104.81053,34.0,8.5,2006-03-28,30986.0
12,Gujarat,2,A,BSF,B,EWS,0,25,25,25,25,0,0,0,122AB0,59.28931,17.5,10.75,2005-11-13,77.48903,17.5,17.5,2002-01-17,58383.0,77.48903,17.5,17.5,2002-01-17,58383.0
12,Gujarat,2,A,BSF,B,SC,1,17,17,17,17,0,0,0,122AB1,68.58376,22.0,8.5,1999-06-01,79.60401,26.75,12.0,2000-06-01,56361.0,79.60401,26.75,12.0,2000-06-01,56361.0
12,Gujarat,2,A,BSF,B,ST,2,37,37,37,37,0,0,0,122AB2,62.36073,19.0,7.75,2005-05-15,69.1557,20.75,13.75,2002-01-11,64852.0,69.1557,20.75,13.75,2002-01-11,64852.0
12,Gujarat,2,A,BSF,B,ESM,3,25,25,25,0,25,0,0,122AB3,,,,,,,,,,,,,,
12,Gujarat,2,A,BSF,B,OBC,6,66,66,66,66,0,0,0,122AB6,65.36002,15.25,19.75,2004-06-20,81.69278,17.5,13.0,2001-12-30,54355.0,81.69278,17.5,13.0,2001-12-30,54355.0
12,Gujarat,2,A,BSF,B,UR,9,101,101,101,101,0,0,0,122AB9,71.48718,24.75,18.75,2004-03-02,84.92642,29.25,19.75,2002-06-01,51045.0,84.92642,29.25,19.75,2002-06-01,51045.0
12,Gujarat,2,A,BSF,G,EWS,0,33,33,33,33,0,0,0,122AG0,67.61346,19.0,17.0,2002-12-15,77.98633,26.75,10.75,2006-01-30,57945.0,77.98633,26.75,10.75,2006-01-30,57945.0
12,Gujarat,2,A,BSF,G,SC,1,23,23,23,23,0,0,0,122AG1,77.81228,31.0,10.75,2004-11-28,86.23512,25.0,0.0,2002-07-22,49607.0,86.23512,25.0,0.0,2002-07-22,49607.0
12,Gujarat,2,A,BSF,G,ST,2,50,50,50,50,0,0,0,122AG2,78.60235,31.0,6.25,2002-11-15,84.13505,28.75,10.75,2004-04-26,51863.0,84.13505,28.75,10.75,2004-04-26,51863.0
12,Gujarat,2,A,BSF,G,ESM,3,33,33,33,0,33,0,0,122AG3,47.10067,14.75,5.5,1986-06-01,,,,,,,,,,
12,Gujarat,2,A,BSF,G,OBC,6,90,90,90,90,0,0,0,122AG6,77.02019,29.75,12.25,2001-11-23,89.43543,31.0,15.25,2001-05-31,46130.0,89.43543,31.0,15.25,2001-05-31,46130.0
12,Gujarat,2,A,BSF,G,UR,9,136,136,136,136,0,0,0,122AG9,82.9424,33.25,8.5,2005-07-07,92.37352,31.5,11.25,2003-03-23,43021.0,92.37352,31.5,11.25,2003-03-23,43021.0
12,Gujarat,2,B,CISF,B,EWS,0,17,17,17,17,0,0,0,122BB0,59.28931,17.5,10.75,2005-11-13,94.17809,26.5,15.25,2005-01-08,41116.0,94.17809,26.5,15.25,2005-01-08,41116.0
12,Gujarat,2,B,CISF,B,SC,1,12,12,12,12,0,0,0,122BB1,68.58376,22.0,8.5,1999-06-01,94.46885,31.0,15.25,2002-05-02,40824.0,94.46885,31.0,15.25,2002-05-02,40824.0
12,Gujarat,2,B,CISF,B,ST,2,26,26,26,26,0,0,0,122BB2,62.36073,19.0,7.75,2005-05-15,81.25268,26.5,17.75,2005-05-24,54771.0,81.25268,26.5,17.75,2005-05-24,54771.0
12,Gujarat,2,B,CISF,B,ESM,3,17,17,17,0,17,0,0,122BB3,,,,,,,,,,,,,,
12,Gujarat,2,B,CISF,B,OBC,6,47,47,47,47,0,0,0,122BB6,65.36002,15.25,19.75,2004-06-20,95.34529,35.5,14.0,2000-08-28,39940.0,95.34529,35.5,14.0,2000-08-28,39940.0
12,Gujarat,2,B,CISF,B,UR,9,71,71,71,71,0,0,0,122BB9,71.48718,24.75,18.75,2004-03-02,101.16161,31.0,15.25,2004-01-29,34230.0,101.16161,31.0,15.25,2004-01-29,34230.0
12,Gujarat,2,B,CISF,G,EWS,0,37,37,37,37,0,0,0,122BG0,67.61346,19.0,17.0,2002-12-15,95.1244,30.0,16.75,2006-03-10,40156.0,95.1244,30.0,16.75,2006-03-10,40156.0
12,Gujarat,2,B,CISF,G,SC,1,26,26,26,26,0,0,0,122BG1,77.81228,31.0,10.75,2004-11-28,101.8199,35.5,15.25,2006-04-13,33630.0,101.8199,35.5,15.25,2006-04-13,33630.0
12,Gujarat,2,B,CISF,G,ST,2,55,55,55,55,0,0,0,122BG2,78.60235,31.0,6.25,2002-11-15,90.01892,24.25,10.75,1998-04-21,45476.0,90.01892,24.25,10.75,1998-04-21,45476.0
12,Gujarat,2,B,CISF,G,ESM,3,37,37,37,3,34,0,0,122BG3,47.10067,14.75,5.5,1986-06-01,47.10067,14.75,5.5,1986-06-01,72353.0,47.10067,14.75,5.5,1986-06-01,72353.0
12,Gujarat,2,B,CISF,G,OBC,6,99,99,98,98,0,1,1,122BG6,77.02019,29.75,12.25,2001-11-23,101.71914,17.5,26.75,1999-05-28,33713.0,101.71914,17.5,26.75,1999-05-28,33713.0
12,Gujarat,2,B,CISF,G,UR,9,151,151,149,149,0,2,2,122BG9,82.9424,33.25,8.5,2005-07-07,106.66603,23.75,22.0,2003-02-12,29286.0,106.66603,23.75,22.0,2003-02-12,29286.0
12,Gujarat,2,C,CRPF,B,EWS,0,16,16,16,16,0,0,0,122CB0,59.28931,17.5,10.75,2005-11-13,79.89778,29.75,17.75,2003-04-10,56018.0,79.89778,29.75,17.75,2003-04-10,56018.0
12,Gujarat,2,C,CRPF,B,SC,1,11,11,11,11,0,0,0,122CB1,68.58376,22.0,8.5,1999-06-01,83.6427,26.5,15.25,2002-06-12,52376.0,83.6427,26.5,15.25,2002-06-12,52376.0
12,Gujarat,2,C,CRPF,B,ST,2,24,24,24,24,0,0,0,122CB2,62.36073,19.0,7.75,2005-05-15,74.26991,29.25,13.0,2005-05-22,60995.0,74.26991,29.25,13.0,2005-05-22,60995.0
12,Gujarat,2,C,CRPF,B,ESM,3,16,16,16,0,16,0,0,122CB3,,,,,,,,,,,,,,
12,Gujarat,2,C,CRPF,B,OBC,6,43,43,43,43,0,0,0,122CB6,65.36002,15.25,19.75,2004-06-20,85.5786,29.5,14.5,2005-02-07,50277.0,85.5786,29.5,14.5,2005-02-07,50277.0
12,Gujarat,2,C,CRPF,B,UR,9,66,66,66,66,0,0,0,122CB9,71.48718,24.75,18.75,2004-03-02,89.1342,34.0,4.0,2005-02-22,46414.0,89.1342,34.0,4.0,2005-02-22,46414.0
12,Gujarat,2,C,CRPF,G,EWS,0,34,34,34,34,0,0,0,122CG0,67.61346,19.0,17.0,2002-12-15,80.67277,20.5,7.25,2003-12-28,55304.0,80.67277,20.5,7.25,2003-12-28,55304.0
12,Gujarat,2,C,CRPF,G,SC,1,24,24,24,24,0,0,0,122CG1,77.81228,31.0,10.75,2004-11-28,86.62237,29.5,9.0,2005-11-13,49153.0,86.62237,29.5,9.0,2005-11-13,49153.0
12,Gujarat,2,C,CRPF,G,ST,2,51,51,51,51,0,0,0,122CG2,78.60235,31.0,6.25,2002-11-15,83.50626,28.75,17.5,2000-11-20,52519.0,83.50626,28.75,17.5,2000-11-20,52519.0
12,Gujarat,2,C,CRPF,G,ESM,3,34,34,34,0,34,0,0,122CG3,47.10067,14.75,5.5,1986-06-01,,,,,,,,,,
12,Gujarat,2,C,CRPF,G,OBC,6,93,93,93,93,0,0,0,122CG6,77.02019,29.75,12.25,2001-11-23,90.016,31.25,13.0,2000-06-04,45477.0,90.016,31.25,13.0,2000-06-04,45477.0
12,Gujarat,2,C,CRPF,G,UR,9,141,141,141,141,0,0,0,122CG9,82.9424,33.25,8.5,2005-07-07,93.55818,22.0,17.5,2002-10-05,41830.0,93.55818,22.0,17.5,2002-10-05,41830.0
12,Gujarat,2,D,SSB,G,EWS,0,2,2,2,2,0,0,0,122DG0,67.61346,19.0,17.0,2002-12-15,112.60289,31.5,10.25,2002-06-15,24645.0,112.60289,31.5,10.25,2002-06-15,24645.0
12,Gujarat,2,D,SSB,G,SC,1,2,2,2,2,0,0,0,122DG1,77.81228,31.0,10.75,2004-11-28,108.95779,31.5,15.5,2002-09-16,27365.0,108.95779,31.5,15.5,2002-09-16,27365.0
12,Gujarat,2,D,SSB,G,ST,2,3,3,3,3,0,0,0,122DG2,78.60235,31.0,6.25,2002-11-15,90.20822,40.0,15.5,2000-08-10,45268.0,90.20822,40.0,15.5,2000-08-10,45268.0
12,Gujarat,2,D,SSB,G,ESM,3,2,2,2,0,2,0,0,122DG3,47.10067,14.75,5.5,1986-06-01,,,,,,,,,,
12,Gujarat,2,D,SSB,G,OBC,6,6,6,6,6,0,0,0,122DG6,77.02019,29.75,12.25,2001-11-23,118.09647,37.75,19.75,1999-11-01,20758.0,118.09647,37.75,19.75,1999-11-01,20758.0
12,Gujarat,2,D,SSB,G,UR,9,8,8,8,8,0,0,0,122DG9,82.9424,33.25,8.5,2005-07-07,121.96944,37.75,10.75,2005-09-20,17899.0,121.96944,37.75,10.75,2005-09-20,17899.0
12,Gujarat,2,E,ITBP,G,EWS,0,6,6,6,6,0,0,0,122EG0,67.61346,19.0,17.0,2002-12-15,91.91698,28.75,6.25,2004-07-27,43510.0,91.91698,28.75,6.25,2004-07-27,43510.0
12,Gujarat,2,E,ITBP,G,SC,1,4,4,4,4,0,0,0,122EG1,77.81228,31.0,10.75,2004-11-28,97.38162,31.0,17.5,2003-03-04,37794.0,97.38162,31.0,17.5,2003-03-04,37794.0
12,Gujarat,2,E,ITBP,G,ST,2,10,10,10,10,0,0,0,122EG2,78.60235,31.0,6.25,2002-11-15,85.45798,33.5,15.75,2002-06-07,50422.0,85.45798,33.5,15.75,2002-06-07,50422.0
12,Gujarat,2,E,ITBP,G,ESM,3,6,6,6,0,6,0,0,122EG3,47.10067,14.75,5.5,1986-06-01,,,,,,,,,,
12,Gujarat,2,E,ITBP,G,OBC,6,17,17,17,17,0,0,0,122EG6,77.02019,29.75,12.25,2001-11-23,95.13821,33.5,8.5,2002-03-10,40146.0,95.13821,33.5,8.5,2002-03-10,40146.0
12,Gujarat,2,E,ITBP,G,UR,9,27,27,27,27,0,0,0,122EG9,82.9424,33.25,8.5,2005-07-07,100.53896,35.75,19.75,2002-12-26,34881.0,100.53896,35.75,19.75,2002-12-26,34881.0
12,Gujarat,2,F,AR,G,EWS,0,3,3,3,3,0,0,0,122FG0,67.61346,19.0,17.0,2002-12-15,98.99954,33.25,10.75,2002-03-09,36284.0,98.99954,33.25,10.75,2002-03-09,36284.0
12,Gujarat,2,F,AR,G,SC,1,2,2,2,2,0,0,0,122FG1,77.81228,31.0,10.75,2004-11-28,110.04216,31.0,10.75,2003-04-02,26605.0,110.04216,31.0,10.75,2003-04-02,26605.0
12,Gujarat,2,F,AR,G,ST,2,4,4,4,4,0,0,0,122FG2,78.60235,31.0,6.25,2002-11-15,91.36822,29.5,11.5,2001-11-08,44121.0,91.36822,29.5,11.5,2001-11-08,44121.0
12,Gujarat,2,F,AR,G,ESM,3,3,3,3,0,3,0,0,122FG3,47.10067,14.75,5.5,1986-06-01,,,,,,,,,,
12,Gujarat,2,F,AR,G,OBC,6,8,8,8,8,0,0,0,122FG6,77.02019,29.75,12.25,2001-11-23,107.85677,37.75,14.5,2002-05-29,28340.0,107.85677,37.75,14.5,2002-05-29,28340.0
12,Gujarat,2,F,AR,G,UR,9,12,12,12,12,0,0,0,122FG9,82.9424,33.25,8.5,2005-07-07,112.28198,37.75,6.25,2004-01-22,24914.0,112.28198,37.75,6.25,2004-01-22,24914.0
13,Haryana,1,A,BSF,G,EWS,0,2,2,2,2,0,0,0,131AG0,134.10858,40.0,17.25,2003-02-11,136.1634,37.75,19.75,2003-06-07,4409.0,136.1634,37.75,19.75,2003-06-07,4409.0
13,Haryana,1,A,BSF,G,SC,1,5,5,5,5,0,0,0,131AG1,125.18265,35.5,12.25,1999-02-25,129.30437,35.75,22.75,2001-10-22,10898.0,129.30437,35.75,22.75,2001-10-22,10898.0
13,Haryana,1,A,BSF,G,ESM,3,3,3,3,0,3,0,0,131AG3,,,,,,,,,,,,,,
13,Haryana,1,A,BSF,G,OBC,6,7,7,7,7,0,0,0,131AG6,132.97215,31.0,22.0,2001-07-25,134.89694,37.75,24.25,2001-11-28,5301.0,134.89694,37.75,24.25,2001-11-28,5301.0
13,Haryana,1,A,BSF,G,UR,9,11,11,11,11,0,0,0,131AG9,134.72893,37.75,19.75,2003-09-03,138.50205,35.5,24.25,2002-07-10,2849.0,138.50205,35.5,24.25,2002-07-10,2849.0
13,Haryana,1,B,CISF,G,EWS,0,2,2,2,2,0,0,0,131BG0,134.10858,40.0,17.25,2003-02-11,141.7431,35.5,29.25,2005-08-23,1355.0,141.7431,35.5,29.25,2005-08-23,1355.0
13,Haryana,1,B,CISF,G,SC,1,3,3,3,3,0,0,0,131BG1,125.18265,35.5,12.25,1999-02-25,131.44664,33.25,22.0,2003-02-08,8633.0,131.44664,33.25,22.0,2003-02-08,8633.0
13,Haryana,1,B,CISF,G,ESM,3,2,2,2,0,2,0,0,131BG3,,,,,,,,,,,,,,
13,Haryana,1,B,CISF,G,OBC,6,5,5,5,5,0,0,0,131BG6,132.97215,31.0,22.0,2001-07-25,138.99571,37.75,26.5,2003-04-10,2525.0,138.99571,37.75,26.5,2003-04-10,2525.0
13,Haryana,1,B,CISF,G,UR,9,7,7,7,7,0,0,0,131BG9,134.72893,37.75,19.75,2003-09-03,142.70563,40.0,29.25,2004-08-13,1063.0,142.70563,40.0,29.25,2004-08-13,1063.0
13,Haryana,1,C,CRPF,G,EWS,0,1,1,1,1,0,0,0,131CG0,134.10858,40.0,17.25,2003-02-11,141.58959,37.75,17.5,2006-10-10,1387.0,141.58959,37.75,17.5,2006-10-10,1387.0
13,Haryana,1,C,CRPF,G,SC,1,1,1,1,1,0,0,0,131CG1,125.18265,35.5,12.25,1999-02-25,136.66261,37.75,31.5,2004-07-01,4013.0,136.66261,37.75,31.5,2004-07-01,4013.0
13,Haryana,1,C,CRPF,G,ESM,3,1,1,1,0,1,0,0,131CG3,,,,,,,,,,,,,,
13,Haryana,1,C,CRPF,G,OBC,6,2,2,2,2,0,0,0,131CG6,132.97215,31.0,22.0,2001-07-25,137.02703,37.75,19.75,2002-10-07,3671.0,137.02703,37.75,19.75,2002-10-07,3671.0
13,Haryana,1,C,CRPF,G,UR,9,2,2,2,2,0,0,0,131CG9,134.72893,37.75,19.75,2003-09-03,142.0022,40.0,26.5,2002-02-01,1238.0,142.0022,40.0,26.5,2002-02-01,1238.0
13,Haryana,1,E,ITBP,G,SC,1,1,1,1,1,0,0,0,131EG1,125.18265,35.5,12.25,1999-02-25,131.25264,40.0,22.5,1999-10-09,8869.0,131.25264,40.0,22.5,1999-10-09,8869.0
13,Haryana,1,E,ITBP,G,ESM,3,1,1,1,0,1,0,0,131EG3,,,,,,,,,,,,,,
13,Haryana,1,E,ITBP,G,OBC,6,1,1,1,1,0,0,0,131EG6,132.97215,31.0,22.0,2001-07-25,137.95461,37.75,22.0,2004-03-28,3100.0,137.95461,37.75,22.0,2004-03-28,3100.0
13,Haryana,1,E,ITBP,G,UR,9,3,3,3,3,0,0,0,131EG9,134.72893,37.75,19.75,2003-09-03,138.08396,40.0,12.5,2006-08-03,2995.0,138.08396,40.0,12.5,2006-08-03,2995.0
13,Haryana,1,F,AR,G,UR,9,1,1,1,1,0,0,0,131FG9,134.72893,37.75,19.75,2003-09-03,141.27852,35.5,22.0,2004-07-30,1561.0,141.27852,35.5,22.0,2004-07-30,1561.0
13,Haryana,2,A,BSF,G,EWS,0,14,14,14,14,0,0,0,132AG0,124.02707,31.0,15.25,2004-12-02,131.06904,37.75,13.0,2002-07-02,9018.0,131.06904,37.75,13.0,2002-07-02,9018.0
13,Haryana,2,A,BSF,G,SC,1,26,26,26,26,0,0,0,132AG1,118.36496,35.75,26.5,2004-11-02,124.9623,31.75,27.5,2002-11-01,15290.0,124.9623,31.75,27.5,2002-11-01,15290.0
13,Haryana,2,A,BSF,G,ESM,3,14,14,14,1,13,0,0,132AG3,35.56511,1.75,13.0,1982-05-04,36.88673,22.0,6.25,1986-09-10,73325.0,36.88673,22.0,6.25,1986-09-10,73325.0
13,Haryana,2,A,BSF,G,OBC,6,38,38,38,38,0,0,0,132AG6,124.92206,40.0,22.0,2001-08-20,131.54962,40.0,24.25,2003-01-18,8526.0,131.54962,40.0,24.25,2003-01-18,8526.0
13,Haryana,2,A,BSF,G,UR,9,61,61,60,60,0,1,1,132AG9,127.31295,33.25,22.0,2005-08-24,132.60964,35.5,17.5,2002-12-10,7414.0,132.60964,35.5,17.5,2002-12-10,7414.0
13,Haryana,2,B,CISF,G,EWS,0,15,15,15,15,0,0,0,132BG0,124.02707,31.0,15.25,2004-12-02,136.92509,33.25,22.0,2002-08-23,3787.0,136.92509,33.25,22.0,2002-08-23,3787.0
13,Haryana,2,B,CISF,G,SC,1,29,29,29,29,0,0,0,132BG1,118.36496,35.75,26.5,2004-11-02,130.50205,40.0,17.5,2001-10-21,9587.0,130.50205,40.0,17.5,2001-10-21,9587.0
13,Haryana,2,B,CISF,G,ESM,3,15,15,15,8,7,0,0,132BG3,35.56511,1.75,13.0,1982-05-04,56.74579,13.0,6.25,1990-03-03,70494.0,56.74579,13.0,6.25,1990-03-03,70494.0
13,Haryana,2,B,CISF,G,OBC,6,42,42,38,38,0,4,4,132BG6,124.92206,40.0,22.0,2001-08-20,137.95461,40.0,26.5,2001-08-04,3082.0,137.95461,40.0,26.5,2001-08-04,3082.0
13,Haryana,2,B,CISF,G,UR,9,68,68,64,64,0,4,4,132BG9,127.31295,33.25,22.0,2005-08-24,139.70073,37.75,22.0,2006-08-25,2111.0,139.70073,37.75,22.0,2006-08-25,2111.0
13,Haryana,2,C,CRPF,G,EWS,0,14,14,14,14,0,0,0,132CG0,124.02707,31.0,15.25,2004-12-02,132.16424,37.75,16.75,2004-07-10,7865.0,132.16424,37.75,16.75,2004-07-10,7865.0
13,Haryana,2,C,CRPF,G,SC,1,27,27,27,27,0,0,0,132CG1,118.36496,35.75,26.5,2004-11-02,126.02218,33.25,19.75,1999-08-10,14450.0,126.02218,33.25,19.75,1999-08-10,14450.0
13,Haryana,2,C,CRPF,G,ESM,3,14,14,14,0,14,0,0,132CG3,35.56511,1.75,13.0,1982-05-04,,,,,,,,,,
13,Haryana,2,C,CRPF,G,OBC,6,39,39,39,39,0,0,0,132CG6,124.92206,40.0,22.0,2001-08-20,132.43146,38.0,17.75,2003-06-08,7598.0,132.43146,38.0,17.75,2003-06-08,7598.0
13,Haryana,2,C,CRPF,G,UR,9,64,64,64,64,0,0,0,132CG9,127.31295,33.25,22.0,2005-08-24,133.74368,33.25,24.25,2003-06-04,6514.0,133.74368,33.25,24.25,2003-06-04,6514.0
13,Haryana,2,D,SSB,G,EWS,0,1,1,1,1,0,0,0,132DG0,124.02707,31.0,15.25,2004-12-02,142.96246,40.0,19.75,2002-10-05,1015.0,142.96246,40.0,19.75,2002-10-05,1015.0
13,Haryana,2,D,SSB,G,SC,1,2,2,2,2,0,0,0,132DG1,118.36496,35.75,26.5,2004-11-02,140.39045,37.75,17.5,2005-06-02,1847.0,140.39045,37.75,17.5,2005-06-02,1847.0
13,Haryana,2,D,SSB,G,ESM,3,1,1,1,0,1,0,0,132DG3,35.56511,1.75,13.0,1982-05-04,,,,,,,,,,
13,Haryana,2,D,SSB,G,OBC,6,2,2,2,2,0,0,0,132DG6,124.92206,40.0,22.0,2001-08-20,141.99876,35.5,33.25,2002-09-17,1252.0,141.99876,35.5,33.25,2002-09-17,1252.0
13,Haryana,2,D,SSB,G,UR,9,4,4,4,4,0,0,0,132DG9,127.31295,33.25,22.0,2005-08-24,144.66854,40.0,24.5,2004-09-03,619.0,144.66854,40.0,24.5,2004-09-03,619.0
13,Haryana,2,E,ITBP,G,EWS,0,3,3,3,3,0,0,0,132EG0,124.02707,31.0,15.25,2004-12-02,134.18637,40.0,20.0,2002-09-28,6075.0,134.18637,40.0,20.0,2002-09-28,6075.0
13,Haryana,2,E,ITBP,G,SC,1,5,5,5,5,0,0,0,132EG1,118.36496,35.75,26.5,2004-11-02,126.51816,37.75,19.75,2002-01-12,13969.0,126.51816,37.75,19.75,2002-01-12,13969.0
13,Haryana,2,E,ITBP,G,ESM,3,3,3,3,1,2,0,0,132EG3,35.56511,1.75,13.0,1982-05-04,42.51539,4.0,8.5,1999-11-28,72943.0,42.51539,4.0,8.5,1999-11-28,72943.0
13,Haryana,2,E,ITBP,G,OBC,6,7,7,7,7,0,0,0,132EG6,124.92206,40.0,22.0,2001-08-20,134.44076,37.75,19.75,2001-03-07,5805.0,134.44076,37.75,19.75,2001-03-07,5805.0
13,Haryana,2,E,ITBP,G,UR,9,12,12,11,11,0,1,1,132EG9,127.31295,33.25,22.0,2005-08-24,135.91423,40.0,27.5,2003-09-09,4524.0,135.91423,40.0,27.5,2003-09-09,4524.0
13,Haryana,2,F,AR,G,EWS,0,1,1,1,1,0,0,0,132FG0,124.02707,31.0,15.25,2004-12-02,134.94399,35.5,19.75,2002-05-14,5265.0,134.94399,35.5,19.75,2002-05-14,5265.0
13,Haryana,2,F,AR,G,SC,1,2,2,2,2,0,0,0,132FG1,118.36496,35.75,26.5,2004-11-02,127.42495,38.0,18.0,2001-04-30,13017.0,127.42495,38.0,18.0,2001-04-30,13017.0
13,Haryana,2,F,AR,G,ESM,3,1,1,1,0,1,0,0,132FG3,35.56511,1.75,13.0,1982-05-04,,,,,,,,,,
13,Haryana,2,F,AR,G,OBC,6,3,3,3,3,0,0,0,132FG6,124.92206,40.0,22.0,2001-08-20,135.67207,35.5,28.75,2002-01-01,4687.0,135.67207,35.5,28.75,2002-01-01,4687.0
13,Haryana,2,F,AR,G,UR,9,6,6,6,6,0,0,0,132FG9,127.31295,33.25,22.0,2005-08-24,136.15931,35.5,19.75,2004-04-03,4416.0,136.15931,35.5,19.75,2004-04-03,4416.0
14,Himachal Pradesh,1,A,BSF,G,EWS,0,1,1,1,1,0,0,0,141AG0,111.24678,33.5,14.5,2002-09-28,115.49628,37.75,12.0,2004-03-12,22530.0,115.49628,37.75,12.0,2004-03-12,22530.0
14,Himachal Pradesh,1,A,BSF,G,SC,1,2,2,2,2,0,0,0,141AG1,113.05301,33.25,19.75,2000-09-10,122.42004,35.5,26.5,2006-06-13,17502.0,122.42004,35.5,26.5,2006-06-13,17502.0
14,Himachal Pradesh,1,A,BSF,G,ESM,3,1,1,1,0,1,0,0,141AG3,,,,,,,,,,,,,,
14,Himachal Pradesh,1,A,BSF,G,OBC,6,1,1,1,1,0,0,0,141AG6,120.48855,37.75,15.25,2000-06-02,122.36743,38.0,14.75,1999-02-02,17526.0,122.36743,38.0,14.75,1999-02-02,17526.0
14,Himachal Pradesh,1,A,BSF,G,UR,9,3,3,3,3,0,0,0,141AG9,121.23606,35.5,17.5,2002-11-13,124.88392,35.5,14.0,2002-10-04,15396.0,124.88392,35.5,14.0,2002-10-04,15396.0
14,Himachal Pradesh,1,B,CISF,G,EWS,0,1,1,1,1,0,0,0,141BG0,111.24678,33.5,14.5,2002-09-28,112.58111,31.5,7.0,2003-03-03,24692.0,112.58111,31.5,7.0,2003-03-03,24692.0
14,Himachal Pradesh,1,B,CISF,G,SC,1,1,1,1,1,0,0,0,141BG1,113.05301,33.25,19.75,2000-09-10,125.09372,38.0,26.5,2001-04-24,15178.0,125.09372,38.0,26.5,2001-04-24,15178.0
14,Himachal Pradesh,1,B,CISF,G,ESM,3,1,1,1,0,1,0,0,141BG3,,,,,,,,,,,,,,
14,Himachal Pradesh,1,B,CISF,G,OBC,6,1,1,1,1,0,0,0,141BG6,120.48855,37.75,15.25,2000-06-02,122.45061,33.75,21.75,2001-03-03,17471.0,122.45061,33.75,21.75,2001-03-03,17471.0
14,Himachal Pradesh,1,B,CISF,G,UR,9,2,2,2,2,0,0,0,141BG9,121.23606,35.5,17.5,2002-11-13,131.56474,35.5,31.0,2004-02-28,8511.0,131.56474,35.5,31.0,2004-02-28,8511.0
14,Himachal Pradesh,1,C,CRPF,G,SC,1,1,1,1,1,0,0,0,141CG1,113.05301,33.25,19.75,2000-09-10,119.93513,31.0,20.25,2000-09-01,19469.0,119.93513,31.0,20.25,2000-09-01,19469.0
14,Himachal Pradesh,1,C,CRPF,G,UR,9,1,1,1,1,0,0,0,141CG9,121.23606,35.5,17.5,2002-11-13,126.41596,38.0,19.75,2003-10-19,14109.0,126.41596,38.0,19.75,2003-10-19,14109.0
14,Himachal Pradesh,1,E,ITBP,B,EWS,0,1,1,1,0,1,0,0,141EB0,,,,,,,,,,,,,,
14,Himachal Pradesh,1,E,ITBP,B,SC,1,3,3,3,3,0,0,0,141EB1,37.85494,1.75,10.75,2005-01-01,53.73159,10.5,9.5,2005-04-27,71104.0,53.73159,10.5,9.5,2005-04-27,71104.0
14,Himachal Pradesh,1,E,ITBP,B,ESM,3,1,1,1,0,1,0,0,141EB3,,,,,,,,,,,,,,
14,Himachal Pradesh,1,E,ITBP,B,OBC,6,3,3,3,0,3,0,0,141EB6,,,,,,,,,,,,,,
14,Himachal Pradesh,1,E,ITBP,B,UR,9,2,2,2,2,0,0,0,141EB9,85.02313,24.5,10.75,2004-07-20,87.84093,33.25,8.5,2002-09-04,47814.0,87.84093,33.25,8.5,2002-09-04,47814.0
14,Himachal Pradesh,1,E,ITBP,G,UR,9,1,1,1,1,0,0,0,141EG9,121.23606,35.5,17.5,2002-11-13,124.30885,31.0,19.75,2003-06-22,15921.0,124.30885,31.0,19.75,2003-06-22,15921.0
14,Himachal Pradesh,2,A,BSF,G,EWS,0,4,4,4,4,0,0,0,142AG0,114.80954,26.75,24.25,2002-09-28,121.33556,40.0,22.0,2002-09-06,18448.0,121.33556,40.0,22.0,2002-09-06,18448.0
14,Himachal Pradesh,2,A,BSF,G,SC,1,9,9,8,8,0,1,1,142AG1,116.83517,33.25,19.75,2000-04-10,123.65029,35.75,21.0,1999-01-14,16585.0,123.65029,35.75,21.0,1999-01-14,16585.0
14,Himachal Pradesh,2,A,BSF,G,ST,2,1,1,1,1,0,0,0,142AG2,122.15231,33.5,15.0,2001-06-02,138.90989,40.0,28.75,1998-03-26,2587.0,138.90989,40.0,28.75,1998-03-26,2587.0
14,Himachal Pradesh,2,A,BSF,G,ESM,3,4,4,4,1,3,0,0,142AG3,40.61155,10.75,4.0,1985-05-14,46.80142,8.5,10.75,1982-07-02,72414.0,46.80142,8.5,10.75,1982-07-02,72414.0
14,Himachal Pradesh,2,A,BSF,G,OBC,6,8,8,8,8,0,0,0,142AG6,119.76285,35.5,26.5,2002-04-26,123.99297,38.0,26.5,2001-06-08,16245.0,123.99297,38.0,26.5,2001-06-08,16245.0
14,Himachal Pradesh,2,A,BSF,G,UR,9,16,16,16,16,0,0,0,142AG9,121.07476,35.5,19.75,2002-08-20,126.87466,37.75,24.25,2002-08-06,13642.0,126.87466,37.75,24.25,2002-08-06,13642.0
14,Himachal Pradesh,2,B,CISF,B,EWS,0,1,1,1,0,1,0,0,142BB0,67.90102,19.75,8.5,2005-06-20,,,,,,,,,,
14,Himachal Pradesh,2,B,CISF,B,SC,1,1,1,1,1,0,0,0,142BB1,41.98906,13.0,-0.5,2003-10-05,61.87647,24.25,19.75,2002-08-06,68961.0,61.87647,24.25,19.75,2002-08-06,68961.0
14,Himachal Pradesh,2,B,CISF,B,UR,9,1,1,1,1,0,0,0,142BB9,86.27463,29.0,13.75,2006-12-15,103.74071,35.5,6.75,2004-09-05,31859.0,103.74071,35.5,6.75,2004-09-05,31859.0
14,Himachal Pradesh,2,B,CISF,G,EWS,0,4,4,4,4,0,0,0,142BG0,114.80954,26.75,24.25,2002-09-28,129.7744,31.0,18.5,2002-01-06,10344.0,129.7744,31.0,18.5,2002-01-06,10344.0
14,Himachal Pradesh,2,B,CISF,G,SC,1,11,11,11,11,0,0,0,142BG1,116.83517,33.25,19.75,2000-04-10,128.10897,33.25,24.25,1998-12-02,12306.0,128.10897,33.25,24.25,1998-12-02,12306.0
14,Himachal Pradesh,2,B,CISF,G,ST,2,2,2,2,2,0,0,0,142BG2,122.15231,33.5,15.0,2001-06-02,134.72947,40.0,24.25,2000-11-11,5452.0,134.72947,40.0,24.25,2000-11-11,5452.0
14,Himachal Pradesh,2,B,CISF,G,ESM,3,4,4,4,4,0,0,0,142BG3,40.61155,10.75,4.0,1985-05-14,60.56944,16.75,12.5,1984-05-17,69450.0,60.56944,16.75,12.5,1984-05-17,69450.0
14,Himachal Pradesh,2,B,CISF,G,OBC,6,8,8,8,8,0,0,0,142BG6,119.76285,35.5,26.5,2002-04-26,131.88017,33.25,22.0,2003-02-03,8225.0,131.88017,33.25,22.0,2003-02-03,8225.0
14,Himachal Pradesh,2,B,CISF,G,UR,9,17,17,13,13,0,4,4,142BG9,121.07476,35.5,19.75,2002-08-20,135.55842,37.75,22.0,2006-01-19,4791.0,135.55842,37.75,22.0,2006-01-19,4791.0
14,Himachal Pradesh,2,C,CRPF,B,SC,1,1,1,1,1,0,0,0,142CB1,41.98906,13.0,-0.5,2003-10-05,61.29723,22.75,-2.75,2002-04-01,69201.0,61.29723,22.75,-2.75,2002-04-01,69201.0
14,Himachal Pradesh,2,C,CRPF,B,OBC,6,1,1,1,0,1,0,0,142CB6,,,,,,,,,,,,,,
14,Himachal Pradesh,2,C,CRPF,B,UR,9,1,1,1,1,0,0,0,142CB9,86.27463,29.0,13.75,2006-12-15,102.433,33.25,17.5,2005-05-30,33112.0,102.433,33.25,17.5,2005-05-30,33112.0
14,Himachal Pradesh,2,C,CRPF,G,EWS,0,4,4,4,4,0,0,0,142CG0,114.80954,26.75,24.25,2002-09-28,121.67667,40.0,13.0,2002-02-03,18099.0,121.67667,40.0,13.0,2002-02-03,18099.0
14,Himachal Pradesh,2,C,CRPF,G,SC,1,10,10,10,10,0,0,0,142CG1,116.83517,33.25,19.75,2000-04-10,122.90771,37.75,24.25,2003-02-18,17024.0,122.90771,37.75,24.25,2003-02-18,17024.0
14,Himachal Pradesh,2,C,CRPF,G,ST,2,2,2,2,2,0,0,0,142CG2,122.15231,33.5,15.0,2001-06-02,125.49903,35.5,24.25,2001-02-22,14859.0,125.49903,35.5,24.25,2001-02-22,14859.0
14,Himachal Pradesh,2,C,CRPF,G,ESM,3,4,4,4,0,4,0,0,142CG3,40.61155,10.75,4.0,1985-05-14,,,,,,,,,,
14,Himachal Pradesh,2,C,CRPF,G,OBC,6,8,8,8,8,0,0,0,142CG6,119.76285,35.5,26.5,2002-04-26,125.7609,37.75,17.75,2000-08-13,14618.0,125.7609,37.75,17.75,2000-08-13,14618.0
14,Himachal Pradesh,2,C,CRPF,G,UR,9,15,15,15,15,0,0,0,142CG9,121.07476,35.5,19.75,2002-08-20,126.85023,35.5,11.75,2002-11-21,13648.0,126.85023,35.5,11.75,2002-11-21,13648.0
14,Himachal Pradesh,2,D,SSB,G,SC,1,1,1,1,1,0,0,0,142DG1,116.83517,33.25,19.75,2000-04-10,137.95461,37.75,24.25,2004-10-10,3097.0,137.95461,37.75,24.25,2004-10-10,3097.0
14,Himachal Pradesh,2,D,SSB,G,UR,9,1,1,1,1,0,0,0,142DG9,121.07476,35.5,19.75,2002-08-20,141.51482,37.75,14.5,2004-04-24,1431.0,141.51482,37.75,14.5,2004-04-24,1431.0
14,Himachal Pradesh,2,E,ITBP,B,EWS,0,6,6,6,0,6,0,0,142EB0,67.90102,19.75,8.5,2005-06-20,,,,,,,,,,
14,Himachal Pradesh,2,E,ITBP,B,SC,1,12,12,12,12,0,0,0,142EB1,41.98906,13.0,-0.5,2003-10-05,45.99405,9.5,8.5,2004-12-02,72540.0,45.99405,9.5,8.5,2004-12-02,72540.0
14,Himachal Pradesh,2,E,ITBP,B,ST,2,1,1,1,0,1,0,0,142EB2,101.23479,33.75,18.5,2001-01-12,,,,,,,,,,
14,Himachal Pradesh,2,E,ITBP,B,ESM,3,6,6,6,0,6,0,0,142EB3,,,,,,,,,,,,,,
14,Himachal Pradesh,2,E,ITBP,B,OBC,6,22,22,22,0,22,0,0,142EB6,,,,,,,,,,,,,,
14,Himachal Pradesh,2,E,ITBP,B,UR,9,14,14,14,10,4,0,0,142EB9,86.27463,29.0,13.75,2006-12-15,86.27463,29.0,13.75,2006-12-15,49548.0,86.27463,29.0,13.75,2006-12-15,49548.0
14,Himachal Pradesh,2,E,ITBP,G,EWS,0,1,1,1,1,0,0,0,142EG0,114.80954,26.75,24.25,2002-09-28,128.91061,35.5,22.0,2004-08-09,11449.0,128.91061,35.5,22.0,2004-08-09,11449.0
14,Himachal Pradesh,2,E,ITBP,G,SC,1,2,2,2,2,0,0,0,142EG1,116.83517,33.25,19.75,2000-04-10,126.68356,38.0,15.25,2002-06-09,13817.0,126.68356,38.0,15.25,2002-06-09,13817.0
14,Himachal Pradesh,2,E,ITBP,G,ESM,3,1,1,1,0,1,0,0,142EG3,40.61155,10.75,4.0,1985-05-14,,,,,,,,,,
14,Himachal Pradesh,2,E,ITBP,G,OBC,6,1,1,1,1,0,0,0,142EG6,119.76285,35.5,26.5,2002-04-26,129.93964,38.0,22.0,2001-12-05,10202.0,129.93964,38.0,22.0,2001-12-05,10202.0
14,Himachal Pradesh,2,E,ITBP,G,UR,9,3,3,3,3,0,0,0,142EG9,121.07476,35.5,19.75,2002-08-20,129.67118,38.0,26.5,2003-06-02,10491.0,129.67118,38.0,26.5,2003-06-02,10491.0
14,Himachal Pradesh,2,F,AR,G,SC,1,1,1,1,1,0,0,0,142FG1,116.83517,33.25,19.75,2000-04-10,131.66735,37.75,22.0,2003-01-04,8370.0,131.66735,37.75,22.0,2003-01-04,8370.0
14,Himachal Pradesh,2,F,AR,G,OBC,6,1,1,1,1,0,0,0,142FG6,119.76285,35.5,26.5,2002-04-26,132.23645,35.5,26.5,2002-08-01,7810.0,132.23645,35.5,26.5,2002-08-01,7810.0
14,Himachal Pradesh,2,F,AR,G,UR,9,1,1,1,1,0,0,0,142FG9,121.07476,35.5,19.75,2002-08-20,134.67037,35.5,27.0,2003-02-16,5581.0,134.67037,35.5,27.0,2003-02-16,5581.0
15,Jammu & Kashmir,1,A,BSF,B,EWS,0,4,4,4,0,4,0,0,151AB0,,,,,,,,,,,,,,
15,Jammu & Kashmir,1,A,BSF,B,SC,1,3,3,3,3,0,0,0,151AB1,66.47712,31.25,1.5,2000-03-09,66.47712,31.25,1.5,2000-03-09,66635.0,66.47712,31.25,1.5,2000-03-09,66635.0
15,Jammu & Kashmir,1,A,BSF,B,ST,2,4,4,4,4,0,0,0,151AB2,49.90653,13.0,4.0,2005-03-15,54.98903,31.0,10.75,2004-02-06,70845.0,54.98903,31.0,10.75,2004-02-06,70845.0
15,Jammu & Kashmir,1,A,BSF,B,ESM,3,4,4,4,0,4,0,0,151AB3,,,,,,,,,,,,,,
15,Jammu & Kashmir,1,A,BSF,B,OBC,6,11,11,11,0,11,0,0,151AB6,,,,,,,,,,,,,,
15,Jammu & Kashmir,1,A,BSF,B,UR,9,17,17,17,17,0,0,0,151AB9,63.64555,11.25,10.75,2006-01-06,63.68022,29.5,7.25,2005-03-30,68183.0,63.68022,29.5,7.25,2005-03-30,68183.0
15,Jammu & Kashmir,1,A,BSF,G,EWS,0,1,1,1,0,1,0,0,151AG0,,,,,,,,,,,,,,
15,Jammu & Kashmir,1,A,BSF,G,SC,1,1,1,1,0,1,0,0,151AG1,,,,,,,,,,,,,,
15,Jammu & Kashmir,1,A,BSF,G,ST,2,2,2,2,2,0,0,0,151AG2,46.92862,19.0,-0.75,2002-04-30,52.52119,4.0,8.5,2004-12-16,71342.0,52.52119,4.0,8.5,2004-12-16,71342.0
15,Jammu & Kashmir,1,A,BSF,G,ESM,3,1,1,1,0,1,0,0,151AG3,,,,,,,,,,,,,,
15,Jammu & Kashmir,1,A,BSF,G,OBC,6,3,3,3,0,3,0,0,151AG6,,,,,,,,,,,,,,
15,Jammu & Kashmir,1,A,BSF,G,UR,9,5,5,5,5,0,0,0,151AG9,63.26119,19.75,6.0,2004-01-28,64.39913,22.0,10.75,2002-11-25,67823.0,64.39913,22.0,10.75,2002-11-25,67823.0
15,Jammu & Kashmir,1,A,BSF,N,EWS,0,8,8,8,8,0,0,0,151AN0,43.11156,19.75,1.75,2002-10-11,45.63606,19.75,10.75,2003-04-05,72601.0,45.63606,19.75,10.75,2003-04-05,72601.0
15,Jammu & Kashmir,1,A,BSF,N,SC,1,6,6,6,5,1,0,0,151AN1,69.61815,26.5,13.5,1999-02-12,73.49048,27.25,0.75,1999-07-18,61607.0,73.49048,27.25,0.75,1999-07-18,61607.0
15,Jammu & Kashmir,1,A,BSF,N,ST,2,8,8,8,8,0,0,0,151AN2,54.98903,31.0,10.75,2004-02-06,62.54045,29.0,9.75,1997-03-10,68681.0,62.54045,29.0,9.75,1997-03-10,68681.0
15,Jammu & Kashmir,1,A,BSF,N,ESM,3,8,8,8,0,8,0,0,151AN3,,,,,,,,,,,,,,
15,Jammu & Kashmir,1,A,BSF,N,OBC,6,21,21,21,5,16,0,0,151AN6,44.79336,15.25,6.25,2006-02-10,44.79336,15.25,6.25,2006-02-10,72705.0,44.79336,15.25,6.25,2006-02-10,72705.0
15,Jammu & Kashmir,1,A,BSF,N,UR,9,34,34,34,34,0,0,0,151AN9,67.91975,26.5,7.5,2003-03-22,69.51863,27.25,17.25,2005-04-11,64573.0,69.51863,27.25,17.25,2005-04-11,64573.0
15,Jammu & Kashmir,1,B,CISF,B,EWS,0,2,2,2,0,2,0,0,151BB0,,,,,,,,,,,,,,
15,Jammu & Kashmir,1,B,CISF,B,SC,1,1,1,1,1,0,0,0,151BB1,66.47712,31.25,1.5,2000-03-09,66.49002,22.0,13.0,2005-10-31,66612.0,66.49002,22.0,13.0,2005-10-31,66612.0
15,Jammu & Kashmir,1,B,CISF,B,ST,2,2,2,2,2,0,0,0,151BB2,49.90653,13.0,4.0,2005-03-15,60.59917,11.25,15.75,2003-10-30,69435.0,60.59917,11.25,15.75,2003-10-30,69435.0
15,Jammu & Kashmir,1,B,CISF,B,ESM,3,2,2,2,0,2,0,0,151BB3,,,,,,,,,,,,,,
15,Jammu & Kashmir,1,B,CISF,B,OBC,6,5,5,5,0,5,0,0,151BB6,,,,,,,,,,,,,,
15,Jammu & Kashmir,1,B,CISF,B,UR,9,7,7,7,7,0,0,0,151BB9,63.64555,11.25,10.75,2006-01-06,76.4413,33.25,8.5,2006-05-15,59210.0,76.4413,33.25,8.5,2006-05-15,59210.0
15,Jammu & Kashmir,1,B,CISF,G,EWS,0,1,1,1,0,1,0,0,151BG0,,,,,,,,,,,,,,
15,Jammu & Kashmir,1,B,CISF,G,SC,1,1,1,1,0,1,0,0,151BG1,,,,,,,,,,,,,,
15,Jammu & Kashmir,1,B,CISF,G,ST,2,1,1,1,1,0,0,0,151BG2,46.92862,19.0,-0.75,2002-04-30,59.38344,22.0,4.0,1998-03-01,69773.0,59.38344,22.0,4.0,1998-03-01,69773.0
15,Jammu & Kashmir,1,B,CISF,G,ESM,3,1,1,1,0,1,0,0,151BG3,,,,,,,,,,,,,,
15,Jammu & Kashmir,1,B,CISF,G,OBC,6,2,2,2,0,2,0,0,151BG6,,,,,,,,,,,,,,
15,Jammu & Kashmir,1,B,CISF,G,UR,9,3,3,3,3,0,0,0,151BG9,63.26119,19.75,6.0,2004-01-28,75.18058,19.25,6.75,2004-09-21,60243.0,75.18058,19.25,6.75,2004-09-21,60243.0
15,Jammu & Kashmir,1,B,CISF,N,EWS,0,5,5,5,5,0,0,0,151BN0,43.11156,19.75,1.75,2002-10-11,58.84211,23.25,8.5,2006-09-17,69956.0,58.84211,23.25,8.5,2006-09-17,69956.0
15,Jammu & Kashmir,1,B,CISF,N,SC,1,4,4,4,4,0,0,0,151BN1,69.61815,26.5,13.5,1999-02-12,69.61815,26.5,13.5,1999-02-12,64510.0,69.61815,26.5,13.5,1999-02-12,64510.0
15,Jammu & Kashmir,1,B,CISF,N,ST,2,6,6,6,6,0,0,0,151BN2,54.98903,31.0,10.75,2004-02-06,65.89873,29.0,7.25,2002-01-05,67015.0,65.89873,29.0,7.25,2002-01-05,67015.0
15,Jammu & Kashmir,1,B,CISF,N,ESM,3,5,5,5,0,5,0,0,151BN3,,,,,,,,,,,,,,
15,Jammu & Kashmir,1,B,CISF,N,OBC,6,15,15,15,5,10,0,0,151BN6,44.79336,15.25,6.25,2006-02-10,57.34738,26.5,6.25,2005-10-28,70347.0,57.34738,26.5,6.25,2005-10-28,70347.0
15,Jammu & Kashmir,1,B,CISF,N,UR,9,24,24,24,24,0,0,0,151BN9,67.91975,26.5,7.5,2003-03-22,82.18368,35.5,9.25,2006-03-19,53821.0,82.18368,35.5,9.25,2006-03-19,53821.0
15,Jammu & Kashmir,1,C,CRPF,B,EWS,0,1,1,1,0,1,0,0,151CB0,,,,,,,,,,,,,,
15,Jammu & Kashmir,1,C,CRPF,B,ST,2,1,1,1,1,0,0,0,151CB2,49.90653,13.0,4.0,2005-03-15,49.90653,13.0,4.0,2005-03-15,71866.0,49.90653,13.0,4.0,2005-03-15,71866.0
15,Jammu & Kashmir,1,C,CRPF,B,ESM,3,1,1,1,0,1,0,0,151CB3,,,,,,,,,,,,,,
15,Jammu & Kashmir,1,C,CRPF,B,OBC,6,2,2,2,0,2,0,0,151CB6,,,,,,,,,,,,,,
15,Jammu & Kashmir,1,C,CRPF,B,UR,9,2,2,2,2,0,0,0,151CB9,63.64555,11.25,10.75,2006-01-06,66.2518,31.25,5.0,2003-08-08,66774.0,66.2518,31.25,5.0,2003-08-08,66774.0
15,Jammu & Kashmir,1,C,CRPF,G,OBC,6,1,1,1,0,1,0,0,151CG6,,,,,,,,,,,,,,
15,Jammu & Kashmir,1,C,CRPF,G,UR,9,2,2,2,2,0,0,0,151CG9,63.26119,19.75,6.0,2004-01-28,63.64555,11.25,10.75,2006-01-06,68201.0,63.64555,11.25,10.75,2006-01-06,68201.0
15,Jammu & Kashmir,1,C,CRPF,N,EWS,0,2,2,2,2,0,0,0,151CN0,43.11156,19.75,1.75,2002-10-11,46.29415,19.75,6.25,2004-07-12,72490.0,46.29415,19.75,6.25,2004-07-12,72490.0
15,Jammu & Kashmir,1,C,CRPF,N,SC,1,2,2,2,2,0,0,0,151CN1,69.61815,26.5,13.5,1999-02-12,73.50102,22.75,19.25,1998-01-14,61597.0,73.50102,22.75,19.25,1998-01-14,61597.0
15,Jammu & Kashmir,1,C,CRPF,N,ST,2,2,2,2,2,0,0,0,151CN2,54.98903,31.0,10.75,2004-02-06,57.28271,19.75,10.75,2004-02-09,70360.0,57.28271,19.75,10.75,2004-02-09,70360.0
15,Jammu & Kashmir,1,C,CRPF,N,ESM,3,2,2,2,0,2,0,0,151CN3,,,,,,,,,,,,,,
15,Jammu & Kashmir,1,C,CRPF,N,OBC,6,5,5,5,1,4,0,0,151CN6,44.79336,15.25,6.25,2006-02-10,50.99599,19.75,13.0,2006-02-04,71635.0,50.99599,19.75,13.0,2006-02-04,71635.0
15,Jammu & Kashmir,1,C,CRPF,N,UR,9,8,8,8,8,0,0,0,151CN9,67.91975,26.5,7.5,2003-03-22,69.23616,29.5,5.25,2003-03-28,64771.0,69.23616,29.5,5.25,2003-03-28,64771.0
15,Jammu & Kashmir,1,E,ITBP,G,OBC,6,1,1,1,0,1,0,0,151EG6,,,,,,,,,,,,,,
15,Jammu & Kashmir,1,E,ITBP,G,UR,9,1,1,1,1,0,0,0,151EG9,63.26119,19.75,6.0,2004-01-28,66.08085,19.0,7.75,2006-03-22,66878.0,66.08085,19.0,7.75,2006-03-22,66878.0
15,Jammu & Kashmir,1,E,ITBP,N,EWS,0,1,1,1,1,0,0,0,151EN0,43.11156,19.75,1.75,2002-10-11,61.40888,29.0,10.75,2003-04-25,69153.0,61.40888,29.0,10.75,2003-04-25,69153.0
15,Jammu & Kashmir,1,E,ITBP,N,SC,1,1,1,1,1,0,0,0,151EN1,69.61815,26.5,13.5,1999-02-12,73.45445,27.0,9.0,2001-11-09,61640.0,73.45445,27.0,9.0,2001-11-09,61640.0
15,Jammu & Kashmir,1,E,ITBP,N,ST,2,2,2,2,2,0,0,0,151EN2,54.98903,31.0,10.75,2004-02-06,64.48871,15.5,13.0,2002-08-25,67777.0,64.48871,15.5,13.0,2002-08-25,67777.0
15,Jammu & Kashmir,1,E,ITBP,N,ESM,3,2,2,2,0,2,0,0,151EN3,,,,,,,,,,,,,,
15,Jammu & Kashmir,1,E,ITBP,N,OBC,6,4,4,4,0,4,0,0,151EN6,44.79336,15.25,6.25,2006-02-10,,,,,,,,,,
15,Jammu & Kashmir,1,E,ITBP,N,UR,9,7,7,7,7,0,0,0,151EN9,67.91975,26.5,7.5,2003-03-22,69.5756,19.75,6.25,2006-10-14,64530.0,69.5756,19.75,6.25,2006-10-14,64530.0
15,Jammu & Kashmir,1,F,AR,G,UR,9,1,1,1,1,0,0,0,151FG9,63.26119,19.75,6.0,2004-01-28,68.09276,16.0,8.5,2003-03-04,65649.0,68.09276,16.0,8.5,2003-03-04,65649.0
15,Jammu & Kashmir,1,F,AR,N,OBC,6,1,1,1,0,1,0,0,151FN6,44.79336,15.25,6.25,2006-02-10,,,,,,,,,,
15,Jammu & Kashmir,1,F,AR,N,UR,9,2,2,2,2,0,0,0,151FN9,67.91975,26.5,7.5,2003-03-22,70.52031,33.25,13.0,2002-05-06,63924.0,70.52031,33.25,13.0,2002-05-06,63924.0
15,Jammu & Kashmir,2,A,BSF,B,EWS,0,22,22,22,22,0,0,0,152AB0,40.09005,6.25,10.75,2006-11-25,70.51138,29.25,2.25,2005-03-23,63945.0,70.51138,29.25,2.25,2005-03-23,63945.0
15,Jammu & Kashmir,2,A,BSF,B,SC,1,18,18,18,18,0,0,0,152AB1,64.34394,13.0,8.5,1997-05-09,82.10166,35.5,17.5,2005-06-26,53911.0,82.10166,35.5,17.5,2005-06-26,53911.0
15,Jammu & Kashmir,2,A,BSF,B,ST,2,24,24,24,24,0,0,0,152AB2,67.93606,27.0,10.0,2004-10-25,80.9689,31.0,6.25,2005-03-25,55020.0,80.9689,31.0,6.25,2005-03-25,55020.0
15,Jammu & Kashmir,2,A,BSF,B,ESM,3,22,22,22,0,22,0,0,152AB3,,,,,,,,,,,,,,
15,Jammu & Kashmir,2,A,BSF,B,OBC,6,59,59,59,0,59,0,0,152AB6,,,,,,,,,,,,,,
15,Jammu & Kashmir,2,A,BSF,B,UR,9,97,97,97,97,0,0,0,152AB9,70.6904,26.5,10.75,2002-02-06,83.37332,24.25,8.75,2003-02-02,52712.0,83.37332,24.25,8.75,2003-02-02,52712.0
15,Jammu & Kashmir,2,A,BSF,G,EWS,0,7,7,7,7,0,0,0,152AG0,40.723,10.75,4.25,2006-02-08,70.47988,24.25,13.0,2002-04-26,63990.0,70.47988,24.25,13.0,2002-04-26,63990.0
15,Jammu & Kashmir,2,A,BSF,G,SC,1,5,5,5,5,0,0,0,152AG1,64.22029,24.25,17.5,2001-02-22,83.51969,23.0,22.0,1998-03-19,52489.0,83.51969,23.0,22.0,1998-03-19,52489.0
15,Jammu & Kashmir,2,A,BSF,G,ST,2,7,7,7,7,0,0,0,152AG2,67.71828,33.25,4.0,2004-12-30,80.85658,33.75,12.5,2005-03-31,55127.0,80.85658,33.75,12.5,2005-03-31,55127.0
15,Jammu & Kashmir,2,A,BSF,G,ESM,3,7,7,7,0,7,0,0,152AG3,,,,,,,,,,,,,,
15,Jammu & Kashmir,2,A,BSF,G,OBC,6,18,18,18,0,18,0,0,152AG6,94.12277,35.5,11.5,2003-01-01,,,,,,,,,,
15,Jammu & Kashmir,2,A,BSF,G,UR,9,30,30,30,30,0,0,0,152AG9,70.0594,23.25,7.5,2004-09-04,84.13413,31.5,12.0,2003-10-31,51870.0,84.13413,31.5,12.0,2003-10-31,51870.0
15,Jammu & Kashmir,2,A,BSF,N,EWS,0,44,44,44,44,0,0,0,152AN0,48.28625,19.75,2.5,2002-03-24,76.0529,24.5,13.0,2003-04-10,59574.0,76.0529,24.5,13.0,2003-04-10,59574.0
15,Jammu & Kashmir,2,A,BSF,N,SC,1,35,35,34,34,0,1,1,152AN1,68.77736,31.0,15.5,2003-05-22,84.72423,26.75,24.25,1999-01-10,51188.0,84.72423,26.75,24.25,1999-01-10,51188.0
15,Jammu & Kashmir,2,A,BSF,N,ST,2,48,48,48,48,0,0,0,152AN2,68.83919,23.75,12.25,2000-02-10,83.05425,26.75,14.25,1999-04-07,53007.0,83.05425,26.75,14.25,1999-04-07,53007.0
15,Jammu & Kashmir,2,A,BSF,N,ESM,3,44,44,44,1,43,0,0,152AN3,35.94576,15.25,9.0,1980-09-01,38.44625,6.5,13.0,1986-05-01,73241.0,38.44625,6.5,13.0,1986-05-01,73241.0
15,Jammu & Kashmir,2,A,BSF,N,OBC,6,118,118,118,118,0,0,0,152AN6,40.03443,13.5,3.0,2003-07-16,59.40711,24.5,4.25,2002-10-15,69768.0,59.40711,24.5,4.25,2002-10-15,69768.0
15,Jammu & Kashmir,2,A,BSF,N,UR,9,193,193,193,193,0,0,0,152AN9,76.83692,24.25,4.0,2004-03-12,88.55269,31.0,13.0,2006-03-30,47105.0,88.55269,31.0,13.0,2006-03-30,47105.0
15,Jammu & Kashmir,2,B,CISF,B,EWS,0,16,16,16,16,0,0,0,152BB0,40.09005,6.25,10.75,2006-11-25,84.16926,31.0,8.5,2002-03-21,51789.0,84.16926,31.0,8.5,2002-03-21,51789.0
15,Jammu & Kashmir,2,B,CISF,B,SC,1,12,12,12,12,0,0,0,152BB1,64.34394,13.0,8.5,1997-05-09,91.66091,29.5,10.75,2004-03-24,43759.0,91.66091,29.5,10.75,2004-03-24,43759.0
15,Jammu & Kashmir,2,B,CISF,B,ST,2,17,17,17,17,0,0,0,152BB2,67.93606,27.0,10.0,2004-10-25,89.49736,31.25,16.75,2005-03-01,46047.0,89.49736,31.25,16.75,2005-03-01,46047.0
15,Jammu & Kashmir,2,B,CISF,B,ESM,3,16,16,16,0,16,0,0,152BB3,,,,,,,,,,,,,,
15,Jammu & Kashmir,2,B,CISF,B,OBC,6,42,42,42,0,42,0,0,152BB6,,,,,,,,,,,,,,
15,Jammu & Kashmir,2,B,CISF,B,UR,9,68,68,68,68,0,0,0,152BB9,70.6904,26.5,10.75,2002-02-06,96.00601,33.5,10.75,2002-02-26,39333.0,96.00601,33.5,10.75,2002-02-26,39333.0
15,Jammu & Kashmir,2,B,CISF,G,EWS,0,8,8,8,8,0,0,0,152BG0,40.723,10.75,4.25,2006-02-08,83.09058,33.25,10.75,2002-08-10,52979.0,83.09058,33.25,10.75,2002-08-10,52979.0
15,Jammu & Kashmir,2,B,CISF,G,SC,1,6,6,6,6,0,0,0,152BG1,64.22029,24.25,17.5,2001-02-22,90.83243,33.25,15.25,2002-12-02,44665.0,90.83243,33.25,15.25,2002-12-02,44665.0
15,Jammu & Kashmir,2,B,CISF,G,ST,2,8,8,8,8,0,0,0,152BG2,67.71828,33.25,4.0,2004-12-30,89.25144,29.0,6.25,2001-12-10,46280.0,89.25144,29.0,6.25,2001-12-10,46280.0
15,Jammu & Kashmir,2,B,CISF,G,ESM,3,8,8,8,0,8,0,0,152BG3,,,,,,,,,,,,,,
15,Jammu & Kashmir,2,B,CISF,G,OBC,6,20,20,20,0,20,0,0,152BG6,94.12277,35.5,11.5,2003-01-01,,,,,,,,,,
15,Jammu & Kashmir,2,B,CISF,G,UR,9,33,33,33,33,0,0,0,152BG9,70.0594,23.25,7.5,2004-09-04,95.17959,31.0,8.5,2003-01-12,40084.0,95.17959,31.0,8.5,2003-01-12,40084.0
15,Jammu & Kashmir,2,B,CISF,N,EWS,0,49,49,49,49,0,0,0,152BN0,48.28625,19.75,2.5,2002-03-24,87.24205,33.25,8.5,2002-03-23,48453.0,87.24205,33.25,8.5,2002-03-23,48453.0
15,Jammu & Kashmir,2,B,CISF,N,SC,1,39,39,39,39,0,0,0,152BN1,68.77736,31.0,15.5,2003-05-22,94.30126,37.75,1.75,2003-08-21,41010.0,94.30126,37.75,1.75,2003-08-21,41010.0
15,Jammu & Kashmir,2,B,CISF,N,ST,2,54,54,53,53,0,1,1,152BN2,68.83919,23.75,12.25,2000-02-10,91.43228,33.25,8.5,2004-05-15,44052.0,91.43228,33.25,8.5,2004-05-15,44052.0
15,Jammu & Kashmir,2,B,CISF,N,ESM,3,49,49,49,6,43,0,0,152BN3,35.94576,15.25,9.0,1980-09-01,35.94576,15.25,9.0,1980-09-01,73369.0,35.94576,15.25,9.0,1980-09-01,73369.0
15,Jammu & Kashmir,2,B,CISF,N,OBC,6,132,132,131,131,0,1,1,152BN6,40.03443,13.5,3.0,2003-07-16,66.48068,26.5,4.0,2001-03-27,66626.0,66.48068,26.5,4.0,2001-03-27,66626.0
15,Jammu & Kashmir,2,B,CISF,N,UR,9,215,215,211,211,0,4,4,152BN9,76.83692,24.25,4.0,2004-03-12,100.11493,24.25,19.75,2005-10-03,35288.0,100.11493,24.25,19.75,2005-10-03,35288.0
15,Jammu & Kashmir,2,C,CRPF,B,EWS,0,14,14,14,14,0,0,0,152CB0,40.09005,6.25,10.75,2006-11-25,71.19633,31.25,6.25,2005-09-18,63368.0,71.19633,31.25,6.25,2005-09-18,63368.0
15,Jammu & Kashmir,2,C,CRPF,B,SC,1,12,12,12,12,0,0,0,152CB1,64.34394,13.0,8.5,1997-05-09,83.58546,22.25,17.5,2003-01-08,52438.0,83.58546,22.25,17.5,2003-01-08,52438.0
15,Jammu & Kashmir,2,C,CRPF,B,ST,2,16,16,16,16,0,0,0,152CB2,67.93606,27.0,10.0,2004-10-25,81.27741,29.5,13.75,2002-09-09,54738.0,81.27741,29.5,13.75,2002-09-09,54738.0
15,Jammu & Kashmir,2,C,CRPF,B,ESM,3,14,14,14,0,14,0,0,152CB3,,,,,,,,,,,,,,
15,Jammu & Kashmir,2,C,CRPF,B,OBC,6,39,39,39,0,39,0,0,152CB6,,,,,,,,,,,,,,
15,Jammu & Kashmir,2,C,CRPF,B,UR,9,63,63,63,63,0,0,0,152CB9,70.6904,26.5,10.75,2002-02-06,85.69681,22.0,13.75,2005-02-11,50200.0,85.69681,22.0,13.75,2005-02-11,50200.0
15,Jammu & Kashmir,2,C,CRPF,G,EWS,0,7,7,7,7,0,0,0,152CG0,40.723,10.75,4.25,2006-02-08,71.06055,29.75,18.5,2005-01-18,63472.0,71.06055,29.75,18.5,2005-01-18,63472.0
15,Jammu & Kashmir,2,C,CRPF,G,SC,1,6,6,6,6,0,0,0,152CG1,64.22029,24.25,17.5,2001-02-22,83.19071,37.75,17.5,2002-11-10,52852.0,83.19071,37.75,17.5,2002-11-10,52852.0
15,Jammu & Kashmir,2,C,CRPF,G,ST,2,8,8,8,8,0,0,0,152CG2,67.71828,33.25,4.0,2004-12-30,80.89978,28.75,8.5,2000-10-10,55109.0,80.89978,28.75,8.5,2000-10-10,55109.0
15,Jammu & Kashmir,2,C,CRPF,G,ESM,3,7,7,7,0,7,0,0,152CG3,,,,,,,,,,,,,,
15,Jammu & Kashmir,2,C,CRPF,G,OBC,6,19,19,19,0,19,0,0,152CG6,94.12277,35.5,11.5,2003-01-01,,,,,,,,,,
15,Jammu & Kashmir,2,C,CRPF,G,UR,9,30,30,30,30,0,0,0,152CG9,70.0594,23.25,7.5,2004-09-04,85.35229,18.0,17.5,2003-01-05,50539.0,85.35229,18.0,17.5,2003-01-05,50539.0
15,Jammu & Kashmir,2,C,CRPF,N,EWS,0,45,45,45,45,0,0,0,152CN0,48.28625,19.75,2.5,2002-03-24,75.79925,28.75,8.5,2003-08-02,59759.0,75.79925,28.75,8.5,2003-08-02,59759.0
15,Jammu & Kashmir,2,C,CRPF,N,SC,1,36,36,36,36,0,0,0,152CN1,68.77736,31.0,15.5,2003-05-22,85.03717,33.25,10.75,2000-01-10,50913.0,85.03717,33.25,10.75,2000-01-10,50913.0
15,Jammu & Kashmir,2,C,CRPF,N,ST,2,50,50,50,50,0,0,0,152CN2,68.83919,23.75,12.25,2000-02-10,82.93488,27.25,7.75,1999-04-02,53148.0,82.93488,27.25,7.75,1999-04-02,53148.0
15,Jammu & Kashmir,2,C,CRPF,N,ESM,3,45,45,45,0,45,0,0,152CN3,35.94576,15.25,9.0,1980-09-01,,,,,,,,,,
15,Jammu & Kashmir,2,C,CRPF,N,OBC,6,122,122,122,122,0,0,0,152CN6,40.03443,13.5,3.0,2003-07-16,56.64759,20.0,11.25,2005-09-12,70519.0,56.64759,20.0,11.25,2005-09-12,70519.0
15,Jammu & Kashmir,2,C,CRPF,N,UR,9,200,200,200,200,0,0,0,152CN9,76.83692,24.25,4.0,2004-03-12,89.49641,22.0,15.25,2003-11-25,46064.0,89.49641,22.0,15.25,2003-11-25,46064.0
15,Jammu & Kashmir,2,D,SSB,G,ST,2,1,1,1,1,0,0,0,152DG2,67.71828,33.25,4.0,2004-12-30,113.18276,33.25,13.0,2004-02-10,24129.0,113.18276,33.25,13.0,2004-02-10,24129.0
15,Jammu & Kashmir,2,D,SSB,G,OBC,6,1,1,1,1,0,0,0,152DG6,94.12277,35.5,11.5,2003-01-01,95.78836,28.75,10.75,2006-08-25,39551.0,95.78836,28.75,10.75,2006-08-25,39551.0
15,Jammu & Kashmir,2,D,SSB,G,UR,9,2,2,2,2,0,0,0,152DG9,70.0594,23.25,7.5,2004-09-04,120.06292,37.75,22.0,2004-05-21,19330.0,120.06292,37.75,22.0,2004-05-21,19330.0
15,Jammu & Kashmir,2,D,SSB,N,EWS,0,3,3,3,3,0,0,0,152DN0,48.28625,19.75,2.5,2002-03-24,110.87607,35.75,15.25,2002-01-15,25832.0,110.87607,35.75,15.25,2002-01-15,25832.0
15,Jammu & Kashmir,2,D,SSB,N,SC,1,3,3,3,3,0,0,0,152DN1,68.77736,31.0,15.5,2003-05-22,122.57296,35.5,24.25,2001-06-24,17347.0,122.57296,35.5,24.25,2001-06-24,17347.0
15,Jammu & Kashmir,2,D,SSB,N,ST,2,3,3,3,3,0,0,0,152DN2,68.83919,23.75,12.25,2000-02-10,113.43079,36.0,15.25,2001-12-18,23961.0,113.43079,36.0,15.25,2001-12-18,23961.0
15,Jammu & Kashmir,2,D,SSB,N,ESM,3,3,3,3,2,1,0,0,152DN3,35.94576,15.25,9.0,1980-09-01,47.09218,10.75,6.25,1985-10-20,72362.0,47.09218,10.75,6.25,1985-10-20,72362.0
15,Jammu & Kashmir,2,D,SSB,N,OBC,6,7,7,7,7,0,0,0,152DN6,40.03443,13.5,3.0,2003-07-16,96.22323,35.75,16.75,2001-03-06,39081.0,96.22323,35.75,16.75,2001-03-06,39081.0
15,Jammu & Kashmir,2,D,SSB,N,UR,9,12,12,10,10,0,2,2,152DN9,76.83692,24.25,4.0,2004-03-12,122.83397,38.0,24.25,2004-08-14,17051.0,122.83397,38.0,24.25,2004-08-14,17051.0
15,Jammu & Kashmir,2,E,ITBP,G,EWS,0,1,1,1,1,0,0,0,152EG0,40.723,10.75,4.25,2006-02-08,85.67375,33.25,13.0,2003-10-27,50218.0,85.67375,33.25,13.0,2003-10-27,50218.0
15,Jammu & Kashmir,2,E,ITBP,G,SC,1,1,1,1,1,0,0,0,152EG1,64.22029,24.25,17.5,2001-02-22,99.82061,33.25,16.0,2001-03-02,35520.0,99.82061,33.25,16.0,2001-03-02,35520.0
15,Jammu & Kashmir,2,E,ITBP,G,ST,2,1,1,1,1,0,0,0,152EG2,67.71828,33.25,4.0,2004-12-30,86.78686,33.5,17.5,2002-03-31,48989.0,86.78686,33.5,17.5,2002-03-31,48989.0
15,Jammu & Kashmir,2,E,ITBP,G,ESM,3,1,1,1,0,1,0,0,152EG3,,,,,,,,,,,,,,
15,Jammu & Kashmir,2,E,ITBP,G,OBC,6,3,3,3,0,3,0,0,152EG6,94.12277,35.5,11.5,2003-01-01,,,,,,,,,,
15,Jammu & Kashmir,2,E,ITBP,G,UR,9,6,6,6,6,0,0,0,152EG9,70.0594,23.25,7.5,2004-09-04,95.84301,31.0,13.0,2003-03-28,39486.0,95.84301,31.0,13.0,2003-03-28,39486.0
15,Jammu & Kashmir,2,E,ITBP,N,EWS,0,9,9,9,9,0,0,0,152EN0,48.28625,19.75,2.5,2002-03-24,89.2092,35.5,10.75,2005-03-24,46322.0,89.2092,35.5,10.75,2005-03-24,46322.0
15,Jammu & Kashmir,2,E,ITBP,N,SC,1,7,7,7,7,0,0,0,152EN1,68.77736,31.0,15.5,2003-05-22,100.29646,25.25,13.25,2001-01-08,35103.0,100.29646,25.25,13.25,2001-01-08,35103.0
15,Jammu & Kashmir,2,E,ITBP,N,ST,2,10,10,10,10,0,0,0,152EN2,68.83919,23.75,12.25,2000-02-10,86.83788,33.5,13.25,2001-11-20,48881.0,86.83788,33.5,13.25,2001-11-20,48881.0
15,Jammu & Kashmir,2,E,ITBP,N,ESM,3,9,9,9,0,9,0,0,152EN3,35.94576,15.25,9.0,1980-09-01,,,,,,,,,,
15,Jammu & Kashmir,2,E,ITBP,N,OBC,6,23,23,23,23,0,0,0,152EN6,40.03443,13.5,3.0,2003-07-16,72.05665,28.75,4.0,2002-02-25,62704.0,72.05665,28.75,4.0,2002-02-25,62704.0
15,Jammu & Kashmir,2,E,ITBP,N,UR,9,38,38,38,38,0,0,0,152EN9,76.83692,24.25,4.0,2004-03-12,97.01477,35.75,13.0,2004-05-31,38161.0,97.01477,35.75,13.0,2004-05-31,38161.0
15,Jammu & Kashmir,2,F,AR,G,EWS,0,1,1,1,1,0,0,0,152FG0,40.723,10.75,4.25,2006-02-08,97.18785,31.25,17.5,2004-02-16,38037.0,97.18785,31.25,17.5,2004-02-16,38037.0
15,Jammu & Kashmir,2,F,AR,G,ST,2,1,1,1,1,0,0,0,152FG2,67.71828,33.25,4.0,2004-12-30,94.30952,35.5,20.5,2004-07-20,41004.0,94.30952,35.5,20.5,2004-07-20,41004.0
15,Jammu & Kashmir,2,F,AR,G,ESM,3,1,1,1,0,1,0,0,152FG3,,,,,,,,,,,,,,
15,Jammu & Kashmir,2,F,AR,G,OBC,6,2,2,2,0,2,0,0,152FG6,94.12277,35.5,11.5,2003-01-01,,,,,,,,,,
15,Jammu & Kashmir,2,F,AR,G,UR,9,2,2,2,2,0,0,0,152FG9,70.0594,23.25,7.5,2004-09-04,102.40084,31.25,16.25,2002-09-06,33141.0,102.40084,31.25,16.25,2002-09-06,33141.0
15,Jammu & Kashmir,2,F,AR,N,EWS,0,4,4,4,4,0,0,0,152FN0,48.28625,19.75,2.5,2002-03-24,98.08958,35.75,22.0,2003-02-10,37216.0,98.08958,35.75,22.0,2003-02-10,37216.0
15,Jammu & Kashmir,2,F,AR,N,SC,1,3,3,3,3,0,0,0,152FN1,68.77736,31.0,15.5,2003-05-22,112.69102,35.5,17.5,2001-01-11,24542.0,112.69102,35.5,17.5,2001-01-11,24542.0
15,Jammu & Kashmir,2,F,AR,N,ST,2,4,4,4,4,0,0,0,152FN2,68.83919,23.75,12.25,2000-02-10,96.34439,35.5,8.5,2003-03-30,38908.0,96.34439,35.5,8.5,2003-03-30,38908.0
15,Jammu & Kashmir,2,F,AR,N,ESM,3,4,4,4,0,4,0,0,152FN3,35.94576,15.25,9.0,1980-09-01,,,,,,,,,,
15,Jammu & Kashmir,2,F,AR,N,OBC,6,10,10,10,10,0,0,0,152FN6,40.03443,13.5,3.0,2003-07-16,76.4413,31.0,10.75,2006-06-25,59213.0,76.4413,31.0,10.75,2006-06-25,59213.0
15,Jammu & Kashmir,2,F,AR,N,UR,9,17,17,17,17,0,0,0,152FN9,76.83692,24.25,4.0,2004-03-12,103.20621,33.75,6.25,2002-03-31,32392.0,103.20621,33.75,6.25,2002-03-31,32392.0
16,Jharkhand,1,A,BSF,G,EWS,0,3,3,3,3,0,0,0,161AG0,102.36652,37.75,8.75,2004-02-12,108.15898,31.0,18.25,2002-02-09,28018.0,108.15898,31.0,18.25,2002-02-09,28018.0
16,Jharkhand,1,A,BSF,G,SC,1,4,4,4,4,0,0,0,161AG1,98.65968,37.75,6.25,2005-07-14,105.39622,37.75,17.5,2003-01-01,30482.0,105.39622,37.75,17.5,2003-01-01,30482.0
16,Jharkhand,1,A,BSF,G,ST,2,8,8,8,8,0,0,0,161AG2,113.9095,34.0,12.25,2003-10-02,117.64209,37.75,15.0,1999-12-05,21113.0,117.64209,37.75,15.0,1999-12-05,21113.0
16,Jharkhand,1,A,BSF,G,ESM,3,3,3,3,0,3,0,0,161AG3,,,,,,,,,,,,,,
16,Jharkhand,1,A,BSF,G,OBC,6,4,4,4,4,0,0,0,161AG6,121.64832,35.75,14.25,2000-11-07,123.37403,33.75,17.5,2001-06-20,16768.0,123.37403,33.75,17.5,2001-06-20,16768.0
16,Jharkhand,1,A,BSF,G,UR,9,13,13,13,13,0,0,0,161AG9,119.62627,26.75,17.5,2005-05-01,123.87666,35.75,20.25,2003-05-10,16383.0,123.87666,35.75,20.25,2003-05-10,16383.0
16,Jharkhand,1,A,BSF,N,EWS,0,4,4,4,2,2,0,0,161AN0,42.51539,4.0,4.0,2003-08-05,50.70442,19.75,8.5,2004-09-08,71695.0,50.70442,19.75,8.5,2004-09-08,71695.0
16,Jharkhand,1,A,BSF,N,SC,1,5,5,5,5,0,0,0,161AN1,62.53794,24.25,4.0,2004-10-20,66.99297,31.75,5.0,2006-04-11,66294.0,66.99297,31.75,5.0,2006-04-11,66294.0
16,Jharkhand,1,A,BSF,N,ST,2,10,10,10,10,0,0,0,161AN2,101.22917,29.5,17.5,2004-05-09,106.02627,35.5,13.75,1998-11-20,29813.0,106.02627,35.5,13.75,1998-11-20,29813.0
16,Jharkhand,1,A,BSF,N,ESM,3,4,4,4,0,4,0,0,161AN3,,,,,,,,,,,,,,
16,Jharkhand,1,A,BSF,N,OBC,6,4,4,4,4,0,0,0,161AN6,93.1197,31.25,18.0,2000-01-28,105.37271,35.5,8.5,1999-07-01,30530.0,105.37271,35.5,8.5,1999-07-01,30530.0
16,Jharkhand,1,A,BSF,N,UR,9,16,16,16,16,0,0,0,161AN9,91.95026,27.25,18.75,2003-05-20,96.81653,24.75,9.5,2003-11-11,38398.0,96.81653,24.75,9.5,2003-11-11,38398.0
16,Jharkhand,1,B,CISF,G,EWS,0,2,2,2,2,0,0,0,161BG0,102.36652,37.75,8.75,2004-02-12,122.96741,35.5,16.0,2002-02-20,16994.0,122.96741,35.5,16.0,2002-02-20,16994.0
16,Jharkhand,1,B,CISF,G,SC,1,3,3,3,3,0,0,0,161BG1,98.65968,37.75,6.25,2005-07-14,120.46636,40.0,17.5,1997-02-12,18952.0,120.46636,40.0,17.5,1997-02-12,18952.0
16,Jharkhand,1,B,CISF,G,ST,2,6,6,6,6,0,0,0,161BG2,113.9095,34.0,12.25,2003-10-02,121.17157,27.25,18.25,2000-10-03,18591.0,121.17157,27.25,18.25,2000-10-03,18591.0
16,Jharkhand,1,B,CISF,G,ESM,3,2,2,2,0,2,0,0,161BG3,,,,,,,,,,,,,,
16,Jharkhand,1,B,CISF,G,OBC,6,2,2,2,2,0,0,0,161BG6,121.64832,35.75,14.25,2000-11-07,131.0952,37.75,24.5,2004-05-15,8995.0,131.0952,37.75,24.5,2004-05-15,8995.0
16,Jharkhand,1,B,CISF,G,UR,9,9,9,9,9,0,0,0,161BG9,119.62627,26.75,17.5,2005-05-01,131.80451,37.75,24.25,2003-07-20,8284.0,131.80451,37.75,24.25,2003-07-20,8284.0
16,Jharkhand,1,B,CISF,N,EWS,0,3,3,3,3,0,0,0,161BN0,42.51539,4.0,4.0,2003-08-05,66.80637,26.5,6.0,2005-01-01,66422.0,66.80637,26.5,6.0,2005-01-01,66422.0
16,Jharkhand,1,B,CISF,N,SC,1,3,3,3,3,0,0,0,161BN1,62.53794,24.25,4.0,2004-10-20,83.60458,31.0,11.5,2005-04-05,52413.0,83.60458,31.0,11.5,2005-04-05,52413.0
16,Jharkhand,1,B,CISF,N,ST,2,7,7,7,7,0,0,0,161BN2,101.22917,29.5,17.5,2004-05-09,110.12585,29.25,22.0,1999-04-13,26514.0,110.12585,29.25,22.0,1999-04-13,26514.0
16,Jharkhand,1,B,CISF,N,ESM,3,3,3,3,0,3,0,0,161BN3,,,,,,,,,,,,,,
16,Jharkhand,1,B,CISF,N,OBC,6,3,3,3,3,0,0,0,161BN6,93.1197,31.25,18.0,2000-01-28,118.05782,35.5,16.0,2001-04-03,20782.0,118.05782,35.5,16.0,2001-04-03,20782.0
16,Jharkhand,1,B,CISF,N,UR,9,11,11,11,11,0,0,0,161BN9,91.95026,27.25,18.75,2003-05-20,116.02263,33.5,18.0,2004-05-23,22159.0,116.02263,33.5,18.0,2004-05-23,22159.0
16,Jharkhand,1,C,CRPF,G,EWS,0,1,1,1,1,0,0,0,161CG0,102.36652,37.75,8.75,2004-02-12,113.21464,35.5,27.0,2002-11-26,24101.0,113.21464,35.5,27.0,2002-11-26,24101.0
16,Jharkhand,1,C,CRPF,G,SC,1,1,1,1,1,0,0,0,161CG1,98.65968,37.75,6.25,2005-07-14,110.66703,38.0,11.5,2002-09-25,26008.0,110.66703,38.0,11.5,2002-09-25,26008.0
16,Jharkhand,1,C,CRPF,G,ST,2,2,2,2,2,0,0,0,161CG2,113.9095,34.0,12.25,2003-10-02,117.78688,29.5,25.25,1999-02-01,21028.0,117.78688,29.5,25.25,1999-02-01,21028.0
16,Jharkhand,1,C,CRPF,G,ESM,3,1,1,1,0,1,0,0,161CG3,,,,,,,,,,,,,,
16,Jharkhand,1,C,CRPF,G,OBC,6,1,1,1,1,0,0,0,161CG6,121.64832,35.75,14.25,2000-11-07,127.13068,35.5,24.25,2004-03-16,13381.0,127.13068,35.5,24.25,2004-03-16,13381.0
16,Jharkhand,1,C,CRPF,G,UR,9,3,3,3,3,0,0,0,161CG9,119.62627,26.75,17.5,2005-05-01,128.13199,38.0,31.0,2002-08-16,12289.0,128.13199,38.0,31.0,2002-08-16,12289.0
16,Jharkhand,1,C,CRPF,N,EWS,0,1,1,1,1,0,0,0,161CN0,42.51539,4.0,4.0,2003-08-05,66.59881,27.5,11.0,2004-01-01,66549.0,66.59881,27.5,11.0,2004-01-01,66549.0
16,Jharkhand,1,C,CRPF,N,SC,1,1,1,1,1,0,0,0,161CN1,62.53794,24.25,4.0,2004-10-20,99.47791,29.75,7.0,2003-07-13,35821.0,99.47791,29.75,7.0,2003-07-13,35821.0
16,Jharkhand,1,C,CRPF,N,ST,2,3,3,3,3,0,0,0,161CN2,101.22917,29.5,17.5,2004-05-09,108.37252,33.75,15.5,1999-03-03,27821.0,108.37252,33.75,15.5,1999-03-03,27821.0
16,Jharkhand,1,C,CRPF,N,ESM,3,1,1,1,0,1,0,0,161CN3,,,,,,,,,,,,,,
16,Jharkhand,1,C,CRPF,N,OBC,6,1,1,1,1,0,0,0,161CN6,93.1197,31.25,18.0,2000-01-28,111.40211,40.0,13.0,1999-07-07,25454.0,111.40211,40.0,13.0,1999-07-07,25454.0
16,Jharkhand,1,C,CRPF,N,UR,9,4,4,4,4,0,0,0,161CN9,91.95026,27.25,18.75,2003-05-20,111.70171,35.75,10.5,2004-01-01,25284.0,111.70171,35.75,10.5,2004-01-01,25284.0
16,Jharkhand,1,E,ITBP,G,EWS,0,1,1,1,1,0,0,0,161EG0,102.36652,37.75,8.75,2004-02-12,122.87257,37.75,10.75,2006-06-01,17044.0,122.87257,37.75,10.75,2006-06-01,17044.0
16,Jharkhand,1,E,ITBP,G,SC,1,1,1,1,1,0,0,0,161EG1,98.65968,37.75,6.25,2005-07-14,114.21522,35.5,15.25,2002-07-20,23481.0,114.21522,35.5,15.25,2002-07-20,23481.0
16,Jharkhand,1,E,ITBP,G,ST,2,2,2,2,2,0,0,0,161EG2,113.9095,34.0,12.25,2003-10-02,116.83179,40.0,10.0,1998-02-12,21704.0,116.83179,40.0,10.0,1998-02-12,21704.0
16,Jharkhand,1,E,ITBP,G,ESM,3,1,1,1,0,1,0,0,161EG3,,,,,,,,,,,,,,
16,Jharkhand,1,E,ITBP,G,OBC,6,1,1,1,1,0,0,0,161EG6,121.64832,35.75,14.25,2000-11-07,129.67487,37.75,19.75,2005-05-13,10463.0,129.67487,37.75,19.75,2005-05-13,10463.0
16,Jharkhand,1,E,ITBP,G,UR,9,2,2,2,2,0,0,0,161EG9,119.62627,26.75,17.5,2005-05-01,130.37957,35.5,25.5,2005-02-25,9726.0,130.37957,35.5,25.5,2005-02-25,9726.0
16,Jharkhand,1,E,ITBP,N,EWS,0,1,1,1,0,1,0,0,161EN0,42.51539,4.0,4.0,2003-08-05,,,,,,,,,,
16,Jharkhand,1,E,ITBP,N,SC,1,1,1,1,1,0,0,0,161EN1,62.53794,24.25,4.0,2004-10-20,66.69109,18.25,10.75,1998-04-25,66490.0,66.69109,18.25,10.75,1998-04-25,66490.0
16,Jharkhand,1,E,ITBP,N,ST,2,2,2,2,2,0,0,0,161EN2,101.22917,29.5,17.5,2004-05-09,107.35981,37.75,13.0,1998-06-15,28750.0,107.35981,37.75,13.0,1998-06-15,28750.0
16,Jharkhand,1,E,ITBP,N,ESM,3,1,1,1,0,1,0,0,161EN3,,,,,,,,,,,,,,
16,Jharkhand,1,E,ITBP,N,OBC,6,1,1,1,1,0,0,0,161EN6,93.1197,31.25,18.0,2000-01-28,106.55303,33.75,19.75,2003-01-01,29342.0,106.55303,33.75,19.75,2003-01-01,29342.0
16,Jharkhand,1,E,ITBP,N,UR,9,2,2,2,2,0,0,0,161EN9,91.95026,27.25,18.75,2003-05-20,109.43286,40.0,13.25,2002-12-10,27060.0,109.43286,40.0,13.25,2002-12-10,27060.0
16,Jharkhand,1,F,AR,G,UR,9,1,1,1,1,0,0,0,161FG9,119.62627,26.75,17.5,2005-05-01,131.65452,37.75,24.25,2002-07-16,8397.0,131.65452,37.75,24.25,2002-07-16,8397.0
16,Jharkhand,1,F,AR,N,ST,2,1,1,1,1,0,0,0,161FN2,101.22917,29.5,17.5,2004-05-09,106.95748,31.5,12.75,1998-03-07,29028.0,106.95748,31.5,12.75,1998-03-07,29028.0
16,Jharkhand,1,F,AR,N,UR,9,1,1,1,1,0,0,0,161FN9,91.95026,27.25,18.75,2003-05-20,119.67621,31.0,20.0,2002-03-13,19678.0,119.67621,31.0,20.0,2002-03-13,19678.0
16,Jharkhand,2,A,BSF,G,EWS,0,18,18,18,18,0,0,0,162AG0,105.47643,33.25,13.0,2004-05-17,113.18276,31.0,19.75,2003-01-03,24131.0,113.18276,31.0,19.75,2003-01-03,24131.0
16,Jharkhand,2,A,BSF,G,SC,1,22,22,22,22,0,0,0,162AG1,94.88044,22.0,17.5,2000-10-15,100.64804,33.75,15.25,2005-01-26,34760.0,100.64804,33.75,15.25,2005-01-26,34760.0
16,Jharkhand,2,A,BSF,G,ST,2,47,47,47,47,0,0,0,162AG2,100.18568,33.75,21.25,2003-04-13,104.22974,27.25,15.25,1997-12-10,31434.0,104.22974,27.25,15.25,1997-12-10,31434.0
16,Jharkhand,2,A,BSF,G,ESM,3,18,18,18,0,18,0,0,162AG3,80.98304,19.75,15.25,1979-02-04,,,,,,,,,,
16,Jharkhand,2,A,BSF,G,OBC,6,22,22,22,22,0,0,0,162AG6,116.19979,35.75,13.75,1999-07-13,124.30885,35.5,15.25,2000-03-23,15908.0,124.30885,35.5,15.25,2000-03-23,15908.0
16,Jharkhand,2,A,BSF,G,UR,9,72,72,72,72,0,0,0,162AG9,114.10057,35.75,13.75,2004-04-21,120.05362,28.75,22.0,2005-07-27,19349.0,120.05362,28.75,22.0,2005-07-27,19349.0
16,Jharkhand,2,A,BSF,N,EWS,0,22,22,22,22,0,0,0,162AN0,57.53636,13.0,8.5,2006-06-10,79.96339,26.5,4.0,2004-03-05,55958.0,79.96339,26.5,4.0,2004-03-05,55958.0
16,Jharkhand,2,A,BSF,N,SC,1,26,26,26,26,0,0,0,162AN1,37.60987,10.75,10.75,2004-05-04,56.98881,20.0,2.25,2003-02-01,70444.0,56.98881,20.0,2.25,2003-02-01,70444.0
16,Jharkhand,2,A,BSF,N,ST,2,57,57,57,57,0,0,0,162AN2,92.37352,26.75,22.25,2001-02-03,99.35513,37.75,3.5,1998-08-25,35929.0,99.35513,37.75,3.5,1998-08-25,35929.0
16,Jharkhand,2,A,BSF,N,ESM,3,22,22,22,0,22,0,0,162AN3,63.22989,15.5,22.0,1984-06-08,,,,,,,,,,
16,Jharkhand,2,A,BSF,N,OBC,6,27,27,27,27,0,0,0,162AN6,86.64851,20.75,7.0,2001-09-13,103.64618,33.25,19.75,1999-07-18,31968.0,103.64618,33.25,19.75,1999-07-18,31968.0
16,Jharkhand,2,A,BSF,N,UR,9,88,88,88,88,0,0,0,162AN9,82.94469,31.0,6.25,2002-03-07,96.64033,38.0,10.25,2002-03-10,38594.0,96.64033,38.0,10.25,2002-03-10,38594.0
16,Jharkhand,2,B,CISF,G,EWS,0,20,20,20,20,0,0,0,162BG0,105.47643,33.25,13.0,2004-05-17,123.99049,36.0,21.25,2006-01-01,16272.0,123.99049,36.0,21.25,2006-01-01,16272.0
16,Jharkhand,2,B,CISF,G,SC,1,24,24,24,24,0,0,0,162BG1,94.88044,22.0,17.5,2000-10-15,109.1074,33.5,18.25,2005-01-01,27282.0,109.1074,33.5,18.25,2005-01-01,27282.0
16,Jharkhand,2,B,CISF,G,ST,2,52,52,52,52,0,0,0,162BG2,100.18568,33.75,21.25,2003-04-13,113.43846,40.0,13.75,2002-11-04,23938.0,113.43846,40.0,13.75,2002-11-04,23938.0
16,Jharkhand,2,B,CISF,G,ESM,3,20,20,20,2,18,0,0,162BG3,80.98304,19.75,15.25,1979-02-04,86.24023,31.75,13.5,1984-10-29,49601.0,86.24023,31.75,13.5,1984-10-29,49601.0
16,Jharkhand,2,B,CISF,G,OBC,6,24,24,23,23,0,1,1,162BG6,116.19979,35.75,13.75,1999-07-13,129.4683,37.75,22.0,2002-04-10,10726.0,129.4683,37.75,22.0,2002-04-10,10726.0
16,Jharkhand,2,B,CISF,G,UR,9,81,81,80,80,0,1,1,162BG9,114.10057,35.75,13.75,2004-04-21,130.32707,33.5,29.25,2002-08-09,9792.0,130.32707,33.5,29.25,2002-08-09,9792.0
16,Jharkhand,2,B,CISF,N,EWS,0,25,25,25,25,0,0,0,162BN0,57.53636,13.0,8.5,2006-06-10,102.31068,33.25,13.0,2002-02-04,33215.0,102.31068,33.25,13.0,2002-02-04,33215.0
16,Jharkhand,2,B,CISF,N,SC,1,30,30,30,30,0,0,0,162BN1,37.60987,10.75,10.75,2004-05-04,87.28372,18.5,20.25,2000-10-15,48419.0,87.28372,18.5,20.25,2000-10-15,48419.0
16,Jharkhand,2,B,CISF,N,ST,2,64,64,64,64,0,0,0,162BN2,92.37352,26.75,22.25,2001-02-03,108.15898,29.25,13.5,2003-12-04,28020.0,108.15898,29.25,13.5,2003-12-04,28020.0
16,Jharkhand,2,B,CISF,N,ESM,3,25,25,25,0,25,0,0,162BN3,63.22989,15.5,22.0,1984-06-08,,,,,,,,,,
16,Jharkhand,2,B,CISF,N,OBC,6,29,29,29,29,0,0,0,162BN6,86.64851,20.75,7.0,2001-09-13,118.19128,40.0,20.0,2002-01-01,20667.0,118.19128,40.0,20.0,2002-01-01,20667.0
16,Jharkhand,2,B,CISF,N,UR,9,98,98,98,98,0,0,0,162BN9,82.94469,31.0,6.25,2002-03-07,115.32879,38.0,13.0,2006-04-07,22629.0,115.32879,38.0,13.0,2006-04-07,22629.0
16,Jharkhand,2,C,CRPF,G,EWS,0,19,19,19,19,0,0,0,162CG0,105.47643,33.25,13.0,2004-05-17,113.60543,35.5,17.5,2002-03-30,23824.0,113.60543,35.5,17.5,2002-03-30,23824.0
16,Jharkhand,2,C,CRPF,G,SC,1,22,22,22,22,0,0,0,162CG1,94.88044,22.0,17.5,2000-10-15,102.83615,35.5,10.75,1997-03-24,32820.0,102.83615,35.5,10.75,1997-03-24,32820.0
16,Jharkhand,2,C,CRPF,G,ST,2,49,49,49,49,0,0,0,162CG2,100.18568,33.75,21.25,2003-04-13,105.61871,35.5,20.0,1997-05-26,30275.0,105.61871,35.5,20.0,1997-05-26,30275.0
16,Jharkhand,2,C,CRPF,G,ESM,3,19,19,19,0,19,0,0,162CG3,80.98304,19.75,15.25,1979-02-04,,,,,,,,,,
16,Jharkhand,2,C,CRPF,G,OBC,6,22,22,22,22,0,0,0,162CG6,116.19979,35.75,13.75,1999-07-13,124.70652,26.75,19.75,2001-11-20,15546.0,124.70652,26.75,19.75,2001-11-20,15546.0
16,Jharkhand,2,C,CRPF,G,UR,9,75,75,75,75,0,0,0,162CG9,114.10057,35.75,13.75,2004-04-21,121.16078,31.25,18.0,2003-03-15,18617.0,121.16078,31.25,18.0,2003-03-15,18617.0
16,Jharkhand,2,C,CRPF,N,EWS,0,23,23,23,23,0,0,0,162CN0,57.53636,13.0,8.5,2006-06-10,85.71675,35.75,8.0,2005-04-04,50145.0,85.71675,35.75,8.0,2005-04-04,50145.0
16,Jharkhand,2,C,CRPF,N,SC,1,27,27,27,27,0,0,0,162CN1,37.60987,10.75,10.75,2004-05-04,58.79779,35.5,0.0,2003-06-25,69972.0,58.79779,35.5,0.0,2003-06-25,69972.0
16,Jharkhand,2,C,CRPF,N,ST,2,59,59,59,59,0,0,0,162CN2,92.37352,26.75,22.25,2001-02-03,99.44158,33.25,15.25,2002-05-18,35857.0,99.44158,33.25,15.25,2002-05-18,35857.0
16,Jharkhand,2,C,CRPF,N,ESM,3,23,23,23,0,23,0,0,162CN3,63.22989,15.5,22.0,1984-06-08,,,,,,,,,,
16,Jharkhand,2,C,CRPF,N,OBC,6,27,27,27,27,0,0,0,162CN6,86.64851,20.75,7.0,2001-09-13,102.19756,37.75,9.5,2000-08-15,33301.0,102.19756,37.75,9.5,2000-08-15,33301.0
16,Jharkhand,2,C,CRPF,N,UR,9,91,91,91,91,0,0,0,162CN9,82.94469,31.0,6.25,2002-03-07,98.5289,28.75,13.0,2003-02-17,36795.0,98.5289,28.75,13.0,2003-02-17,36795.0
16,Jharkhand,2,D,SSB,G,EWS,0,1,1,1,1,0,0,0,162DG0,105.47643,33.25,13.0,2004-05-17,134.29205,35.5,19.75,2002-04-05,6017.0,134.29205,35.5,19.75,2002-04-05,6017.0
16,Jharkhand,2,D,SSB,G,SC,1,1,1,1,1,0,0,0,162DG1,94.88044,22.0,17.5,2000-10-15,116.40898,38.0,13.0,2004-11-28,21954.0,116.40898,38.0,13.0,2004-11-28,21954.0
16,Jharkhand,2,D,SSB,G,ST,2,3,3,3,3,0,0,0,162DG2,100.18568,33.75,21.25,2003-04-13,124.73949,40.0,13.25,2005-10-21,15512.0,124.73949,40.0,13.25,2005-10-21,15512.0
16,Jharkhand,2,D,SSB,G,ESM,3,1,1,1,0,1,0,0,162DG3,80.98304,19.75,15.25,1979-02-04,,,,,,,,,,
16,Jharkhand,2,D,SSB,G,OBC,6,1,1,1,1,0,0,0,162DG6,116.19979,35.75,13.75,1999-07-13,139.50598,33.25,18.25,2001-01-24,2212.0,139.50598,33.25,18.25,2001-01-24,2212.0
16,Jharkhand,2,D,SSB,G,UR,9,5,5,5,5,0,0,0,162DG9,114.10057,35.75,13.75,2004-04-21,137.02703,40.0,24.25,2003-03-11,3657.0,137.02703,40.0,24.25,2003-03-11,3657.0
16,Jharkhand,2,D,SSB,N,EWS,0,1,1,1,1,0,0,0,162DN0,57.53636,13.0,8.5,2006-06-10,121.71011,38.0,15.25,2002-05-05,18073.0,121.71011,38.0,15.25,2002-05-05,18073.0
16,Jharkhand,2,D,SSB,N,SC,1,2,2,2,2,0,0,0,162DN1,37.60987,10.75,10.75,2004-05-04,120.14685,33.25,15.25,2002-06-15,19281.0,120.14685,33.25,15.25,2002-06-15,19281.0
16,Jharkhand,2,D,SSB,N,ST,2,4,4,4,4,0,0,0,162DN2,92.37352,26.75,22.25,2001-02-03,117.58359,33.5,29.75,2004-05-12,21152.0,117.58359,33.5,29.75,2004-05-12,21152.0
16,Jharkhand,2,D,SSB,N,ESM,3,1,1,1,0,1,0,0,162DN3,63.22989,15.5,22.0,1984-06-08,,,,,,,,,,
16,Jharkhand,2,D,SSB,N,OBC,6,2,2,2,2,0,0,0,162DN6,86.64851,20.75,7.0,2001-09-13,128.35101,33.75,19.75,1999-05-17,12014.0,128.35101,33.75,19.75,1999-05-17,12014.0
16,Jharkhand,2,D,SSB,N,UR,9,5,5,5,5,0,0,0,162DN9,82.94469,31.0,6.25,2002-03-07,124.78045,37.75,17.5,2004-06-07,15463.0,124.78045,37.75,17.5,2004-06-07,15463.0
16,Jharkhand,2,E,ITBP,G,EWS,0,3,3,3,3,0,0,0,162EG0,105.47643,33.25,13.0,2004-05-17,120.90021,35.75,13.5,2003-12-20,18733.0,120.90021,35.75,13.5,2003-12-20,18733.0
16,Jharkhand,2,E,ITBP,G,SC,1,4,4,4,4,0,0,0,162EG1,94.88044,22.0,17.5,2000-10-15,108.14881,33.25,19.75,2003-02-07,28028.0,108.14881,33.25,19.75,2003-02-07,28028.0
16,Jharkhand,2,E,ITBP,G,ST,2,9,9,9,9,0,0,0,162EG2,100.18568,33.75,21.25,2003-04-13,109.83568,33.25,17.5,2002-11-01,26757.0,109.83568,33.25,17.5,2002-11-01,26757.0
16,Jharkhand,2,E,ITBP,G,ESM,3,3,3,3,0,3,0,0,162EG3,80.98304,19.75,15.25,1979-02-04,,,,,,,,,,
16,Jharkhand,2,E,ITBP,G,OBC,6,4,4,4,4,0,0,0,162EG6,116.19979,35.75,13.75,1999-07-13,128.64657,33.5,27.0,2000-03-06,11792.0,128.64657,33.5,27.0,2000-03-06,11792.0
16,Jharkhand,2,E,ITBP,G,UR,9,14,14,14,14,0,0,0,162EG9,114.10057,35.75,13.75,2004-04-21,127.07576,35.5,24.25,2002-03-16,13430.0,127.07576,35.5,24.25,2002-03-16,13430.0
16,Jharkhand,2,E,ITBP,N,EWS,0,4,4,4,4,0,0,0,162EN0,57.53636,13.0,8.5,2006-06-10,101.9369,33.25,4.0,2005-05-16,33539.0,101.9369,33.25,4.0,2005-05-16,33539.0
16,Jharkhand,2,E,ITBP,N,SC,1,5,5,5,5,0,0,0,162EN1,37.60987,10.75,10.75,2004-05-04,74.3703,24.25,11.0,1999-04-08,60914.0,74.3703,24.25,11.0,1999-04-08,60914.0
16,Jharkhand,2,E,ITBP,N,ST,2,11,11,11,11,0,0,0,162EN2,92.37352,26.75,22.25,2001-02-03,103.77402,31.5,7.5,2002-12-02,31833.0,103.77402,31.5,7.5,2002-12-02,31833.0
16,Jharkhand,2,E,ITBP,N,ESM,3,4,4,4,0,4,0,0,162EN3,63.22989,15.5,22.0,1984-06-08,,,,,,,,,,
16,Jharkhand,2,E,ITBP,N,OBC,6,5,5,5,5,0,0,0,162EN6,86.64851,20.75,7.0,2001-09-13,114.95121,35.75,16.5,1999-04-13,22941.0,114.95121,35.75,16.5,1999-04-13,22941.0
16,Jharkhand,2,E,ITBP,N,UR,9,16,16,16,16,0,0,0,162EN9,82.94469,31.0,6.25,2002-03-07,109.91363,37.75,8.5,2005-01-01,26667.0,109.91363,37.75,8.5,2005-01-01,26667.0
16,Jharkhand,2,F,AR,G,EWS,0,2,2,2,2,0,0,0,162FG0,105.47643,33.25,13.0,2004-05-17,122.57296,35.5,24.25,2002-06-01,17348.0,122.57296,35.5,24.25,2002-06-01,17348.0
16,Jharkhand,2,F,AR,G,SC,1,2,2,2,2,0,0,0,162FG1,94.88044,22.0,17.5,2000-10-15,110.22771,35.5,8.5,2003-09-01,26380.0,110.22771,35.5,8.5,2003-09-01,26380.0
16,Jharkhand,2,F,AR,G,ST,2,4,4,4,4,0,0,0,162FG2,100.18568,33.75,21.25,2003-04-13,111.9911,37.75,17.5,2003-01-20,25129.0,111.9911,37.75,17.5,2003-01-20,25129.0
16,Jharkhand,2,F,AR,G,ESM,3,2,2,2,0,2,0,0,162FG3,80.98304,19.75,15.25,1979-02-04,,,,,,,,,,
16,Jharkhand,2,F,AR,G,OBC,6,2,2,2,2,0,0,0,162FG6,116.19979,35.75,13.75,1999-07-13,129.25654,40.0,13.0,2000-11-09,10964.0,129.25654,40.0,13.0,2000-11-09,10964.0
16,Jharkhand,2,F,AR,G,UR,9,6,6,6,6,0,0,0,162FG9,114.10057,35.75,13.75,2004-04-21,129.12924,37.75,16.5,2002-04-15,11137.0,129.12924,37.75,16.5,2002-04-15,11137.0
16,Jharkhand,2,F,AR,N,EWS,0,2,2,2,2,0,0,0,162FN0,57.53636,13.0,8.5,2006-06-10,110.33342,38.0,7.25,2003-08-01,26286.0,110.33342,38.0,7.25,2003-08-01,26286.0
16,Jharkhand,2,F,AR,N,SC,1,2,2,2,2,0,0,0,162FN1,37.60987,10.75,10.75,2004-05-04,81.10161,33.25,6.25,2004-08-14,54903.0,81.10161,33.25,6.25,2004-08-14,54903.0
16,Jharkhand,2,F,AR,N,ST,2,5,5,5,5,0,0,0,162FN2,92.37352,26.75,22.25,2001-02-03,111.8042,33.75,14.75,2002-06-05,25241.0,111.8042,33.75,14.75,2002-06-05,25241.0
16,Jharkhand,2,F,AR,N,ESM,3,2,2,2,0,2,0,0,162FN3,63.22989,15.5,22.0,1984-06-08,,,,,,,,,,
16,Jharkhand,2,F,AR,N,OBC,6,2,2,2,2,0,0,0,162FN6,86.64851,20.75,7.0,2001-09-13,116.58576,37.75,15.25,1999-10-08,21852.0,116.58576,37.75,15.25,1999-10-08,21852.0
16,Jharkhand,2,F,AR,N,UR,9,8,8,8,8,0,0,0,162FN9,82.94469,31.0,6.25,2002-03-07,112.99425,35.5,15.25,2006-01-01,24293.0,112.99425,35.5,15.25,2006-01-01,24293.0
17,Karnataka,1,A,BSF,G,EWS,0,6,6,6,6,0,0,0,171AG0,76.01417,31.25,14.25,2002-02-26,82.00119,24.5,10.75,2003-04-24,54044.0,82.00119,24.5,10.75,2003-04-24,54044.0
17,Karnataka,1,A,BSF,G,SC,1,9,9,9,5,4,0,0,171AG1,72.58187,31.0,12.25,2002-07-12,72.58187,31.0,12.25,2002-07-12,62325.0,72.58187,31.0,12.25,2002-07-12,62325.0
17,Karnataka,1,A,BSF,G,ST,2,4,4,4,4,0,0,0,171AG2,83.33981,33.5,19.75,2000-05-28,87.92493,31.0,17.5,1998-04-01,47723.0,87.92493,31.0,17.5,1998-04-01,47723.0
17,Karnataka,1,A,BSF,G,ESM,3,6,6,6,0,6,0,0,171AG3,,,,,,,,,,,,,,
17,Karnataka,1,A,BSF,G,OBC,6,17,17,17,17,0,0,0,171AG6,74.61643,29.25,24.25,2003-09-21,80.65527,31.0,13.75,2001-01-19,55325.0,80.65527,31.0,13.75,2001-01-19,55325.0
17,Karnataka,1,A,BSF,G,UR,9,24,24,24,24,0,0,0,171AG9,79.66434,26.75,8.25,2002-05-02,84.28445,22.0,13.0,2002-06-05,51696.0,84.28445,22.0,13.0,2002-06-05,51696.0
17,Karnataka,1,B,CISF,G,EWS,0,4,4,4,4,0,0,0,171BG0,76.01417,31.25,14.25,2002-02-26,93.7976,31.25,14.5,2002-08-17,41542.0,93.7976,31.25,14.5,2002-08-17,41542.0
17,Karnataka,1,B,CISF,G,SC,1,6,6,6,6,0,0,0,171BG1,72.58187,31.0,12.25,2002-07-12,73.5971,20.5,13.5,2002-08-05,61546.0,73.5971,20.5,13.5,2002-08-05,61546.0
17,Karnataka,1,B,CISF,G,ST,2,3,3,3,3,0,0,0,171BG2,83.33981,33.5,19.75,2000-05-28,92.88194,33.5,17.5,2006-09-17,42415.0,92.88194,33.5,17.5,2006-09-17,42415.0
17,Karnataka,1,B,CISF,G,ESM,3,4,4,4,0,4,0,0,171BG3,,,,,,,,,,,,,,
17,Karnataka,1,B,CISF,G,OBC,6,11,11,11,11,0,0,0,171BG6,74.61643,29.25,24.25,2003-09-21,89.75006,32.0,9.75,2003-01-02,45776.0,89.75006,32.0,9.75,2003-01-02,45776.0
17,Karnataka,1,B,CISF,G,UR,9,17,17,17,17,0,0,0,171BG9,79.66434,26.75,8.25,2002-05-02,97.00562,31.0,10.75,2004-09-03,38175.0,97.00562,31.0,10.75,2004-09-03,38175.0
17,Karnataka,1,C,CRPF,G,EWS,0,1,1,1,1,0,0,0,171CG0,76.01417,31.25,14.25,2002-02-26,86.54065,37.75,22.0,2004-04-01,49237.0,86.54065,37.75,22.0,2004-04-01,49237.0
17,Karnataka,1,C,CRPF,G,SC,1,2,2,2,2,0,0,0,171CG1,72.58187,31.0,12.25,2002-07-12,79.64121,25.0,10.75,2003-02-15,56307.0,79.64121,25.0,10.75,2003-02-15,56307.0
17,Karnataka,1,C,CRPF,G,ST,2,1,1,1,1,0,0,0,171CG2,83.33981,33.5,19.75,2000-05-28,93.29908,29.5,11.25,2001-06-24,42038.0,93.29908,29.5,11.25,2001-06-24,42038.0
17,Karnataka,1,C,CRPF,G,ESM,3,1,1,1,0,1,0,0,171CG3,,,,,,,,,,,,,,
17,Karnataka,1,C,CRPF,G,OBC,6,4,4,4,4,0,0,0,171CG6,74.61643,29.25,24.25,2003-09-21,85.47009,23.25,23.0,2000-06-05,50412.0,85.47009,23.25,23.0,2000-06-05,50412.0
17,Karnataka,1,C,CRPF,G,UR,9,6,6,6,6,0,0,0,171CG9,79.66434,26.75,8.25,2002-05-02,91.20601,26.75,13.0,2003-05-05,44282.0,91.20601,26.75,13.0,2003-05-05,44282.0
17,Karnataka,1,E,ITBP,G,EWS,0,1,1,1,1,0,0,0,171EG0,76.01417,31.25,14.25,2002-02-26,83.35922,29.0,15.25,2005-06-21,52731.0,83.35922,29.0,15.25,2005-06-21,52731.0
17,Karnataka,1,E,ITBP,G,SC,1,2,2,2,0,2,0,0,171EG1,72.58187,31.0,12.25,2002-07-12,,,,,,,,,,
17,Karnataka,1,E,ITBP,G,ST,2,1,1,1,1,0,0,0,171EG2,83.33981,33.5,19.75,2000-05-28,88.65079,28.75,10.75,1998-05-07,46982.0,88.65079,28.75,10.75,1998-05-07,46982.0
17,Karnataka,1,E,ITBP,G,ESM,3,1,1,1,0,1,0,0,171EG3,,,,,,,,,,,,,,
17,Karnataka,1,E,ITBP,G,OBC,6,3,3,3,3,0,0,0,171EG6,74.61643,29.25,24.25,2003-09-21,83.86503,27.25,18.0,2001-06-10,52156.0,83.86503,27.25,18.0,2001-06-10,52156.0
17,Karnataka,1,E,ITBP,G,UR,9,5,5,5,5,0,0,0,171EG9,79.66434,26.75,8.25,2002-05-02,84.46833,33.5,10.5,2006-01-03,51404.0,84.46833,33.5,10.5,2006-01-03,51404.0
17,Karnataka,1,F,AR,G,SC,1,1,1,1,1,0,0,0,171FG1,72.58187,31.0,12.25,2002-07-12,94.63526,33.5,4.5,2002-07-19,40672.0,94.63526,33.5,4.5,2002-07-19,40672.0
17,Karnataka,1,F,AR,G,OBC,6,1,1,1,1,0,0,0,171FG6,74.61643,29.25,24.25,2003-09-21,110.87607,36.0,20.0,2000-07-27,25831.0,110.87607,36.0,20.0,2000-07-27,25831.0
17,Karnataka,1,F,AR,G,UR,9,1,1,1,1,0,0,0,171FG9,79.66434,26.75,8.25,2002-05-02,103.9911,38.0,12.5,2002-07-12,31621.0,103.9911,38.0,12.5,2002-07-12,31621.0
17,Karnataka,2,A,BSF,G,EWS,0,34,34,34,34,0,0,0,172AG0,65.24795,31.0,4.0,2003-02-13,80.37286,28.75,10.75,2005-08-23,55589.0,80.37286,28.75,10.75,2005-08-23,55589.0
17,Karnataka,2,A,BSF,G,SC,1,54,54,54,54,0,0,0,172AG1,65.82358,24.25,15.25,2000-06-08,77.25211,26.75,5.75,2003-02-08,58585.0,77.25211,26.75,5.75,2003-02-08,58585.0
17,Karnataka,2,A,BSF,G,ST,2,23,23,23,23,0,0,0,172AG2,83.19071,33.25,15.25,2000-11-17,90.155,31.5,17.5,2001-06-21,45373.0,90.155,31.5,17.5,2001-06-21,45373.0
17,Karnataka,2,A,BSF,G,ESM,3,34,34,34,2,32,0,0,172AG3,33.88296,20.0,4.25,1982-06-18,39.76265,5.5,20.0,1983-06-01,73177.0,39.76265,5.5,20.0,1983-06-01,73177.0
17,Karnataka,2,A,BSF,G,OBC,6,91,91,91,91,0,0,0,172AG6,71.29262,29.0,8.5,1999-06-05,83.40052,33.5,8.5,2003-05-09,52691.0,83.40052,33.5,8.5,2003-05-09,52691.0
17,Karnataka,2,A,BSF,G,UR,9,134,134,132,132,0,2,2,172AG9,77.60615,24.5,13.0,2002-06-20,86.11921,33.25,10.75,2002-03-25,49719.0,86.11921,33.25,10.75,2002-03-25,49719.0
17,Karnataka,2,B,CISF,G,EWS,0,37,37,37,37,0,0,0,172BG0,65.24795,31.0,4.0,2003-02-13,90.68382,35.5,13.25,2004-07-20,44813.0,90.68382,35.5,13.25,2004-07-20,44813.0
17,Karnataka,2,B,CISF,G,SC,1,60,60,60,60,0,0,0,172BG1,65.82358,24.25,15.25,2000-06-08,84.44665,28.75,10.75,2003-04-06,51452.0,84.44665,28.75,10.75,2003-04-06,51452.0
17,Karnataka,2,B,CISF,G,ST,2,26,26,26,26,0,0,0,172BG2,83.19071,33.25,15.25,2000-11-17,95.4035,33.5,13.25,2000-01-05,39901.0,95.4035,33.5,13.25,2000-01-05,39901.0
17,Karnataka,2,B,CISF,G,ESM,3,37,37,37,9,28,0,0,172BG3,33.88296,20.0,4.25,1982-06-18,37.28509,19.75,4.0,1987-07-14,73303.0,37.28509,19.75,4.0,1987-07-14,73303.0
17,Karnataka,2,B,CISF,G,OBC,6,100,100,98,98,0,2,2,172BG6,71.29262,29.0,8.5,1999-06-05,92.11493,35.5,24.25,2004-06-18,43311.0,92.11493,35.5,24.25,2004-06-18,43311.0
17,Karnataka,2,B,CISF,G,UR,9,149,149,142,142,0,7,7,172BG9,77.60615,24.5,13.0,2002-06-20,97.93522,40.0,17.5,2003-06-15,37349.0,97.93522,40.0,17.5,2003-06-15,37349.0
17,Karnataka,2,C,CRPF,G,EWS,0,35,35,35,35,0,0,0,172CG0,65.24795,31.0,4.0,2003-02-13,83.59381,31.0,8.5,2002-04-25,52432.0,83.59381,31.0,8.5,2002-04-25,52432.0
17,Karnataka,2,C,CRPF,G,SC,1,56,56,56,56,0,0,0,172CG1,65.82358,24.25,15.25,2000-06-08,77.99291,22.5,17.5,2000-02-27,57939.0,77.99291,22.5,17.5,2000-02-27,57939.0
17,Karnataka,2,C,CRPF,G,ST,2,24,24,24,24,0,0,0,172CG2,83.19071,33.25,15.25,2000-11-17,87.92493,31.0,22.25,1998-07-17,47721.0,87.92493,31.0,22.25,1998-07-17,47721.0
17,Karnataka,2,C,CRPF,G,ESM,3,35,35,35,1,34,0,0,172CG3,33.88296,20.0,4.25,1982-06-18,34.20045,11.5,9.5,1985-07-29,73436.0,34.20045,11.5,9.5,1985-07-29,73436.0
17,Karnataka,2,C,CRPF,G,OBC,6,94,94,94,94,0,0,0,172CG6,71.29262,29.0,8.5,1999-06-05,85.12542,22.0,22.0,2001-01-15,50821.0,85.12542,22.0,22.0,2001-01-15,50821.0
17,Karnataka,2,C,CRPF,G,UR,9,138,138,137,137,0,1,1,172CG9,77.60615,24.5,13.0,2002-06-20,88.74057,33.25,15.25,2002-03-18,46820.0,88.74057,33.25,15.25,2002-03-18,46820.0
17,Karnataka,2,D,SSB,G,EWS,0,2,2,2,2,0,0,0,172DG0,65.24795,31.0,4.0,2003-02-13,105.18541,36.0,13.0,2004-12-14,30716.0,105.18541,36.0,13.0,2004-12-14,30716.0
17,Karnataka,2,D,SSB,G,SC,1,3,3,3,3,0,0,0,172DG1,65.82358,24.25,15.25,2000-06-08,100.8178,33.5,19.75,2003-07-02,34554.0,100.8178,33.5,19.75,2003-07-02,34554.0
17,Karnataka,2,D,SSB,G,ST,2,2,2,2,2,0,0,0,172DG2,83.19071,33.25,15.25,2000-11-17,101.01628,33.5,17.5,2003-08-09,34341.0,101.01628,33.5,17.5,2003-08-09,34341.0
17,Karnataka,2,D,SSB,G,ESM,3,2,2,2,0,2,0,0,172DG3,33.88296,20.0,4.25,1982-06-18,,,,,,,,,,
17,Karnataka,2,D,SSB,G,OBC,6,6,6,6,6,0,0,0,172DG6,71.29262,29.0,8.5,1999-06-05,102.43459,37.75,17.75,2002-08-03,33104.0,102.43459,37.75,17.75,2002-08-03,33104.0
17,Karnataka,2,D,SSB,G,UR,9,8,8,8,8,0,0,0,172DG9,77.60615,24.5,13.0,2002-06-20,108.05211,28.75,17.5,2004-08-09,28102.0,108.05211,28.75,17.5,2004-08-09,28102.0
17,Karnataka,2,E,ITBP,G,EWS,0,6,6,6,6,0,0,0,172EG0,65.24795,31.0,4.0,2003-02-13,82.64783,33.25,7.25,2003-07-31,53430.0,82.64783,33.25,7.25,2003-07-31,53430.0
17,Karnataka,2,E,ITBP,G,SC,1,10,10,10,10,0,0,0,172EG1,65.82358,24.25,15.25,2000-06-08,81.24673,31.0,6.25,2002-05-13,54775.0,81.24673,31.0,6.25,2002-05-13,54775.0
17,Karnataka,2,E,ITBP,G,ST,2,5,5,5,5,0,0,0,172EG2,83.19071,33.25,15.25,2000-11-17,92.49314,29.75,8.25,2002-06-15,42850.0,92.49314,29.75,8.25,2002-06-15,42850.0
17,Karnataka,2,E,ITBP,G,ESM,3,6,6,6,0,6,0,0,172EG3,33.88296,20.0,4.25,1982-06-18,,,,,,,,,,
17,Karnataka,2,E,ITBP,G,OBC,6,17,17,17,17,0,0,0,172EG6,71.29262,29.0,8.5,1999-06-05,84.98629,23.0,18.25,2002-02-27,50949.0,84.98629,23.0,18.25,2002-02-27,50949.0
17,Karnataka,2,E,ITBP,G,UR,9,26,26,26,26,0,0,0,172EG9,77.60615,24.5,13.0,2002-06-20,89.26833,26.5,14.25,2002-05-14,46272.0,89.26833,26.5,14.25,2002-05-14,46272.0
17,Karnataka,2,F,AR,G,EWS,0,3,3,3,3,0,0,0,172FG0,65.24795,31.0,4.0,2003-02-13,101.00342,37.75,20.0,2002-06-24,34374.0,101.00342,37.75,20.0,2002-06-24,34374.0
17,Karnataka,2,F,AR,G,SC,1,5,5,5,5,0,0,0,172FG1,65.82358,24.25,15.25,2000-06-08,89.4791,33.25,24.25,2004-06-06,46086.0,89.4791,33.25,24.25,2004-06-06,46086.0
17,Karnataka,2,F,AR,G,ST,2,2,2,2,2,0,0,0,172FG2,83.19071,33.25,15.25,2000-11-17,99.35063,33.25,1.75,1999-11-17,35949.0,99.35063,33.25,1.75,1999-11-17,35949.0
17,Karnataka,2,F,AR,G,ESM,3,3,3,3,0,3,0,0,172FG3,33.88296,20.0,4.25,1982-06-18,,,,,,,,,,
17,Karnataka,2,F,AR,G,OBC,6,8,8,8,8,0,0,0,172FG6,71.29262,29.0,8.5,1999-06-05,97.237,38.0,24.25,2002-08-01,37970.0,97.237,38.0,24.25,2002-08-01,37970.0
17,Karnataka,2,F,AR,G,UR,9,11,11,11,11,0,0,0,172FG9,77.60615,24.5,13.0,2002-06-20,105.39617,31.0,24.25,2002-09-10,30502.0,105.39617,31.0,24.25,2002-09-10,30502.0
18,Kerala,1,A,BSF,G,EWS,0,3,3,3,2,1,0,0,181AG0,74.38375,17.75,4.5,2005-10-23,84.84353,24.5,20.75,2006-04-15,51108.0,84.84353,24.5,20.75,2006-04-15,51108.0
18,Kerala,1,A,BSF,G,SC,1,3,3,3,3,0,0,0,181AG1,85.24516,29.5,9.25,2002-02-15,85.24516,29.5,9.25,2002-02-15,50680.0,85.24516,29.5,9.25,2002-02-15,50680.0
18,Kerala,1,A,BSF,G,ESM,3,4,4,4,0,4,0,0,181AG3,,,,,,,,,,,,,,
18,Kerala,1,A,BSF,G,OBC,6,11,11,11,3,8,0,0,181AG6,102.69544,35.5,14.75,1999-07-21,102.69544,35.5,14.75,1999-07-21,32929.0,102.69544,35.5,14.75,1999-07-21,32929.0
18,Kerala,1,A,BSF,G,UR,9,20,20,20,3,17,0,0,181AG9,96.98829,31.5,8.75,2004-03-25,96.98829,31.5,8.75,2004-03-25,38231.0,96.98829,31.5,8.75,2004-03-25,38231.0
18,Kerala,1,A,BSF,N,EWS,0,2,2,2,0,2,0,0,181AN0,,,,,,,,,,,,,,
18,Kerala,1,A,BSF,N,SC,1,2,2,2,0,2,0,0,181AN1,34.91198,10.0,9.75,2005-10-10,,,,,,,,,,
18,Kerala,1,A,BSF,N,ESM,3,2,2,2,0,2,0,0,181AN3,,,,,,,,,,,,,,
18,Kerala,1,A,BSF,N,OBC,6,7,7,7,6,1,0,0,181AN6,49.25888,18.75,5.75,2002-11-09,49.25888,18.75,5.75,2002-11-09,71998.0,49.25888,18.75,5.75,2002-11-09,71998.0
18,Kerala,1,A,BSF,N,UR,9,13,13,13,9,4,0,0,181AN9,48.25676,8.5,15.25,2004-11-05,49.5067,13.0,10.75,2003-07-17,71947.0,49.5067,13.0,10.75,2003-07-17,71947.0
18,Kerala,1,B,CISF,G,EWS,0,2,2,2,2,0,0,0,181BG0,74.38375,17.75,4.5,2005-10-23,96.22815,33.75,15.0,2003-06-11,39068.0,96.22815,33.75,15.0,2003-06-11,39068.0
18,Kerala,1,B,CISF,G,SC,1,3,3,3,3,0,0,0,181BG1,85.24516,29.5,9.25,2002-02-15,93.65306,29.5,8.25,1997-03-17,41724.0,93.65306,29.5,8.25,1997-03-17,41724.0
18,Kerala,1,B,CISF,G,ESM,3,2,2,2,0,2,0,0,181BG3,,,,,,,,,,,,,,
18,Kerala,1,B,CISF,G,OBC,6,6,6,6,6,0,0,0,181BG6,102.69544,35.5,14.75,1999-07-21,108.83338,35.5,6.75,2001-10-07,27451.0,108.83338,35.5,6.75,2001-10-07,27451.0
18,Kerala,1,B,CISF,G,UR,9,12,12,12,12,0,0,0,181BG9,96.98829,31.5,8.75,2004-03-25,106.78983,29.75,15.5,2004-04-16,29169.0,106.78983,29.75,15.5,2004-04-16,29169.0
18,Kerala,1,B,CISF,N,EWS,0,1,1,1,0,1,0,0,181BN0,,,,,,,,,,,,,,
18,Kerala,1,B,CISF,N,SC,1,2,2,2,0,2,0,0,181BN1,34.91198,10.0,9.75,2005-10-10,,,,,,,,,,
18,Kerala,1,B,CISF,N,ESM,3,2,2,2,0,2,0,0,181BN3,,,,,,,,,,,,,,
18,Kerala,1,B,CISF,N,OBC,6,5,5,5,5,0,0,0,181BN6,49.25888,18.75,5.75,2002-11-09,84.01417,27.75,13.0,2001-09-26,51959.0,84.01417,27.75,13.0,2001-09-26,51959.0
18,Kerala,1,B,CISF,N,UR,9,10,10,10,10,0,0,0,181BN9,48.25676,8.5,15.25,2004-11-05,62.48995,27.0,6.5,2003-11-22,68711.0,62.48995,27.0,6.5,2003-11-22,68711.0
18,Kerala,1,C,CRPF,G,EWS,0,1,1,1,0,1,0,0,181CG0,74.38375,17.75,4.5,2005-10-23,,,,,,,,,,
18,Kerala,1,C,CRPF,G,SC,1,1,1,1,1,0,0,0,181CG1,85.24516,29.5,9.25,2002-02-15,88.76377,25.0,10.75,2002-03-19,46799.0,88.76377,25.0,10.75,2002-03-19,46799.0
18,Kerala,1,C,CRPF,G,ESM,3,1,1,1,0,1,0,0,181CG3,,,,,,,,,,,,,,
18,Kerala,1,C,CRPF,G,OBC,6,2,2,2,2,0,0,0,181CG6,102.69544,35.5,14.75,1999-07-21,106.14718,37.75,17.25,1999-02-23,29704.0,106.14718,37.75,17.25,1999-02-23,29704.0
18,Kerala,1,C,CRPF,G,UR,9,4,4,4,4,0,0,0,181CG9,96.98829,31.5,8.75,2004-03-25,101.60081,33.75,10.75,2002-10-07,33793.0,101.60081,33.75,10.75,2002-10-07,33793.0
18,Kerala,1,C,CRPF,N,EWS,0,1,1,1,0,1,0,0,181CN0,,,,,,,,,,,,,,
18,Kerala,1,C,CRPF,N,SC,1,1,1,1,0,1,0,0,181CN1,34.91198,10.0,9.75,2005-10-10,,,,,,,,,,
18,Kerala,1,C,CRPF,N,ESM,3,1,1,1,0,1,0,0,181CN3,,,,,,,,,,,,,,
18,Kerala,1,C,CRPF,N,OBC,6,1,1,1,1,0,0,0,181CN6,49.25888,18.75,5.75,2002-11-09,50.99842,13.0,13.0,2004-09-15,71634.0,50.99842,13.0,13.0,2004-09-15,71634.0
18,Kerala,1,C,CRPF,N,UR,9,2,2,2,2,0,0,0,181CN9,48.25676,8.5,15.25,2004-11-05,78.62133,29.25,17.0,2002-04-01,57279.0,78.62133,29.25,17.0,2002-04-01,57279.0
18,Kerala,1,E,ITBP,G,EWS,0,1,1,1,0,1,0,0,181EG0,74.38375,17.75,4.5,2005-10-23,,,,,,,,,,
18,Kerala,1,E,ITBP,G,SC,1,1,1,1,1,0,0,0,181EG1,85.24516,29.5,9.25,2002-02-15,88.42149,23.25,16.0,2002-09-04,47214.0,88.42149,23.25,16.0,2002-09-04,47214.0
18,Kerala,1,E,ITBP,G,ESM,3,1,1,1,0,1,0,0,181EG3,,,,,,,,,,,,,,
18,Kerala,1,E,ITBP,G,OBC,6,2,2,2,0,2,0,0,181EG6,102.69544,35.5,14.75,1999-07-21,,,,,,,,,,
18,Kerala,1,E,ITBP,G,UR,9,7,7,7,1,6,0,0,181EG9,96.98829,31.5,8.75,2004-03-25,99.45305,33.5,13.0,2003-01-11,35841.0,99.45305,33.5,13.0,2003-01-11,35841.0
18,Kerala,1,E,ITBP,N,OBC,6,1,1,1,1,0,0,0,181EN6,49.25888,18.75,5.75,2002-11-09,52.59275,13.25,11.0,2000-06-19,71321.0,52.59275,13.25,11.0,2000-06-19,71321.0
18,Kerala,1,E,ITBP,N,UR,9,3,3,3,0,3,0,0,181EN9,48.25676,8.5,15.25,2004-11-05,,,,,,,,,,
18,Kerala,1,F,AR,G,UR,9,1,1,1,1,0,0,0,181FG9,96.98829,31.5,8.75,2004-03-25,97.29196,35.5,7.75,2002-12-09,37889.0,97.29196,35.5,7.75,2002-12-09,37889.0
18,Kerala,1,F,AR,N,UR,9,1,1,1,0,1,0,0,181FN9,48.25676,8.5,15.25,2004-11-05,,,,,,,,,,
18,Kerala,2,A,BSF,G,EWS,0,21,21,21,2,19,0,0,182AG0,40.50062,6.25,6.25,2005-10-01,45.96424,12.25,15.25,2003-02-01,72547.0,45.96424,12.25,15.25,2003-02-01,72547.0
18,Kerala,2,A,BSF,G,SC,1,21,21,21,18,3,0,0,182AG1,51.31907,17.0,9.25,2002-12-17,51.31907,17.0,9.25,2002-12-17,71571.0,51.31907,17.0,9.25,2002-12-17,71571.0
18,Kerala,2,A,BSF,G,ST,2,2,2,2,1,1,0,0,182AG2,56.03384,19.75,17.5,2000-10-23,66.51916,33.25,8.5,1998-12-12,66599.0,66.51916,33.25,8.5,1998-12-12,66599.0
18,Kerala,2,A,BSF,G,ESM,3,21,21,21,1,20,0,0,182AG3,38.17905,7.75,-0.25,1983-09-15,42.05861,11.75,4.75,1980-04-02,72977.0,42.05861,11.75,4.75,1980-04-02,72977.0
18,Kerala,2,A,BSF,G,OBC,6,58,58,58,58,0,0,0,182AG6,58.75999,23.25,7.0,2002-11-07,63.61231,27.25,15.5,1999-12-20,68210.0,63.61231,27.25,15.5,1999-12-20,68210.0
18,Kerala,2,A,BSF,G,UR,9,111,111,110,102,8,1,1,182AG9,58.91051,22.0,8.5,2005-09-01,58.98324,29.0,6.25,2003-03-11,69914.0,58.98324,29.0,6.25,2003-03-11,69914.0
18,Kerala,2,A,BSF,N,EWS,0,16,16,16,0,16,0,0,182AN0,41.54806,23.5,0.75,2006-03-20,,,,,,,,,,
18,Kerala,2,A,BSF,N,SC,1,16,16,16,6,10,0,0,182AN1,36.90547,12.5,7.75,2000-06-22,43.0335,25.0,2.5,2001-02-20,72891.0,43.0335,25.0,2.5,2001-02-20,72891.0
18,Kerala,2,A,BSF,N,ST,2,1,1,1,1,0,0,0,182AN2,47.96189,21.0,11.75,1999-08-12,53.97391,22.0,17.5,2002-06-14,71070.0,53.97391,22.0,17.5,2002-06-14,71070.0
18,Kerala,2,A,BSF,N,ESM,3,16,16,16,0,16,0,0,182AN3,,,,,,,,,,,,,,
18,Kerala,2,A,BSF,N,OBC,6,41,41,41,19,22,0,0,182AN6,40.71156,16.25,5.5,2006-08-13,42.51539,21.5,7.75,2001-12-16,72942.0,42.51539,21.5,7.75,2001-12-16,72942.0
18,Kerala,2,A,BSF,N,UR,9,81,81,81,13,68,0,0,182AN9,48.05089,25.75,1.0,2002-02-15,51.27183,15.25,4.0,2002-03-10,71577.0,51.27183,15.25,4.0,2002-03-10,71577.0
18,Kerala,2,B,CISF,G,EWS,0,20,20,20,4,16,0,0,182BG0,40.50062,6.25,6.25,2005-10-01,46.85004,20.0,6.5,2003-01-05,72406.0,46.85004,20.0,6.5,2003-01-05,72406.0
18,Kerala,2,B,CISF,G,SC,1,22,22,22,22,0,0,0,182BG1,51.31907,17.0,9.25,2002-12-17,57.53636,31.5,5.5,2000-01-15,70297.0,57.53636,31.5,5.5,2000-01-15,70297.0
18,Kerala,2,B,CISF,G,ST,2,2,2,2,1,1,0,0,182BG2,56.03384,19.75,17.5,2000-10-23,66.82429,24.25,10.75,2005-02-02,66403.0,66.82429,24.25,10.75,2005-02-02,66403.0
18,Kerala,2,B,CISF,G,ESM,3,21,21,21,3,18,0,0,182BG3,38.17905,7.75,-0.25,1983-09-15,38.17905,7.75,-0.25,1983-09-15,73255.0,38.17905,7.75,-0.25,1983-09-15,73255.0
18,Kerala,2,B,CISF,G,OBC,6,57,57,54,54,0,3,3,182BG6,58.75999,23.25,7.0,2002-11-07,80.15888,33.5,22.25,2000-11-15,55769.0,80.15888,33.5,22.25,2000-11-15,55769.0
18,Kerala,2,B,CISF,G,UR,9,110,110,110,110,0,0,0,182BG9,58.91051,22.0,8.5,2005-09-01,73.45923,27.0,10.0,2002-03-29,61633.0,73.45923,27.0,10.0,2002-03-29,61633.0
18,Kerala,2,B,CISF,N,EWS,0,13,13,13,0,13,0,0,182BN0,41.54806,23.5,0.75,2006-03-20,,,,,,,,,,
18,Kerala,2,B,CISF,N,SC,1,16,16,16,1,15,0,0,182BN1,36.90547,12.5,7.75,2000-06-22,53.08169,24.5,6.75,2000-06-15,71220.0,53.08169,24.5,6.75,2000-06-15,71220.0
18,Kerala,2,B,CISF,N,ST,2,3,3,3,3,0,0,0,182BN2,47.96189,21.0,11.75,1999-08-12,59.05827,33.5,0.0,2004-02-26,69893.0,59.05827,33.5,0.0,2004-02-26,69893.0
18,Kerala,2,B,CISF,N,ESM,3,16,16,16,0,16,0,0,182BN3,,,,,,,,,,,,,,
18,Kerala,2,B,CISF,N,OBC,6,44,44,44,43,1,0,0,182BN6,40.71156,16.25,5.5,2006-08-13,42.08825,19.25,9.0,2005-02-09,72971.0,42.08825,19.25,9.0,2005-02-09,72971.0
18,Kerala,2,B,CISF,N,UR,9,84,84,84,52,32,0,0,182BN9,48.05089,25.75,1.0,2002-02-15,48.05089,25.75,1.0,2002-02-15,72196.0,48.05089,25.75,1.0,2002-02-15,72196.0
18,Kerala,2,C,CRPF,G,EWS,0,19,19,19,1,18,0,0,182CG0,40.50062,6.25,6.25,2005-10-01,45.88052,17.5,6.5,2003-06-27,72559.0,45.88052,17.5,6.5,2003-06-27,72559.0
18,Kerala,2,C,CRPF,G,SC,1,19,19,19,7,12,0,0,182CG1,51.31907,17.0,9.25,2002-12-17,52.19648,17.5,8.75,2001-11-13,71408.0,52.19648,17.5,8.75,2001-11-13,71408.0
18,Kerala,2,C,CRPF,G,ST,2,2,2,2,1,1,0,0,182CG2,56.03384,19.75,17.5,2000-10-23,60.73372,27.25,4.0,2003-11-03,69392.0,60.73372,27.25,4.0,2003-11-03,69392.0
18,Kerala,2,C,CRPF,G,ESM,3,19,19,19,0,19,0,0,182CG3,38.17905,7.75,-0.25,1983-09-15,,,,,,,,,,
18,Kerala,2,C,CRPF,G,OBC,6,51,51,51,51,0,0,0,182CG6,58.75999,23.25,7.0,2002-11-07,66.72026,22.25,13.0,2000-03-27,66469.0,66.72026,22.25,13.0,2000-03-27,66469.0
18,Kerala,2,C,CRPF,G,UR,9,99,99,99,88,11,0,0,182CG9,58.91051,22.0,8.5,2005-09-01,59.07814,10.75,13.25,2006-07-30,69881.0,59.07814,10.75,13.25,2006-07-30,69881.0
18,Kerala,2,C,CRPF,N,EWS,0,12,12,12,0,12,0,0,182CN0,41.54806,23.5,0.75,2006-03-20,,,,,,,,,,
18,Kerala,2,C,CRPF,N,SC,1,12,12,12,0,12,0,0,182CN1,36.90547,12.5,7.75,2000-06-22,,,,,,,,,,
18,Kerala,2,C,CRPF,N,ST,2,1,1,1,1,0,0,0,182CN2,47.96189,21.0,11.75,1999-08-12,55.7608,20.0,10.75,1998-08-16,70711.0,55.7608,20.0,10.75,1998-08-16,70711.0
18,Kerala,2,C,CRPF,N,ESM,3,12,12,12,0,12,0,0,182CN3,,,,,,,,,,,,,,
18,Kerala,2,C,CRPF,N,OBC,6,33,33,33,13,20,0,0,182CN6,40.71156,16.25,5.5,2006-08-13,41.18433,13.75,13.5,2003-08-10,73078.0,41.18433,13.75,13.5,2003-08-10,73078.0
18,Kerala,2,C,CRPF,N,UR,9,65,65,65,12,53,0,0,182CN9,48.05089,25.75,1.0,2002-02-15,50.00209,21.25,15.5,2003-04-30,71855.0,50.00209,21.25,15.5,2003-04-30,71855.0
18,Kerala,2,D,SSB,G,EWS,0,2,2,2,0,2,0,0,182DG0,40.50062,6.25,6.25,2005-10-01,,,,,,,,,,
18,Kerala,2,D,SSB,G,SC,1,2,2,2,2,0,0,0,182DG1,51.31907,17.0,9.25,2002-12-17,102.73642,27.75,20.75,1998-05-31,32900.0,102.73642,27.75,20.75,1998-05-31,32900.0
18,Kerala,2,D,SSB,G,ESM,3,2,2,2,0,2,0,0,182DG3,38.17905,7.75,-0.25,1983-09-15,,,,,,,,,,
18,Kerala,2,D,SSB,G,OBC,6,5,5,5,5,0,0,0,182DG6,58.75999,23.25,7.0,2002-11-07,86.94517,34.0,7.5,2001-10-24,48770.0,86.94517,34.0,7.5,2001-10-24,48770.0
18,Kerala,2,D,SSB,G,UR,9,10,10,10,10,0,0,0,182DG9,58.91051,22.0,8.5,2005-09-01,76.77982,31.5,8.5,2006-01-25,58968.0,76.77982,31.5,8.5,2006-01-25,58968.0
18,Kerala,2,D,SSB,N,EWS,0,2,2,2,0,2,0,0,182DN0,41.54806,23.5,0.75,2006-03-20,,,,,,,,,,
18,Kerala,2,D,SSB,N,SC,1,4,4,4,0,4,0,0,182DN1,36.90547,12.5,7.75,2000-06-22,,,,,,,,,,
18,Kerala,2,D,SSB,N,ESM,3,2,2,2,0,2,0,0,182DN3,,,,,,,,,,,,,,
18,Kerala,2,D,SSB,N,OBC,6,3,3,3,3,0,0,0,182DN6,40.71156,16.25,5.5,2006-08-13,75.48661,31.75,15.25,2001-08-03,60009.0,75.48661,31.75,15.25,2001-08-03,60009.0
18,Kerala,2,D,SSB,N,UR,9,6,6,6,6,0,0,0,182DN9,48.05089,25.75,1.0,2002-02-15,48.51844,19.75,6.25,2006-09-19,72113.0,48.51844,19.75,6.25,2006-09-19,72113.0
18,Kerala,2,E,ITBP,G,EWS,0,5,5,5,1,4,0,0,182EG0,40.50062,6.25,6.25,2005-10-01,44.13329,15.5,12.0,2004-04-20,72783.0,44.13329,15.5,12.0,2004-04-20,72783.0
18,Kerala,2,E,ITBP,G,SC,1,5,5,5,2,3,0,0,182EG1,51.31907,17.0,9.25,2002-12-17,51.86765,19.75,4.0,2001-08-25,71459.0,51.86765,19.75,4.0,2001-08-25,71459.0
18,Kerala,2,E,ITBP,G,ESM,3,5,5,5,0,5,0,0,182EG3,38.17905,7.75,-0.25,1983-09-15,,,,,,,,,,
18,Kerala,2,E,ITBP,G,OBC,6,13,13,13,13,0,0,0,182EG6,58.75999,23.25,7.0,2002-11-07,65.64246,21.5,11.0,2001-02-12,67192.0,65.64246,21.5,11.0,2001-02-12,67192.0
18,Kerala,2,E,ITBP,G,UR,9,23,23,23,23,0,0,0,182EG9,58.91051,22.0,8.5,2005-09-01,58.91051,22.0,8.5,2005-09-01,69933.0,58.91051,22.0,8.5,2005-09-01,69933.0
18,Kerala,2,E,ITBP,N,EWS,0,3,3,3,0,3,0,0,182EN0,41.54806,23.5,0.75,2006-03-20,,,,,,,,,,
18,Kerala,2,E,ITBP,N,SC,1,3,3,3,0,3,0,0,182EN1,36.90547,12.5,7.75,2000-06-22,,,,,,,,,,
18,Kerala,2,E,ITBP,N,ESM,3,3,3,3,0,3,0,0,182EN3,,,,,,,,,,,,,,
18,Kerala,2,E,ITBP,N,OBC,6,8,8,8,2,6,0,0,182EN6,40.71156,16.25,5.5,2006-08-13,40.71156,16.25,5.5,2006-08-13,73100.0,40.71156,16.25,5.5,2006-08-13,73100.0
18,Kerala,2,E,ITBP,N,UR,9,15,15,15,2,13,0,0,182EN9,48.05089,25.75,1.0,2002-02-15,50.04727,23.5,4.75,2002-11-14,71849.0,50.04727,23.5,4.75,2002-11-14,71849.0
18,Kerala,2,F,AR,G,EWS,0,3,3,3,2,1,0,0,182FG0,40.50062,6.25,6.25,2005-10-01,57.12363,26.75,3.75,2006-07-04,70392.0,57.12363,26.75,3.75,2006-07-04,70392.0
18,Kerala,2,F,AR,G,SC,1,3,3,3,3,0,0,0,182FG1,51.31907,17.0,9.25,2002-12-17,54.68579,20.25,4.5,2004-12-21,70918.0,54.68579,20.25,4.5,2004-12-21,70918.0
18,Kerala,2,F,AR,G,ST,2,1,1,1,0,1,0,0,182FG2,56.03384,19.75,17.5,2000-10-23,,,,,,,,,,
18,Kerala,2,F,AR,G,ESM,3,3,3,3,0,3,0,0,182FG3,38.17905,7.75,-0.25,1983-09-15,,,,,,,,,,
18,Kerala,2,F,AR,G,OBC,6,7,7,7,7,0,0,0,182FG6,58.75999,23.25,7.0,2002-11-07,77.47247,29.5,7.0,2000-05-25,58405.0,77.47247,29.5,7.0,2000-05-25,58405.0
18,Kerala,2,F,AR,G,UR,9,12,12,12,12,0,0,0,182FG9,58.91051,22.0,8.5,2005-09-01,71.3162,25.5,18.0,2003-03-31,63263.0,71.3162,25.5,18.0,2003-03-31,63263.0
18,Kerala,2,F,AR,N,EWS,0,2,2,2,0,2,0,0,182FN0,41.54806,23.5,0.75,2006-03-20,,,,,,,,,,
25,Nagaland,1,F,AR,B,OBC,6,1,1,1,0,1,0,0,251FB6,,,,,,,,,,,,,,
18,Kerala,2,F,AR,N,SC,1,2,2,2,0,2,0,0,182FN1,36.90547,12.5,7.75,2000-06-22,,,,,,,,,,
18,Kerala,2,F,AR,N,ST,2,1,1,1,1,0,0,0,182FN2,47.96189,21.0,11.75,1999-08-12,72.81779,22.25,13.0,2000-05-02,62166.0,72.81779,22.25,13.0,2000-05-02,62166.0
18,Kerala,2,F,AR,N,ESM,3,2,2,2,0,2,0,0,182FN3,,,,,,,,,,,,,,
18,Kerala,2,F,AR,N,OBC,6,5,5,5,5,0,0,0,182FN6,40.71156,16.25,5.5,2006-08-13,68.68681,23.25,17.0,2000-02-18,65150.0,68.68681,23.25,17.0,2000-02-18,65150.0
18,Kerala,2,F,AR,N,UR,9,9,9,9,8,1,0,0,182FN9,48.05089,25.75,1.0,2002-02-15,48.11899,21.5,0.0,2004-07-08,72186.0,48.11899,21.5,0.0,2004-07-08,72186.0
2,Andhra Pradesh ,1,A,BSF,G,EWS,0,5,5,5,5,0,0,0,21AG0,79.53324,37.75,5.75,2003-06-13,79.53324,37.75,5.75,2003-06-13,56422.0,79.53324,37.75,5.75,2003-06-13,56422.0
2,Andhra Pradesh ,1,A,BSF,G,SC,1,8,8,8,0,8,0,0,21AG1,84.29708,37.75,11.75,2000-12-11,,,,,,,,,,
2,Andhra Pradesh ,1,A,BSF,G,ST,2,3,3,3,1,2,0,0,21AG2,80.38764,33.75,10.25,1998-01-07,80.38764,33.75,10.25,1998-01-07,55563.0,80.38764,33.75,10.25,1998-01-07,55563.0
2,Andhra Pradesh ,1,A,BSF,G,ESM,3,5,5,5,0,5,0,0,21AG3,,,,,,,,,,,,,,
2,Andhra Pradesh ,1,A,BSF,G,OBC,6,13,13,13,13,0,0,0,21AG6,91.38997,25.0,15.5,2000-08-01,98.48854,35.5,19.0,2001-06-15,36830.0,98.48854,35.5,19.0,2001-06-15,36830.0
2,Andhra Pradesh ,1,A,BSF,G,UR,9,19,19,19,19,0,0,0,21AG9,92.98788,35.75,6.75,2002-05-20,97.17075,31.0,8.25,2004-04-08,38047.0,97.17075,31.0,8.25,2004-04-08,38047.0
2,Andhra Pradesh ,1,A,BSF,N,EWS,0,1,1,1,0,1,0,0,21AN0,,,,,,,,,,,,,,
2,Andhra Pradesh ,1,A,BSF,N,SC,1,3,3,3,0,3,0,0,21AN1,55.03984,18.25,20.5,1997-02-05,,,,,,,,,,
2,Andhra Pradesh ,1,A,BSF,N,ESM,3,1,1,1,0,1,0,0,21AN3,,,,,,,,,,,,,,
2,Andhra Pradesh ,1,A,BSF,N,OBC,6,2,2,2,0,2,0,0,21AN6,,,,,,,,,,,,,,
2,Andhra Pradesh ,1,A,BSF,N,UR,9,2,2,2,0,2,0,0,21AN9,63.32846,25.5,14.0,2002-05-31,,,,,,,,,,
2,Andhra Pradesh ,1,B,CISF,G,EWS,0,3,3,3,3,0,0,0,21BG0,79.53324,37.75,5.75,2003-06-13,85.8563,33.5,15.25,2004-04-22,49994.0,85.8563,33.5,15.25,2004-04-22,49994.0
2,Andhra Pradesh ,1,B,CISF,G,SC,1,5,5,5,5,0,0,0,21BG1,84.29708,37.75,11.75,2000-12-11,86.54395,27.75,20.75,2003-09-17,49235.0,86.54395,27.75,20.75,2003-09-17,49235.0
2,Andhra Pradesh ,1,B,CISF,G,ST,2,2,2,2,2,0,0,0,21BG2,80.38764,33.75,10.25,1998-01-07,80.76273,31.0,9.25,2003-04-12,55212.0,80.76273,31.0,9.25,2003-04-12,55212.0
2,Andhra Pradesh ,1,B,CISF,G,ESM,3,3,3,3,0,3,0,0,21BG3,,,,,,,,,,,,,,
2,Andhra Pradesh ,1,B,CISF,G,OBC,6,9,9,9,9,0,0,0,21BG6,91.38997,25.0,15.5,2000-08-01,109.43574,31.25,23.0,2004-02-01,27058.0,109.43574,31.25,23.0,2004-02-01,27058.0
2,Andhra Pradesh ,1,B,CISF,G,UR,9,14,14,14,14,0,0,0,21BG9,92.98788,35.75,6.75,2002-05-20,111.59394,35.5,8.25,2002-08-20,25354.0,111.59394,35.5,8.25,2002-08-20,25354.0
2,Andhra Pradesh ,1,B,CISF,N,SC,1,1,1,1,1,0,0,0,21BN1,55.03984,18.25,20.5,1997-02-05,55.03984,18.25,20.5,1997-02-05,70832.0,55.03984,18.25,20.5,1997-02-05,70832.0
2,Andhra Pradesh ,1,B,CISF,N,OBC,6,1,1,1,0,1,0,0,21BN6,,,,,,,,,,,,,,
2,Andhra Pradesh ,1,B,CISF,N,UR,9,2,2,2,1,1,0,0,21BN9,63.32846,25.5,14.0,2002-05-31,63.32846,25.5,14.0,2002-05-31,68363.0,63.32846,25.5,14.0,2002-05-31,68363.0
2,Andhra Pradesh ,1,C,CRPF,G,EWS,0,1,1,1,1,0,0,0,21CG0,79.53324,37.75,5.75,2003-06-13,87.3945,29.25,10.75,2002-09-18,48264.0,87.3945,29.25,10.75,2002-09-18,48264.0
2,Andhra Pradesh ,1,C,CRPF,G,SC,1,2,2,2,2,0,0,0,21CG1,84.29708,37.75,11.75,2000-12-11,84.29708,37.75,11.75,2000-12-11,51673.0,84.29708,37.75,11.75,2000-12-11,51673.0
2,Andhra Pradesh ,1,C,CRPF,G,ST,2,1,1,1,0,1,0,0,21CG2,80.38764,33.75,10.25,1998-01-07,,,,,,,,,,
2,Andhra Pradesh ,1,C,CRPF,G,ESM,3,1,1,1,0,1,0,0,21CG3,,,,,,,,,,,,,,
2,Andhra Pradesh ,1,C,CRPF,G,OBC,6,3,3,3,3,0,0,0,21CG6,91.38997,25.0,15.5,2000-08-01,107.01411,37.75,14.25,2002-11-27,28994.0,107.01411,37.75,14.25,2002-11-27,28994.0
2,Andhra Pradesh ,1,C,CRPF,G,UR,9,5,5,5,5,0,0,0,21CG9,92.98788,35.75,6.75,2002-05-20,108.45861,24.75,20.25,2006-07-13,27768.0,108.45861,24.75,20.25,2006-07-13,27768.0
2,Andhra Pradesh ,1,C,CRPF,N,UR,9,1,1,1,0,1,0,0,21CN9,63.32846,25.5,14.0,2002-05-31,,,,,,,,,,
2,Andhra Pradesh ,1,E,ITBP,G,EWS,0,1,1,1,0,1,0,0,21EG0,79.53324,37.75,5.75,2003-06-13,,,,,,,,,,
2,Andhra Pradesh ,1,E,ITBP,G,SC,1,1,1,1,0,1,0,0,21EG1,84.29708,37.75,11.75,2000-12-11,,,,,,,,,,
2,Andhra Pradesh ,1,E,ITBP,G,ST,2,1,1,1,0,1,0,0,21EG2,80.38764,33.75,10.25,1998-01-07,,,,,,,,,,
2,Andhra Pradesh ,1,E,ITBP,G,ESM,3,1,1,1,0,1,0,0,21EG3,,,,,,,,,,,,,,
2,Andhra Pradesh ,1,E,ITBP,G,OBC,6,2,2,2,2,0,0,0,21EG6,91.38997,25.0,15.5,2000-08-01,107.72182,35.5,22.0,2001-06-10,28505.0,107.72182,35.5,22.0,2001-06-10,28505.0
2,Andhra Pradesh ,1,E,ITBP,G,UR,9,5,5,5,5,0,0,0,21EG9,92.98788,35.75,6.75,2002-05-20,101.40114,38.0,4.0,2005-06-24,33966.0,101.40114,38.0,4.0,2005-06-24,33966.0
2,Andhra Pradesh ,1,E,ITBP,N,EWS,0,1,1,1,0,1,0,0,21EN0,,,,,,,,,,,,,,
2,Andhra Pradesh ,1,E,ITBP,N,SC,1,6,6,6,0,6,0,0,21EN1,55.03984,18.25,20.5,1997-02-05,,,,,,,,,,
2,Andhra Pradesh ,1,E,ITBP,N,ESM,3,1,1,1,0,1,0,0,21EN3,,,,,,,,,,,,,,
2,Andhra Pradesh ,1,F,AR,G,OBC,6,1,1,1,1,0,0,0,21FG6,91.38997,25.0,15.5,2000-08-01,105.93522,24.25,15.25,2002-08-04,29893.0,105.93522,24.25,15.25,2002-08-04,29893.0
2,Andhra Pradesh ,1,F,AR,G,UR,9,1,1,1,1,0,0,0,21FG9,92.98788,35.75,6.75,2002-05-20,107.69534,40.0,20.5,2003-07-30,28523.0,107.69534,40.0,20.5,2003-07-30,28523.0
2,Andhra Pradesh ,2,A,BSF,G,EWS,0,27,27,27,27,0,0,0,22AG0,64.0039,18.5,3.25,2004-06-10,73.2617,33.25,0.5,2002-12-01,61786.0,73.2617,33.25,0.5,2002-12-01,61786.0
2,Andhra Pradesh ,2,A,BSF,G,SC,1,43,43,43,43,0,0,0,22AG1,70.28212,20.75,22.25,1998-05-21,71.54214,31.75,2.0,1999-06-24,63116.0,71.54214,31.75,2.0,1999-06-24,63116.0
2,Andhra Pradesh ,2,A,BSF,G,ST,2,19,19,19,19,0,0,0,22AG2,69.08777,24.25,19.75,2002-03-15,78.56043,24.25,15.5,2004-06-11,57381.0,78.56043,24.25,15.5,2004-06-11,57381.0
2,Andhra Pradesh ,2,A,BSF,G,ESM,3,27,27,27,2,25,0,0,22AG3,32.42489,6.25,15.25,1981-11-16,49.85764,11.5,17.5,1985-06-01,71879.0,49.85764,11.5,17.5,1985-06-01,71879.0
2,Andhra Pradesh ,2,A,BSF,G,OBC,6,73,73,71,71,0,2,2,22AG6,83.80045,24.25,22.0,1999-06-30,92.45754,22.25,7.25,1999-06-15,42898.0,92.45754,22.25,7.25,1999-06-15,42898.0
2,Andhra Pradesh ,2,A,BSF,G,UR,9,109,109,109,109,0,0,0,22AG9,83.11954,40.0,13.0,2002-06-08,92.08974,34.0,19.0,2003-04-12,43364.0,92.08974,34.0,19.0,2003-04-12,43364.0
2,Andhra Pradesh ,2,A,BSF,N,EWS,0,3,3,3,0,3,0,0,22AN0,47.25625,15.25,17.5,2004-01-22,,,,,,,,,,
2,Andhra Pradesh ,2,A,BSF,N,SC,1,6,6,6,0,6,0,0,22AN1,41.7846,23.0,7.0,2001-03-07,,,,,,,,,,
2,Andhra Pradesh ,2,A,BSF,N,ST,2,2,2,2,2,0,0,0,22AN2,69.32191,31.0,13.25,1998-07-08,81.15971,33.5,9.5,2002-01-01,54862.0,81.15971,33.5,9.5,2002-01-01,54862.0
2,Andhra Pradesh ,2,A,BSF,N,ESM,3,3,3,3,0,3,0,0,22AN3,,,,,,,,,,,,,,
2,Andhra Pradesh ,2,A,BSF,N,OBC,6,9,9,9,1,8,0,0,22AN6,47.47949,20.0,13.25,2002-06-30,47.47949,20.0,13.25,2002-06-30,72277.0,47.47949,20.0,13.25,2002-06-30,72277.0
2,Andhra Pradesh ,2,A,BSF,N,UR,9,14,14,14,2,12,0,0,22AN9,50.18089,25.5,3.25,2004-04-16,50.18089,25.5,3.25,2004-04-16,71816.0,50.18089,25.5,3.25,2004-04-16,71816.0
2,Andhra Pradesh ,2,B,CISF,G,EWS,0,30,30,30,30,0,0,0,22BG0,64.0039,18.5,3.25,2004-06-10,87.44338,35.5,-0.5,2006-10-13,48209.0,87.44338,35.5,-0.5,2006-10-13,48209.0
2,Andhra Pradesh ,2,B,CISF,G,SC,1,48,48,48,48,0,0,0,22BG1,70.28212,20.75,22.25,1998-05-21,87.66224,28.75,19.75,2004-01-01,48011.0,87.66224,28.75,19.75,2004-01-01,48011.0
2,Andhra Pradesh ,2,B,CISF,G,ST,2,21,21,21,21,0,0,0,22BG2,69.08777,24.25,19.75,2002-03-15,92.16392,33.5,6.75,2004-06-02,43255.0,92.16392,33.5,6.75,2004-06-02,43255.0
2,Andhra Pradesh ,2,B,CISF,G,ESM,3,30,30,30,9,21,0,0,22BG3,32.42489,6.25,15.25,1981-11-16,34.20045,4.25,15.5,1986-06-10,73437.0,34.20045,4.25,15.5,1986-06-10,73437.0
2,Andhra Pradesh ,2,B,CISF,G,OBC,6,81,81,76,76,0,5,5,22BG6,83.80045,24.25,22.0,1999-06-30,105.32424,33.25,17.5,2003-08-08,30626.0,105.32424,33.25,17.5,2003-08-08,30626.0
2,Andhra Pradesh ,2,B,CISF,G,UR,9,121,121,117,117,0,4,4,22BG9,83.11954,40.0,13.0,2002-06-08,105.62695,31.25,13.0,2002-07-01,30253.0,105.62695,31.25,13.0,2002-07-01,30253.0
2,Andhra Pradesh ,2,B,CISF,N,EWS,0,4,4,4,0,4,0,0,22BN0,47.25625,15.25,17.5,2004-01-22,,,,,,,,,,
2,Andhra Pradesh ,2,B,CISF,N,SC,1,6,6,6,1,5,0,0,22BN1,41.7846,23.0,7.0,2001-03-07,41.7846,23.0,7.0,2001-03-07,73006.0,41.7846,23.0,7.0,2001-03-07,73006.0
2,Andhra Pradesh ,2,B,CISF,N,ST,2,3,3,3,3,0,0,0,22BN2,69.32191,31.0,13.25,1998-07-08,88.65079,33.25,15.25,2001-01-24,46977.0,88.65079,33.25,15.25,2001-01-24,46977.0
2,Andhra Pradesh ,2,B,CISF,N,ESM,3,4,4,4,0,4,0,0,22BN3,,,,,,,,,,,,,,
2,Andhra Pradesh ,2,B,CISF,N,OBC,6,10,10,10,0,10,0,0,22BN6,47.47949,20.0,13.25,2002-06-30,,,,,,,,,,
2,Andhra Pradesh ,2,B,CISF,N,UR,9,15,15,15,8,7,0,0,22BN9,50.18089,25.5,3.25,2004-04-16,56.07056,22.0,6.25,2005-04-02,70634.0,56.07056,22.0,6.25,2005-04-02,70634.0
2,Andhra Pradesh ,2,C,CRPF,G,EWS,0,28,28,28,28,0,0,0,22CG0,64.0039,18.5,3.25,2004-06-10,77.48124,31.75,14.0,2003-12-11,58384.0,77.48124,31.75,14.0,2003-12-11,58384.0
2,Andhra Pradesh ,2,C,CRPF,G,SC,1,45,45,45,45,0,0,0,22CG1,70.28212,20.75,22.25,1998-05-21,72.75543,26.5,13.0,1999-03-18,62204.0,72.75543,26.5,13.0,1999-03-18,62204.0
2,Andhra Pradesh ,2,C,CRPF,G,ST,2,20,20,20,20,0,0,0,22CG2,69.08777,24.25,19.75,2002-03-15,80.93509,33.25,15.25,2000-05-14,55063.0,80.93509,33.25,15.25,2000-05-14,55063.0
2,Andhra Pradesh ,2,C,CRPF,G,ESM,3,28,28,28,0,28,0,0,22CG3,32.42489,6.25,15.25,1981-11-16,,,,,,,,,,
2,Andhra Pradesh ,2,C,CRPF,G,OBC,6,76,76,76,76,0,0,0,22CG6,83.80045,24.25,22.0,1999-06-30,95.57703,33.25,13.25,2001-11-26,39750.0,95.57703,33.25,13.25,2001-11-26,39750.0
2,Andhra Pradesh ,2,C,CRPF,G,UR,9,111,111,111,111,0,0,0,22CG9,83.11954,40.0,13.0,2002-06-08,95.38679,35.5,24.25,2003-06-03,39909.0,95.38679,35.5,24.25,2003-06-03,39909.0
2,Andhra Pradesh ,2,C,CRPF,N,EWS,0,4,4,4,1,3,0,0,22CN0,47.25625,15.25,17.5,2004-01-22,47.25625,15.25,17.5,2004-01-22,72320.0,47.25625,15.25,17.5,2004-01-22,72320.0
2,Andhra Pradesh ,2,C,CRPF,N,SC,1,6,6,6,0,6,0,0,22CN1,41.7846,23.0,7.0,2001-03-07,,,,,,,,,,
2,Andhra Pradesh ,2,C,CRPF,N,ST,2,2,2,2,2,0,0,0,22CN2,69.32191,31.0,13.25,1998-07-08,79.69843,35.5,9.5,1999-12-05,56227.0,79.69843,35.5,9.5,1999-12-05,56227.0
2,Andhra Pradesh ,2,C,CRPF,N,ESM,3,4,4,4,0,4,0,0,22CN3,,,,,,,,,,,,,,
2,Andhra Pradesh ,2,C,CRPF,N,OBC,6,9,9,9,0,9,0,0,22CN6,47.47949,20.0,13.25,2002-06-30,,,,,,,,,,
2,Andhra Pradesh ,2,C,CRPF,N,UR,9,14,14,14,1,13,0,0,22CN9,50.18089,25.5,3.25,2004-04-16,71.11641,22.75,6.5,2006-04-22,63438.0,71.11641,22.75,6.5,2006-04-22,63438.0
2,Andhra Pradesh ,2,D,SSB,G,EWS,0,2,2,2,2,0,0,0,22DG0,64.0039,18.5,3.25,2004-06-10,98.70303,35.5,14.75,2004-07-10,36561.0,98.70303,35.5,14.75,2004-07-10,36561.0
2,Andhra Pradesh ,2,D,SSB,G,SC,1,2,2,2,2,0,0,0,22DG1,70.28212,20.75,22.25,1998-05-21,99.26152,31.0,6.25,2003-10-09,36055.0,99.26152,31.0,6.25,2003-10-09,36055.0
2,Andhra Pradesh ,2,D,SSB,G,ST,2,1,1,1,1,0,0,0,22DG2,69.08777,24.25,19.75,2002-03-15,95.54092,37.75,10.75,2000-01-02,39777.0,95.54092,37.75,10.75,2000-01-02,39777.0
2,Andhra Pradesh ,2,D,SSB,G,ESM,3,2,2,2,0,2,0,0,22DG3,32.42489,6.25,15.25,1981-11-16,,,,,,,,,,
2,Andhra Pradesh ,2,D,SSB,G,OBC,6,5,5,5,5,0,0,0,22DG6,83.80045,24.25,22.0,1999-06-30,111.99367,37.75,15.25,2003-06-04,25109.0,111.99367,37.75,15.25,2003-06-04,25109.0
2,Andhra Pradesh ,2,D,SSB,G,UR,9,7,7,7,7,0,0,0,22DG9,83.11954,40.0,13.0,2002-06-08,113.8362,33.5,22.75,2004-08-08,23676.0,113.8362,33.5,22.75,2004-08-08,23676.0
2,Andhra Pradesh ,2,D,SSB,N,OBC,6,1,1,1,1,0,0,0,22DN6,47.47949,20.0,13.25,2002-06-30,71.62429,24.25,13.0,2001-06-06,63028.0,71.62429,24.25,13.0,2001-06-06,63028.0
2,Andhra Pradesh ,2,D,SSB,N,UR,9,1,1,1,0,1,0,0,22DN9,50.18089,25.5,3.25,2004-04-16,,,,,,,,,,
2,Andhra Pradesh ,2,E,ITBP,G,EWS,0,5,5,5,5,0,0,0,22EG0,64.0039,18.5,3.25,2004-06-10,83.89204,33.25,12.5,2002-03-13,52116.0,83.89204,33.25,12.5,2002-03-13,52116.0
2,Andhra Pradesh ,2,E,ITBP,G,SC,1,8,8,8,8,0,0,0,22EG1,70.28212,20.75,22.25,1998-05-21,80.672,29.0,13.5,1997-05-08,55305.0,80.672,29.0,13.5,1997-05-08,55305.0
2,Andhra Pradesh ,2,E,ITBP,G,ST,2,4,4,4,4,0,0,0,22EG2,69.08777,24.25,19.75,2002-03-15,89.03277,27.25,9.5,2003-09-28,46551.0,89.03277,27.25,9.5,2003-09-28,46551.0
2,Andhra Pradesh ,2,E,ITBP,G,ESM,3,5,5,5,0,5,0,0,22EG3,32.42489,6.25,15.25,1981-11-16,,,,,,,,,,
2,Andhra Pradesh ,2,E,ITBP,G,OBC,6,14,14,14,14,0,0,0,22EG6,83.80045,24.25,22.0,1999-06-30,102.57512,38.0,9.0,1999-09-12,33027.0,102.57512,38.0,9.0,1999-09-12,33027.0
2,Andhra Pradesh ,2,E,ITBP,G,UR,9,21,21,21,21,0,0,0,22EG9,83.11954,40.0,13.0,2002-06-08,101.72677,37.75,13.0,2003-07-01,33678.0,101.72677,37.75,13.0,2003-07-01,33678.0
2,Andhra Pradesh ,2,E,ITBP,N,EWS,0,1,1,1,0,1,0,0,22EN0,47.25625,15.25,17.5,2004-01-22,,,,,,,,,,
2,Andhra Pradesh ,2,E,ITBP,N,SC,1,1,1,1,0,1,0,0,22EN1,41.7846,23.0,7.0,2001-03-07,,,,,,,,,,
2,Andhra Pradesh ,2,E,ITBP,N,ESM,3,1,1,1,0,1,0,0,22EN3,,,,,,,,,,,,,,
2,Andhra Pradesh ,2,E,ITBP,N,OBC,6,2,2,2,0,2,0,0,22EN6,47.47949,20.0,13.25,2002-06-30,,,,,,,,,,
2,Andhra Pradesh ,2,E,ITBP,N,UR,9,2,2,2,0,2,0,0,22EN9,50.18089,25.5,3.25,2004-04-16,,,,,,,,,,
2,Andhra Pradesh ,2,F,AR,G,EWS,0,2,2,2,2,0,0,0,22FG0,64.0039,18.5,3.25,2004-06-10,86.7103,40.0,9.0,2004-06-15,49080.0,86.7103,40.0,9.0,2004-06-15,49080.0
2,Andhra Pradesh ,2,F,AR,G,SC,1,4,4,4,4,0,0,0,22FG1,70.28212,20.75,22.25,1998-05-21,87.83506,35.75,4.75,2002-04-01,47840.0,87.83506,35.75,4.75,2002-04-01,47840.0
2,Andhra Pradesh ,2,F,AR,G,ST,2,2,2,2,2,0,0,0,22FG2,69.08777,24.25,19.75,2002-03-15,86.16537,27.75,31.25,2004-07-10,49679.0,86.16537,27.75,31.25,2004-07-10,49679.0
2,Andhra Pradesh ,2,F,AR,G,ESM,3,2,2,2,0,2,0,0,22FG3,32.42489,6.25,15.25,1981-11-16,,,,,,,,,,
2,Andhra Pradesh ,2,F,AR,G,OBC,6,6,6,6,6,0,0,0,22FG6,83.80045,24.25,22.0,1999-06-30,102.39462,33.25,17.5,2001-08-22,33142.0,102.39462,33.25,17.5,2001-08-22,33142.0
2,Andhra Pradesh ,2,F,AR,G,UR,9,9,9,9,9,0,0,0,22FG9,83.11954,40.0,13.0,2002-06-08,101.69455,35.5,17.5,2004-12-09,33724.0,101.69455,35.5,17.5,2004-12-09,33724.0
2,Andhra Pradesh ,2,F,AR,N,SC,1,1,1,1,0,1,0,0,22FN1,41.7846,23.0,7.0,2001-03-07,,,,,,,,,,
2,Andhra Pradesh ,2,F,AR,N,OBC,6,1,1,1,0,1,0,0,22FN6,47.47949,20.0,13.25,2002-06-30,,,,,,,,,,
2,Andhra Pradesh ,2,F,AR,N,UR,9,1,1,1,0,1,0,0,22FN9,50.18089,25.5,3.25,2004-04-16,,,,,,,,,,
20,Madhya Pradesh,1,A,BSF,G,EWS,0,7,7,7,7,0,0,0,201AG0,124.64455,37.75,13.0,2002-10-20,127.86038,37.75,15.75,2003-10-08,12584.0,127.86038,37.75,15.75,2003-10-08,12584.0
20,Madhya Pradesh,1,A,BSF,G,SC,1,11,11,11,11,0,0,0,201AG1,116.68159,28.75,17.5,2002-08-18,121.31984,37.75,19.75,2000-07-04,18456.0,121.31984,37.75,19.75,2000-07-04,18456.0
20,Madhya Pradesh,1,A,BSF,G,ST,2,14,14,14,14,0,0,0,201AG2,107.53725,33.25,10.75,2002-03-01,110.6113,35.5,10.75,2001-03-19,26048.0,110.6113,35.5,10.75,2001-03-19,26048.0
20,Madhya Pradesh,1,A,BSF,G,ESM,3,7,7,7,0,7,0,0,201AG3,,,,,,,,,,,,,,
20,Madhya Pradesh,1,A,BSF,G,OBC,6,11,11,11,11,0,0,0,201AG6,130.50481,37.75,16.0,2000-10-26,134.5558,37.75,19.75,2000-04-26,5689.0,134.5558,37.75,19.75,2000-04-26,5689.0
20,Madhya Pradesh,1,A,BSF,G,UR,9,27,27,27,27,0,0,0,201AG9,128.66434,40.0,12.0,2004-07-02,131.93127,35.5,8.5,2005-05-12,8151.0,131.93127,35.5,8.5,2005-05-12,8151.0
20,Madhya Pradesh,1,A,BSF,N,EWS,0,2,2,2,2,0,0,0,201AN0,45.42733,13.25,13.0,2002-07-18,81.58735,24.25,10.75,2004-01-04,54440.0,81.58735,24.25,10.75,2004-01-04,54440.0
20,Madhya Pradesh,1,A,BSF,N,SC,1,3,3,3,3,0,0,0,201AN1,78.48961,25.25,14.5,2000-07-22,86.40138,33.5,11.75,2006-06-18,49412.0,86.40138,33.5,11.75,2006-06-18,49412.0
20,Madhya Pradesh,1,A,BSF,N,ST,2,5,5,5,5,0,0,0,201AN2,96.22675,38.0,21.25,2000-11-26,100.63903,20.75,22.75,2005-10-27,34776.0,100.63903,20.75,22.75,2005-10-27,34776.0
20,Madhya Pradesh,1,A,BSF,N,ESM,3,2,2,2,0,2,0,0,201AN3,,,,,,,,,,,,,,
20,Madhya Pradesh,1,A,BSF,N,OBC,6,3,3,3,3,0,0,0,201AN6,114.9287,33.25,15.25,2000-06-16,125.02827,35.5,17.5,2000-05-11,15220.0,125.02827,35.5,17.5,2000-05-11,15220.0
20,Madhya Pradesh,1,A,BSF,N,UR,9,9,9,9,9,0,0,0,201AN9,104.77253,24.25,17.5,2002-03-19,114.54255,37.75,17.5,2003-11-04,23272.0,114.54255,37.75,17.5,2003-11-04,23272.0
20,Madhya Pradesh,1,B,CISF,G,EWS,0,5,5,5,5,0,0,0,201BG0,124.64455,37.75,13.0,2002-10-20,133.82021,40.0,20.25,2005-03-18,6414.0,133.82021,40.0,20.25,2005-03-18,6414.0
20,Madhya Pradesh,1,B,CISF,G,SC,1,7,7,7,7,0,0,0,201BG1,116.68159,28.75,17.5,2002-08-18,129.12455,35.75,19.0,2001-01-02,11171.0,129.12455,35.75,19.0,2001-01-02,11171.0
20,Madhya Pradesh,1,B,CISF,G,ST,2,10,10,10,10,0,0,0,201BG2,107.53725,33.25,10.75,2002-03-01,115.22531,35.5,19.75,1997-10-31,22714.0,115.22531,35.5,19.75,1997-10-31,22714.0
20,Madhya Pradesh,1,B,CISF,G,ESM,3,5,5,5,0,5,0,0,201BG3,,,,,,,,,,,,,,
20,Madhya Pradesh,1,B,CISF,G,OBC,6,7,7,7,7,0,0,0,201BG6,130.50481,37.75,16.0,2000-10-26,138.93241,35.5,28.75,1999-07-15,2585.0,138.93241,35.5,28.75,1999-07-15,2585.0
20,Madhya Pradesh,1,B,CISF,G,UR,9,20,20,20,20,0,0,0,201BG9,128.66434,40.0,12.0,2004-07-02,137.91684,35.75,24.25,2002-01-13,3122.0,137.91684,35.75,24.25,2002-01-13,3122.0
20,Madhya Pradesh,1,B,CISF,N,EWS,0,2,2,2,2,0,0,0,201BN0,45.42733,13.25,13.0,2002-07-18,99.61507,26.5,13.25,2003-06-27,35694.0,99.61507,26.5,13.25,2003-06-27,35694.0
20,Madhya Pradesh,1,B,CISF,N,SC,1,2,2,2,2,0,0,0,201BN1,78.48961,25.25,14.5,2000-07-22,106.14718,40.0,15.25,2003-07-21,29702.0,106.14718,40.0,15.25,2003-07-21,29702.0
20,Madhya Pradesh,1,B,CISF,N,ST,2,3,3,3,3,0,0,0,201BN2,96.22675,38.0,21.25,2000-11-26,104.66335,37.75,15.25,2000-03-06,31093.0,104.66335,37.75,15.25,2000-03-06,31093.0
20,Madhya Pradesh,1,B,CISF,N,ESM,3,2,2,2,0,2,0,0,201BN3,,,,,,,,,,,,,,
20,Madhya Pradesh,1,B,CISF,N,OBC,6,2,2,2,2,0,0,0,201BN6,114.9287,33.25,15.25,2000-06-16,139.01706,40.0,26.5,1999-06-28,2464.0,139.01706,40.0,26.5,1999-06-28,2464.0
20,Madhya Pradesh,1,B,CISF,N,UR,9,6,6,6,6,0,0,0,201BN9,104.77253,24.25,17.5,2002-03-19,128.13188,35.5,20.5,2003-05-08,12295.0,128.13188,35.5,20.5,2003-05-08,12295.0
20,Madhya Pradesh,1,C,CRPF,G,EWS,0,2,2,2,2,0,0,0,201CG0,124.64455,37.75,13.0,2002-10-20,131.66735,33.25,19.75,2003-10-15,8385.0,131.66735,33.25,19.75,2003-10-15,8385.0
20,Madhya Pradesh,1,C,CRPF,G,SC,1,3,3,3,3,0,0,0,201CG1,116.68159,28.75,17.5,2002-08-18,124.30885,40.0,19.75,1998-08-16,15891.0,124.30885,40.0,19.75,1998-08-16,15891.0
20,Madhya Pradesh,1,C,CRPF,G,ST,2,3,3,3,3,0,0,0,201CG2,107.53725,33.25,10.75,2002-03-01,114.25216,37.75,10.75,2000-08-18,23447.0,114.25216,37.75,10.75,2000-08-18,23447.0
20,Madhya Pradesh,1,C,CRPF,G,ESM,3,2,2,2,0,2,0,0,201CG3,,,,,,,,,,,,,,
20,Madhya Pradesh,1,C,CRPF,G,OBC,6,3,3,3,3,0,0,0,201CG6,130.50481,37.75,16.0,2000-10-26,137.62025,40.0,13.0,2000-10-15,3249.0,137.62025,40.0,13.0,2000-10-15,3249.0
20,Madhya Pradesh,1,C,CRPF,G,UR,9,6,6,6,6,0,0,0,201CG9,128.66434,40.0,12.0,2004-07-02,136.54143,37.75,22.0,2004-02-07,4092.0,136.54143,37.75,22.0,2004-02-07,4092.0
20,Madhya Pradesh,1,C,CRPF,N,EWS,0,1,1,1,1,0,0,0,201CN0,45.42733,13.25,13.0,2002-07-18,87.10814,29.0,7.75,2004-08-28,48594.0,87.10814,29.0,7.75,2004-08-28,48594.0
20,Madhya Pradesh,1,C,CRPF,N,SC,1,1,1,1,1,0,0,0,201CN1,78.48961,25.25,14.5,2000-07-22,101.8461,35.5,13.0,2005-05-04,33601.0,101.8461,35.5,13.0,2005-05-04,33601.0
20,Madhya Pradesh,1,C,CRPF,N,ST,2,1,1,1,1,0,0,0,201CN2,96.22675,38.0,21.25,2000-11-26,103.69037,35.75,7.25,2003-05-12,31940.0,103.69037,35.75,7.25,2003-05-12,31940.0
20,Madhya Pradesh,1,C,CRPF,N,ESM,3,1,1,1,0,1,0,0,201CN3,,,,,,,,,,,,,,
20,Madhya Pradesh,1,C,CRPF,N,OBC,6,1,1,1,1,0,0,0,201CN6,114.9287,33.25,15.25,2000-06-16,129.94012,40.0,19.75,2001-03-17,10164.0,129.94012,40.0,19.75,2001-03-17,10164.0
20,Madhya Pradesh,1,C,CRPF,N,UR,9,2,2,2,2,0,0,0,201CN9,104.77253,24.25,17.5,2002-03-19,125.20078,33.75,15.25,2005-02-28,15074.0,125.20078,33.75,15.25,2005-02-28,15074.0
20,Madhya Pradesh,1,E,ITBP,G,EWS,0,1,1,1,1,0,0,0,201EG0,124.64455,37.75,13.0,2002-10-20,130.63619,40.0,17.5,2002-01-08,9387.0,130.63619,40.0,17.5,2002-01-08,9387.0
20,Madhya Pradesh,1,E,ITBP,G,SC,1,2,2,2,2,0,0,0,201EG1,116.68159,28.75,17.5,2002-08-18,125.9661,40.0,18.0,1998-07-01,14489.0,125.9661,40.0,18.0,1998-07-01,14489.0
20,Madhya Pradesh,1,E,ITBP,G,ST,2,3,3,3,3,0,0,0,201EG2,107.53725,33.25,10.75,2002-03-01,112.6415,27.25,13.75,1999-08-16,24585.0,112.6415,27.25,13.75,1999-08-16,24585.0
20,Madhya Pradesh,1,E,ITBP,G,ESM,3,1,1,1,0,1,0,0,201EG3,,,,,,,,,,,,,,
20,Madhya Pradesh,1,E,ITBP,G,OBC,6,2,2,2,2,0,0,0,201EG6,130.50481,37.75,16.0,2000-10-26,137.0117,40.0,26.5,2000-06-16,3698.0,137.0117,40.0,26.5,2000-06-16,3698.0
20,Madhya Pradesh,1,E,ITBP,G,UR,9,6,6,6,6,0,0,0,201EG9,128.66434,40.0,12.0,2004-07-02,134.39287,37.75,24.25,2005-06-12,5869.0,134.39287,37.75,24.25,2005-06-12,5869.0
20,Madhya Pradesh,1,E,ITBP,N,SC,1,1,1,1,1,0,0,0,201EN1,78.48961,25.25,14.5,2000-07-22,102.08941,37.75,12.25,1998-01-11,33406.0,102.08941,37.75,12.25,1998-01-11,33406.0
20,Madhya Pradesh,1,E,ITBP,N,ST,2,1,1,1,1,0,0,0,201EN2,96.22675,38.0,21.25,2000-11-26,101.26429,31.0,17.5,2000-11-15,34089.0,101.26429,31.0,17.5,2000-11-15,34089.0
20,Madhya Pradesh,1,E,ITBP,N,ESM,3,1,1,1,0,1,0,0,201EN3,,,,,,,,,,,,,,
20,Madhya Pradesh,1,E,ITBP,N,OBC,6,1,1,1,1,0,0,0,201EN6,114.9287,33.25,15.25,2000-06-16,123.86337,33.75,15.25,2001-02-01,16391.0,123.86337,33.75,15.25,2001-02-01,16391.0
20,Madhya Pradesh,1,E,ITBP,N,UR,9,2,2,2,2,0,0,0,201EN9,104.77253,24.25,17.5,2002-03-19,122.46108,35.75,11.75,2003-03-05,17449.0,122.46108,35.75,11.75,2003-03-05,17449.0
20,Madhya Pradesh,1,F,AR,G,ST,2,1,1,1,1,0,0,0,201FG2,107.53725,33.25,10.75,2002-03-01,122.26549,35.5,13.0,2005-08-09,17606.0,122.26549,35.5,13.0,2005-08-09,17606.0
20,Madhya Pradesh,1,F,AR,G,OBC,6,1,1,1,1,0,0,0,201FG6,130.50481,37.75,16.0,2000-10-26,137.18584,35.5,24.25,2000-09-27,3554.0,137.18584,35.5,24.25,2000-09-27,3554.0
20,Madhya Pradesh,1,F,AR,G,UR,9,1,1,1,1,0,0,0,201FG9,128.66434,40.0,12.0,2004-07-02,136.00591,35.5,24.25,2004-01-24,4492.0,136.00591,35.5,24.25,2004-01-24,4492.0
20,Madhya Pradesh,1,F,AR,N,UR,9,1,1,1,1,0,0,0,201FN9,104.77253,24.25,17.5,2002-03-19,126.77814,40.0,24.25,2002-06-04,13747.0,126.77814,40.0,24.25,2002-06-04,13747.0
20,Madhya Pradesh,2,A,BSF,G,EWS,0,40,40,40,40,0,0,0,202AG0,110.44786,31.75,28.75,2006-09-26,124.90058,35.5,10.75,2005-09-14,15381.0,124.90058,35.5,10.75,2005-09-14,15381.0
20,Madhya Pradesh,2,A,BSF,G,SC,1,60,60,60,60,0,0,0,202AG1,113.84541,27.0,19.75,1999-10-09,121.48443,35.5,15.5,2005-06-12,18321.0,121.48443,35.5,15.5,2005-06-12,18321.0
20,Madhya Pradesh,2,A,BSF,G,ST,2,80,80,80,80,0,0,0,202AG2,100.74623,33.25,13.0,2005-11-15,106.68728,38.0,18.75,2003-12-19,29254.0,106.68728,38.0,18.75,2003-12-19,29254.0
20,Madhya Pradesh,2,A,BSF,G,ESM,3,40,40,40,1,39,0,0,202AG3,36.97539,6.25,8.5,1985-11-12,46.37259,-0.5,8.5,1986-01-14,72485.0,46.37259,-0.5,8.5,1986-01-14,72485.0
20,Madhya Pradesh,2,A,BSF,G,OBC,6,60,60,60,60,0,0,0,202AG6,127.31295,35.5,22.0,2001-05-13,133.26831,31.0,24.25,2002-01-01,6912.0,133.26831,31.0,24.25,2002-01-01,6912.0
20,Madhya Pradesh,2,A,BSF,G,UR,9,159,159,158,158,0,1,1,202AG9,120.95043,37.75,10.75,2005-10-15,129.43606,35.5,22.0,2002-05-06,10794.0,129.43606,35.5,22.0,2002-05-06,10794.0
20,Madhya Pradesh,2,A,BSF,N,EWS,0,12,12,12,12,0,0,0,202AN0,66.32606,8.75,13.0,2004-06-21,90.35125,29.0,8.5,2003-04-16,45115.0,90.35125,29.0,8.5,2003-04-16,45115.0
20,Madhya Pradesh,2,A,BSF,N,SC,1,19,19,19,15,4,0,0,202AN1,40.28808,4.75,2.75,1997-08-25,40.28808,4.75,2.75,1997-08-25,73142.0,40.28808,4.75,2.75,1997-08-25,73142.0
20,Madhya Pradesh,2,A,BSF,N,ST,2,25,25,25,25,0,0,0,202AN2,84.2003,25.25,15.25,1998-03-23,94.53514,40.0,1.75,2005-11-07,40762.0,94.53514,40.0,1.75,2005-11-07,40762.0
20,Madhya Pradesh,2,A,BSF,N,ESM,3,12,12,12,0,12,0,0,202AN3,,,,,,,,,,,,,,
20,Madhya Pradesh,2,A,BSF,N,OBC,6,18,18,18,18,0,0,0,202AN6,91.28282,26.5,15.25,2000-07-14,104.09383,24.25,17.5,1999-11-09,31541.0,104.09383,24.25,17.5,1999-11-09,31541.0
20,Madhya Pradesh,2,A,BSF,N,UR,9,50,50,50,50,0,0,0,202AN9,82.49581,28.75,8.5,2006-12-12,99.12138,31.0,1.75,2004-08-03,36188.0,99.12138,31.0,1.75,2004-08-03,36188.0
20,Madhya Pradesh,2,B,CISF,G,EWS,0,44,44,42,42,0,2,2,202BG0,110.44786,31.75,28.75,2006-09-26,132.61467,37.75,19.75,2004-05-21,7387.0,132.61467,37.75,19.75,2004-05-21,7387.0
20,Madhya Pradesh,2,B,CISF,G,SC,1,66,66,65,65,0,1,1,202BG1,113.84541,27.0,19.75,1999-10-09,129.64131,40.0,17.5,2004-02-20,10529.0,129.64131,40.0,17.5,2004-02-20,10529.0
20,Madhya Pradesh,2,B,CISF,G,ST,2,89,89,89,89,0,0,0,202BG2,100.74623,33.25,13.0,2005-11-15,114.74514,36.0,10.75,2004-08-09,23106.0,114.74514,36.0,10.75,2004-08-09,23106.0
20,Madhya Pradesh,2,B,CISF,G,ESM,3,44,44,44,27,17,0,0,202BG3,36.97539,6.25,8.5,1985-11-12,47.77165,13.25,2.0,1980-02-08,72238.0,47.77165,13.25,2.0,1980-02-08,72238.0
20,Madhya Pradesh,2,B,CISF,G,OBC,6,66,66,61,61,0,5,5,202BG6,127.31295,35.5,22.0,2001-05-13,140.39045,37.75,19.75,1999-08-09,1845.0,140.39045,37.75,19.75,1999-08-09,1845.0
20,Madhya Pradesh,2,B,CISF,G,UR,9,177,177,158,158,0,19,19,202BG9,120.95043,37.75,10.75,2005-10-15,138.6219,40.0,26.5,2004-04-18,2741.0,138.6219,40.0,26.5,2004-04-18,2741.0
20,Madhya Pradesh,2,B,CISF,N,EWS,0,14,14,14,14,0,0,0,202BN0,66.32606,8.75,13.0,2004-06-21,85.5233,29.0,8.5,2002-10-28,50311.0,85.5233,29.0,8.5,2002-10-28,50311.0
20,Madhya Pradesh,2,B,CISF,N,SC,1,21,21,21,21,0,0,0,202BN1,40.28808,4.75,2.75,1997-08-25,77.6745,33.25,13.0,2004-06-25,58214.0,77.6745,33.25,13.0,2004-06-25,58214.0
20,Madhya Pradesh,2,B,CISF,N,ST,2,27,27,27,27,0,0,0,202BN2,84.2003,25.25,15.25,1998-03-23,104.8508,33.25,9.75,2005-07-31,30917.0,104.8508,33.25,9.75,2005-07-31,30917.0
20,Madhya Pradesh,2,B,CISF,N,ESM,3,14,14,14,0,14,0,0,202BN3,,,,,,,,,,,,,,
20,Madhya Pradesh,2,B,CISF,N,OBC,6,21,21,21,21,0,0,0,202BN6,91.28282,26.5,15.25,2000-07-14,122.52603,31.0,15.25,2001-05-10,17394.0,122.52603,31.0,15.25,2001-05-10,17394.0
20,Madhya Pradesh,2,B,CISF,N,UR,9,55,55,55,55,0,0,0,202BN9,82.49581,28.75,8.5,2006-12-12,112.93953,37.75,19.75,2002-01-31,24346.0,112.93953,37.75,19.75,2002-01-31,24346.0
20,Madhya Pradesh,2,C,CRPF,G,EWS,0,41,41,41,41,0,0,0,202CG0,110.44786,31.75,28.75,2006-09-26,128.02102,40.0,16.0,2002-11-12,12411.0,128.02102,40.0,16.0,2002-11-12,12411.0
20,Madhya Pradesh,2,C,CRPF,G,SC,1,62,62,62,62,0,0,0,202CG1,113.84541,27.0,19.75,1999-10-09,123.09498,40.0,18.0,2003-03-09,16910.0,123.09498,40.0,18.0,2003-03-09,16910.0
20,Madhya Pradesh,2,C,CRPF,G,ST,2,82,82,82,82,0,0,0,202CG2,100.74623,33.25,13.0,2005-11-15,106.8404,35.75,3.25,1998-08-05,29145.0,106.8404,35.75,3.25,1998-08-05,29145.0
20,Madhya Pradesh,2,C,CRPF,G,ESM,3,41,41,41,1,40,0,0,202CG3,36.97539,6.25,8.5,1985-11-12,67.63167,17.5,22.0,1990-09-17,65913.0,67.63167,17.5,22.0,1990-09-17,65913.0
20,Madhya Pradesh,2,C,CRPF,G,OBC,6,62,62,62,62,0,0,0,202CG6,127.31295,35.5,22.0,2001-05-13,135.36819,33.25,22.0,2000-06-21,4910.0,135.36819,33.25,22.0,2000-06-21,4910.0
20,Madhya Pradesh,2,C,CRPF,G,UR,9,165,165,164,164,0,1,1,202CG9,120.95043,37.75,10.75,2005-10-15,131.97732,37.75,28.75,2002-12-24,8060.0,131.97732,37.75,28.75,2002-12-24,8060.0
20,Madhya Pradesh,2,C,CRPF,N,EWS,0,13,13,13,13,0,0,0,202CN0,66.32606,8.75,13.0,2004-06-21,85.30085,27.5,4.75,2003-02-01,50614.0,85.30085,27.5,4.75,2003-02-01,50614.0
20,Madhya Pradesh,2,C,CRPF,N,SC,1,19,19,19,19,0,0,0,202CN1,40.28808,4.75,2.75,1997-08-25,41.56428,5.0,13.75,2002-03-28,73028.0,41.56428,5.0,13.75,2002-03-28,73028.0
20,Madhya Pradesh,2,C,CRPF,N,ST,2,26,26,26,26,0,0,0,202CN2,84.2003,25.25,15.25,1998-03-23,96.21714,33.5,14.75,2001-09-10,39091.0,96.21714,33.5,14.75,2001-09-10,39091.0
20,Madhya Pradesh,2,C,CRPF,N,ESM,3,13,13,13,0,13,0,0,202CN3,,,,,,,,,,,,,,
20,Madhya Pradesh,2,C,CRPF,N,OBC,6,19,19,19,19,0,0,0,202CN6,91.28282,26.5,15.25,2000-07-14,109.55221,33.5,17.75,2001-03-07,26984.0,109.55221,33.5,17.75,2001-03-07,26984.0
20,Madhya Pradesh,2,C,CRPF,N,UR,9,51,51,51,51,0,0,0,202CN9,82.49581,28.75,8.5,2006-12-12,102.55382,29.25,18.0,2003-10-07,33039.0,102.55382,29.25,18.0,2003-10-07,33039.0
20,Madhya Pradesh,2,D,SSB,G,EWS,0,3,3,3,3,0,0,0,202DG0,110.44786,31.75,28.75,2006-09-26,141.44363,40.0,24.25,2005-10-19,1474.0,141.44363,40.0,24.25,2005-10-19,1474.0
20,Madhya Pradesh,2,D,SSB,G,SC,1,4,4,4,4,0,0,0,202DG1,113.84541,27.0,19.75,1999-10-09,135.40727,33.25,24.25,2002-10-10,4882.0,135.40727,33.25,24.25,2002-10-10,4882.0
20,Madhya Pradesh,2,D,SSB,G,ST,2,5,5,5,5,0,0,0,202DG2,100.74623,33.25,13.0,2005-11-15,123.90965,38.0,22.75,1997-03-01,16349.0,123.90965,38.0,22.75,1997-03-01,16349.0
20,Madhya Pradesh,2,D,SSB,G,ESM,3,3,3,3,0,3,0,0,202DG3,36.97539,6.25,8.5,1985-11-12,,,,,,,,,,
20,Madhya Pradesh,2,D,SSB,G,OBC,6,3,3,3,3,0,0,0,202DG6,127.31295,35.5,22.0,2001-05-13,145.12288,40.0,28.75,2000-06-18,547.0,145.12288,40.0,28.75,2000-06-18,547.0
20,Madhya Pradesh,2,D,SSB,G,UR,9,10,10,10,10,0,0,0,202DG9,120.95043,37.75,10.75,2005-10-15,144.4446,37.75,19.75,2003-02-03,649.0,144.4446,37.75,19.75,2003-02-03,649.0
20,Madhya Pradesh,2,D,SSB,N,EWS,0,1,1,1,1,0,0,0,202DN0,66.32606,8.75,13.0,2004-06-21,120.62859,35.5,17.5,2005-08-12,18855.0,120.62859,35.5,17.5,2005-08-12,18855.0
20,Madhya Pradesh,2,D,SSB,N,SC,1,1,1,1,1,0,0,0,202DN1,40.28808,4.75,2.75,1997-08-25,116.05616,31.25,16.25,2001-10-10,22125.0,116.05616,31.25,16.25,2001-10-10,22125.0
20,Madhya Pradesh,2,D,SSB,N,ST,2,2,2,2,2,0,0,0,202DN2,84.2003,25.25,15.25,1998-03-23,105.1244,35.5,17.5,1998-10-25,30773.0,105.1244,35.5,17.5,1998-10-25,30773.0
20,Madhya Pradesh,2,D,SSB,N,ESM,3,1,1,1,0,1,0,0,202DN3,,,,,,,,,,,,,,
20,Madhya Pradesh,2,D,SSB,N,OBC,6,1,1,1,1,0,0,0,202DN6,91.28282,26.5,15.25,2000-07-14,131.56474,40.0,20.0,1999-11-08,8501.0,131.56474,40.0,20.0,1999-11-08,8501.0
20,Madhya Pradesh,2,D,SSB,N,UR,9,3,3,3,3,0,0,0,202DN9,82.49581,28.75,8.5,2006-12-12,121.19356,33.25,17.5,2002-11-11,18558.0,121.19356,33.25,17.5,2002-11-11,18558.0
20,Madhya Pradesh,2,E,ITBP,G,EWS,0,8,8,8,8,0,0,0,202EG0,110.44786,31.75,28.75,2006-09-26,130.0026,35.75,19.75,2003-08-05,10122.0,130.0026,35.75,19.75,2003-08-05,10122.0
20,Madhya Pradesh,2,E,ITBP,G,SC,1,12,12,12,12,0,0,0,202EG1,113.84541,27.0,19.75,1999-10-09,124.55899,38.0,15.5,2001-06-16,15680.0,124.55899,38.0,15.5,2001-06-16,15680.0
20,Madhya Pradesh,2,E,ITBP,G,ST,2,15,15,15,15,0,0,0,202EG2,100.74623,33.25,13.0,2005-11-15,110.94637,27.0,17.5,2003-06-25,25790.0,110.94637,27.0,17.5,2003-06-25,25790.0
20,Madhya Pradesh,2,E,ITBP,G,ESM,3,8,8,8,0,8,0,0,202EG3,36.97539,6.25,8.5,1985-11-12,,,,,,,,,,
20,Madhya Pradesh,2,E,ITBP,G,OBC,6,12,12,12,12,0,0,0,202EG6,127.31295,35.5,22.0,2001-05-13,136.54143,40.0,24.25,2001-01-14,4078.0,136.54143,40.0,24.25,2001-01-14,4078.0
20,Madhya Pradesh,2,E,ITBP,G,UR,9,30,30,30,30,0,0,0,202EG9,120.95043,37.75,10.75,2005-10-15,133.01385,35.75,22.0,2004-07-08,7042.0,133.01385,35.75,22.0,2004-07-08,7042.0
20,Madhya Pradesh,2,E,ITBP,N,EWS,0,3,3,3,3,0,0,0,202EN0,66.32606,8.75,13.0,2004-06-21,101.35497,29.25,13.0,2004-02-06,34006.0,101.35497,29.25,13.0,2004-02-06,34006.0
20,Madhya Pradesh,2,E,ITBP,N,SC,1,4,4,4,4,0,0,0,202EN1,40.28808,4.75,2.75,1997-08-25,65.4783,8.0,8.75,2005-03-12,67294.0,65.4783,8.0,8.75,2005-03-12,67294.0
20,Madhya Pradesh,2,E,ITBP,N,ST,2,5,5,5,5,0,0,0,202EN2,84.2003,25.25,15.25,1998-03-23,100.25327,31.25,13.0,2001-09-01,35154.0,100.25327,31.25,13.0,2001-09-01,35154.0
20,Madhya Pradesh,2,E,ITBP,N,ESM,3,3,3,3,0,3,0,0,202EN3,,,,,,,,,,,,,,
20,Madhya Pradesh,2,E,ITBP,N,OBC,6,4,4,4,4,0,0,0,202EN6,91.28282,26.5,15.25,2000-07-14,112.80157,33.5,24.5,2001-06-02,24480.0,112.80157,33.5,24.5,2001-06-02,24480.0
20,Madhya Pradesh,2,E,ITBP,N,UR,9,9,9,9,9,0,0,0,202EN9,82.49581,28.75,8.5,2006-12-12,106.13689,38.0,13.0,2002-07-05,29718.0,106.13689,38.0,13.0,2002-07-05,29718.0
20,Madhya Pradesh,2,F,AR,G,EWS,0,3,3,3,3,0,0,0,202FG0,110.44786,31.75,28.75,2006-09-26,128.79321,37.75,27.25,2002-12-07,11594.0,128.79321,37.75,27.25,2002-12-07,11594.0
20,Madhya Pradesh,2,F,AR,G,SC,1,5,5,5,5,0,0,0,202FG1,113.84541,27.0,19.75,1999-10-09,124.64455,33.25,17.5,1998-02-06,15626.0,124.64455,33.25,17.5,1998-02-06,15626.0
20,Madhya Pradesh,2,F,AR,G,ST,2,7,7,7,7,0,0,0,202FG2,100.74623,33.25,13.0,2005-11-15,123.9451,34.0,22.25,2000-04-09,16340.0,123.9451,34.0,22.25,2000-04-09,16340.0
20,Madhya Pradesh,2,F,AR,G,ESM,3,3,3,3,0,3,0,0,202FG3,36.97539,6.25,8.5,1985-11-12,,,,,,,,,,
20,Madhya Pradesh,2,F,AR,G,OBC,6,5,5,5,5,0,0,0,202FG6,127.31295,35.5,22.0,2001-05-13,137.26511,35.5,19.75,2001-07-02,3473.0,137.26511,35.5,19.75,2001-07-02,3473.0
20,Madhya Pradesh,2,F,AR,G,UR,9,14,14,14,14,0,0,0,202FG9,120.95043,37.75,10.75,2005-10-15,134.39287,37.75,17.5,2003-07-02,5883.0,134.39287,37.75,17.5,2003-07-02,5883.0
20,Madhya Pradesh,2,F,AR,N,EWS,0,1,1,1,1,0,0,0,202FN0,66.32606,8.75,13.0,2004-06-21,107.10944,26.5,15.25,2005-06-23,28938.0,107.10944,26.5,15.25,2005-06-23,28938.0
20,Madhya Pradesh,2,F,AR,N,SC,1,2,2,2,2,0,0,0,202FN1,40.28808,4.75,2.75,1997-08-25,93.3463,33.25,9.5,1999-08-10,42006.0,93.3463,33.25,9.5,1999-08-10,42006.0
20,Madhya Pradesh,2,F,AR,N,ST,2,2,2,2,2,0,0,0,202FN2,84.2003,25.25,15.25,1998-03-23,107.99357,35.75,5.25,2001-10-08,28206.0,107.99357,35.75,5.25,2001-10-08,28206.0
20,Madhya Pradesh,2,F,AR,N,ESM,3,1,1,1,0,1,0,0,202FN3,,,,,,,,,,,,,,
20,Madhya Pradesh,2,F,AR,N,OBC,6,2,2,2,2,0,0,0,202FN6,91.28282,26.5,15.25,2000-07-14,119.63003,35.5,10.75,2000-08-27,19706.0,119.63003,35.5,10.75,2000-08-27,19706.0
20,Madhya Pradesh,2,F,AR,N,UR,9,4,4,4,4,0,0,0,202FN9,82.49581,28.75,8.5,2006-12-12,115.04813,37.75,15.25,2003-10-01,22845.0,115.04813,37.75,15.25,2003-10-01,22845.0
21,Maharashtra,1,A,BSF,G,EWS,0,11,11,11,11,0,0,0,211AG0,90.19945,35.5,6.25,2003-06-06,95.14136,35.5,9.0,2005-10-28,40140.0,95.14136,35.5,9.0,2005-10-28,40140.0
21,Maharashtra,1,A,BSF,G,SC,1,11,11,11,11,0,0,0,211AG1,89.11299,27.5,23.5,2002-09-28,97.27509,31.0,10.75,2003-06-18,37926.0,97.27509,31.0,10.75,2003-06-18,37926.0
21,Maharashtra,1,A,BSF,G,ST,2,10,10,10,10,0,0,0,211AG2,86.79234,33.25,17.5,2001-07-19,92.62328,21.0,22.75,2001-02-27,42685.0,92.62328,21.0,22.75,2001-02-27,42685.0
21,Maharashtra,1,A,BSF,G,ESM,3,11,11,11,0,11,0,0,211AG3,,,,,,,,,,,,,,
21,Maharashtra,1,A,BSF,G,OBC,6,29,29,29,29,0,0,0,211AG6,91.68138,19.75,18.5,2006-08-24,96.89054,33.25,6.75,2004-09-29,38313.0,96.89054,33.25,6.75,2004-09-29,38313.0
21,Maharashtra,1,A,BSF,G,UR,9,48,48,48,48,0,0,0,211AG9,94.7103,33.75,12.5,2003-11-10,99.5908,31.0,14.5,2002-06-18,35709.0,99.5908,31.0,14.5,2002-06-18,35709.0
21,Maharashtra,1,A,BSF,N,EWS,0,1,1,1,1,0,0,0,211AN0,89.71197,31.0,10.75,2006-05-22,93.59913,34.0,8.75,2002-08-24,41768.0,93.59913,34.0,8.75,2002-08-24,41768.0
21,Maharashtra,1,A,BSF,N,SC,1,2,2,2,2,0,0,0,211AN1,83.23919,23.0,13.0,1999-11-09,91.44659,29.0,9.25,2002-01-02,44029.0,91.44659,29.0,9.25,2002-01-02,44029.0
21,Maharashtra,1,A,BSF,N,ST,2,1,1,1,1,0,0,0,211AN2,88.98829,29.75,13.0,2003-11-18,92.96219,29.25,12.25,2000-10-03,42364.0,92.96219,29.25,12.25,2000-10-03,42364.0
21,Maharashtra,1,A,BSF,N,ESM,3,2,2,2,0,2,0,0,211AN3,,,,,,,,,,,,,,
21,Maharashtra,1,A,BSF,N,OBC,6,4,4,4,4,0,0,0,211AN6,91.16203,28.75,15.25,2004-10-01,99.1463,20.75,12.25,1999-10-25,36153.0,99.1463,20.75,12.25,1999-10-25,36153.0
21,Maharashtra,1,A,BSF,N,UR,9,7,7,7,7,0,0,0,211AN9,92.83383,33.5,11.0,2005-10-24,100.52501,35.75,10.75,2005-10-26,34908.0,100.52501,35.75,10.75,2005-10-26,34908.0
21,Maharashtra,1,B,CISF,G,EWS,0,8,8,8,8,0,0,0,211BG0,90.19945,35.5,6.25,2003-06-06,103.97236,33.25,8.5,2004-09-03,31666.0,103.97236,33.25,8.5,2004-09-03,31666.0
21,Maharashtra,1,B,CISF,G,SC,1,8,8,8,8,0,0,0,211BG1,89.11299,27.5,23.5,2002-09-28,104.71548,31.25,17.75,2001-04-04,31065.0,104.71548,31.25,17.75,2001-04-04,31065.0
21,Maharashtra,1,B,CISF,G,ST,2,7,7,7,7,0,0,0,211BG2,86.79234,33.25,17.5,2001-07-19,95.95801,31.0,17.75,2004-12-05,39397.0,95.95801,31.0,17.75,2004-12-05,39397.0
21,Maharashtra,1,B,CISF,G,ESM,3,8,8,8,0,8,0,0,211BG3,,,,,,,,,,,,,,
21,Maharashtra,1,B,CISF,G,OBC,6,20,20,20,20,0,0,0,211BG6,91.68138,19.75,18.5,2006-08-24,108.00262,33.75,17.5,2001-05-20,28197.0,108.00262,33.75,17.5,2001-05-20,28197.0
21,Maharashtra,1,B,CISF,G,UR,9,33,33,33,33,0,0,0,211BG9,94.7103,33.75,12.5,2003-11-10,108.59104,33.25,14.25,2005-12-21,27624.0,108.59104,33.25,14.25,2005-12-21,27624.0
21,Maharashtra,1,B,CISF,N,EWS,0,1,1,1,1,0,0,0,211BN0,89.71197,31.0,10.75,2006-05-22,105.61755,33.25,19.75,2006-01-02,30294.0,105.61755,33.25,19.75,2006-01-02,30294.0
21,Maharashtra,1,B,CISF,N,SC,1,1,1,1,1,0,0,0,211BN1,83.23919,23.0,13.0,1999-11-09,119.85565,35.5,18.0,2001-09-03,19521.0,119.85565,35.5,18.0,2001-09-03,19521.0
21,Maharashtra,1,B,CISF,N,ST,2,1,1,1,1,0,0,0,211BN2,88.98829,29.75,13.0,2003-11-18,101.8199,37.75,10.75,2000-10-19,33622.0,101.8199,37.75,10.75,2000-10-19,33622.0
21,Maharashtra,1,B,CISF,N,ESM,3,1,1,1,0,1,0,0,211BN3,,,,,,,,,,,,,,
21,Maharashtra,1,B,CISF,N,OBC,6,3,3,3,3,0,0,0,211BN6,91.16203,28.75,15.25,2004-10-01,106.01464,33.25,26.5,1999-12-11,29823.0,106.01464,33.25,26.5,1999-12-11,29823.0
21,Maharashtra,1,B,CISF,N,UR,9,5,5,5,5,0,0,0,211BN9,92.83383,33.5,11.0,2005-10-24,108.29148,31.25,23.5,2002-10-04,27868.0,108.29148,31.25,23.5,2002-10-04,27868.0
21,Maharashtra,1,C,CRPF,G,EWS,0,3,3,3,3,0,0,0,211CG0,90.19945,35.5,6.25,2003-06-06,102.57193,37.75,14.25,2003-05-28,33029.0,102.57193,37.75,14.25,2003-05-28,33029.0
21,Maharashtra,1,C,CRPF,G,SC,1,3,3,3,3,0,0,0,211CG1,89.11299,27.5,23.5,2002-09-28,103.49225,31.0,15.25,2002-10-08,32084.0,103.49225,31.0,15.25,2002-10-08,32084.0
21,Maharashtra,1,C,CRPF,G,ST,2,2,2,2,2,0,0,0,211CG2,86.79234,33.25,17.5,2001-07-19,95.55448,35.5,13.0,2002-03-19,39767.0,95.55448,35.5,13.0,2002-03-19,39767.0
21,Maharashtra,1,C,CRPF,G,ESM,3,3,3,3,0,3,0,0,211CG3,,,,,,,,,,,,,,
21,Maharashtra,1,C,CRPF,G,OBC,6,7,7,7,7,0,0,0,211CG6,91.68138,19.75,18.5,2006-08-24,102.90217,33.25,15.25,2002-10-08,32748.0,102.90217,33.25,15.25,2002-10-08,32748.0
21,Maharashtra,1,C,CRPF,G,UR,9,12,12,12,12,0,0,0,211CG9,94.7103,33.75,12.5,2003-11-10,103.58742,31.5,14.5,2002-12-10,32022.0,103.58742,31.5,14.5,2002-12-10,32022.0
21,Maharashtra,1,C,CRPF,N,OBC,6,1,1,1,1,0,0,0,211CN6,91.16203,28.75,15.25,2004-10-01,103.14568,31.0,17.5,2001-04-24,32472.0,103.14568,31.0,17.5,2001-04-24,32472.0
21,Maharashtra,1,C,CRPF,N,UR,9,3,3,3,3,0,0,0,211CN9,92.83383,33.5,11.0,2005-10-24,102.81138,31.25,2.0,2005-12-13,32837.0,102.81138,31.25,2.0,2005-12-13,32837.0
21,Maharashtra,1,E,ITBP,G,EWS,0,2,2,2,2,0,0,0,211EG0,90.19945,35.5,6.25,2003-06-06,99.32381,26.5,19.75,2005-01-14,35995.0,99.32381,26.5,19.75,2005-01-14,35995.0
21,Maharashtra,1,E,ITBP,G,SC,1,3,3,3,3,0,0,0,211EG1,89.11299,27.5,23.5,2002-09-28,100.77661,37.75,17.5,1997-06-01,34618.0,100.77661,37.75,17.5,1997-06-01,34618.0
21,Maharashtra,1,E,ITBP,G,ST,2,2,2,2,2,0,0,0,211EG2,86.79234,33.25,17.5,2001-07-19,93.29019,28.75,17.5,2005-04-20,42060.0,93.29019,28.75,17.5,2005-04-20,42060.0
21,Maharashtra,1,E,ITBP,G,ESM,3,2,2,2,0,2,0,0,211EG3,,,,,,,,,,,,,,
21,Maharashtra,1,E,ITBP,G,OBC,6,6,6,6,6,0,0,0,211EG6,91.68138,19.75,18.5,2006-08-24,100.00544,40.0,17.5,2003-02-03,35349.0,100.00544,40.0,17.5,2003-02-03,35349.0
21,Maharashtra,1,E,ITBP,G,UR,9,10,10,10,10,0,0,0,211EG9,94.7103,33.75,12.5,2003-11-10,101.85447,35.75,17.75,2006-04-10,33596.0,101.85447,35.75,17.75,2006-04-10,33596.0
21,Maharashtra,1,E,ITBP,N,OBC,6,1,1,1,1,0,0,0,211EN6,91.16203,28.75,15.25,2004-10-01,104.86374,33.5,12.25,2000-11-12,30900.0,104.86374,33.5,12.25,2000-11-12,30900.0
21,Maharashtra,1,E,ITBP,N,UR,9,2,2,2,2,0,0,0,211EN9,92.83383,33.5,11.0,2005-10-24,101.00342,31.5,16.25,2006-08-13,34378.0,101.00342,31.5,16.25,2006-08-13,34378.0
21,Maharashtra,1,F,AR,G,EWS,0,1,1,1,1,0,0,0,211FG0,90.19945,35.5,6.25,2003-06-06,102.31068,28.75,19.75,2003-05-27,33219.0,102.31068,28.75,19.75,2003-05-27,33219.0
21,Maharashtra,1,F,AR,G,SC,1,1,1,1,1,0,0,0,211FG1,89.11299,27.5,23.5,2002-09-28,103.9911,35.5,13.0,2002-05-07,31625.0,103.9911,35.5,13.0,2002-05-07,31625.0
21,Maharashtra,1,F,AR,G,ESM,3,1,1,1,0,1,0,0,211FG3,,,,,,,,,,,,,,
21,Maharashtra,1,F,AR,G,OBC,6,1,1,1,1,0,0,0,211FG6,91.68138,19.75,18.5,2006-08-24,105.9046,37.75,22.0,2006-07-01,29921.0,105.9046,37.75,22.0,2006-07-01,29921.0
21,Maharashtra,1,F,AR,G,UR,9,2,2,2,2,0,0,0,211FG9,94.7103,33.75,12.5,2003-11-10,106.40432,31.5,15.25,2004-01-07,29488.0,106.40432,31.5,15.25,2004-01-07,29488.0
21,Maharashtra,1,F,AR,N,UR,9,1,1,1,1,0,0,0,211FN9,92.83383,33.5,11.0,2005-10-24,101.69455,31.0,8.75,2004-12-24,33728.0,101.69455,31.0,8.75,2004-12-24,33728.0
21,Maharashtra,2,A,BSF,G,EWS,0,62,62,62,62,0,0,0,212AG0,100.52501,35.5,19.75,2003-06-21,107.32973,40.0,-0.5,2003-03-18,28768.0,107.32973,40.0,-0.5,2003-03-18,28768.0
21,Maharashtra,2,A,BSF,G,SC,1,62,62,62,62,0,0,0,212AG1,96.31764,31.25,14.0,2004-09-24,104.1725,37.75,18.0,2004-09-15,31458.0,104.1725,37.75,18.0,2004-09-15,31458.0
21,Maharashtra,2,A,BSF,G,ST,2,55,55,55,55,0,0,0,212AG2,89.11722,33.25,6.25,2001-07-15,94.40322,37.75,11.75,1999-10-27,40908.0,94.40322,37.75,11.75,1999-10-27,40908.0
21,Maharashtra,2,A,BSF,G,ESM,3,62,62,62,1,61,0,0,212AG3,32.85845,3.0,6.75,1984-06-16,32.85845,3.0,6.75,1984-06-16,73462.0,32.85845,3.0,6.75,1984-06-16,73462.0
21,Maharashtra,2,A,BSF,G,OBC,6,167,167,166,166,0,1,1,212AG6,102.85237,35.5,4.0,2000-02-22,108.49704,33.75,16.0,2001-06-02,27696.0,108.49704,33.75,16.0,2001-06-02,27696.0
21,Maharashtra,2,A,BSF,G,UR,9,271,271,271,271,0,0,0,212AG9,103.4764,29.75,18.0,2004-11-06,109.38299,33.25,17.5,2004-08-06,27110.0,109.38299,33.25,17.5,2004-08-06,27110.0
21,Maharashtra,2,A,BSF,N,EWS,0,8,8,8,8,0,0,0,212AN0,47.74809,8.5,8.5,2003-08-30,71.81255,26.5,6.25,2005-08-05,62899.0,71.81255,26.5,6.25,2005-08-05,62899.0
21,Maharashtra,2,A,BSF,N,SC,1,9,9,9,9,0,0,0,212AN1,54.73558,9.75,14.0,2004-12-23,79.62383,28.75,15.25,2000-07-21,56330.0,79.62383,28.75,15.25,2000-07-21,56330.0
37,Ladakh,1,A,BSF,N,OBC,6,1,1,1,0,1,0,0,371AN6,,,,,,,,,,,,,,
21,Maharashtra,2,A,BSF,N,ST,2,8,8,8,8,0,0,0,212AN2,86.01556,31.0,1.75,2001-01-03,94.30954,26.5,11.0,2005-07-10,41003.0,94.30954,26.5,11.0,2005-07-10,41003.0
21,Maharashtra,2,A,BSF,N,ESM,3,9,9,9,0,9,0,0,212AN3,,,,,,,,,,,,,,
21,Maharashtra,2,A,BSF,N,OBC,6,23,23,23,23,0,0,0,212AN6,81.03277,28.75,10.75,2003-02-07,92.38333,33.25,19.75,2000-09-25,42992.0,92.38333,33.25,19.75,2000-09-25,42992.0
21,Maharashtra,2,A,BSF,N,UR,9,37,37,37,37,0,0,0,212AN9,81.61957,35.5,14.25,2002-04-29,92.03292,35.5,8.75,2002-11-18,43423.0,92.03292,35.5,8.75,2002-11-18,43423.0
21,Maharashtra,2,B,CISF,G,EWS,0,68,68,68,68,0,0,0,212BG0,100.52501,35.5,19.75,2003-06-21,117.08693,31.0,17.5,2002-09-05,21510.0,117.08693,31.0,17.5,2002-09-05,21510.0
21,Maharashtra,2,B,CISF,G,SC,1,68,68,67,67,0,1,1,212BG1,96.31764,31.25,14.0,2004-09-24,113.61871,28.75,28.75,2002-02-28,23808.0,113.61871,28.75,28.75,2002-02-28,23808.0
21,Maharashtra,2,B,CISF,G,ST,2,62,62,62,62,0,0,0,212BG2,89.11722,33.25,6.25,2001-07-15,103.9868,37.75,6.5,2002-07-22,31640.0,103.9868,37.75,6.5,2002-07-22,31640.0
21,Maharashtra,2,B,CISF,G,ESM,3,68,68,68,4,64,0,0,212BG3,32.85845,3.0,6.75,1984-06-16,33.75241,1.75,15.25,1985-06-24,73446.0,33.75241,1.75,15.25,1985-06-24,73446.0
21,Maharashtra,2,B,CISF,G,OBC,6,185,185,183,183,0,2,2,212BG6,102.85237,35.5,4.0,2000-02-22,119.42725,35.5,22.25,2004-08-10,19827.0,119.42725,35.5,22.25,2004-08-10,19827.0
21,Maharashtra,2,B,CISF,G,UR,9,301,301,300,300,0,1,1,212BG9,103.4764,29.75,18.0,2004-11-06,121.48272,38.0,15.25,2002-11-22,18326.0,121.48272,38.0,15.25,2002-11-22,18326.0
21,Maharashtra,2,B,CISF,N,EWS,0,9,9,9,9,0,0,0,212BN0,47.74809,8.5,8.5,2003-08-30,89.69859,33.5,8.5,2006-10-13,45864.0,89.69859,33.5,8.5,2006-10-13,45864.0
21,Maharashtra,2,B,CISF,N,SC,1,9,9,9,9,0,0,0,212BN1,54.73558,9.75,14.0,2004-12-23,98.74874,35.5,10.75,2003-08-16,36516.0,98.74874,35.5,10.75,2003-08-16,36516.0
21,Maharashtra,2,B,CISF,N,ST,2,9,9,9,9,0,0,0,212BN2,86.01556,31.0,1.75,2001-01-03,105.18541,33.25,13.0,2004-07-21,30723.0,105.18541,33.25,13.0,2004-07-21,30723.0
21,Maharashtra,2,B,CISF,N,ESM,3,10,10,10,0,10,0,0,212BN3,,,,,,,,,,,,,,
21,Maharashtra,2,B,CISF,N,OBC,6,26,26,26,26,0,0,0,212BN6,81.03277,28.75,10.75,2003-02-07,107.40698,31.0,28.75,1999-02-06,28736.0,107.40698,31.0,28.75,1999-02-06,28736.0
21,Maharashtra,2,B,CISF,N,UR,9,42,42,42,42,0,0,0,212BN9,81.61957,35.5,14.25,2002-04-29,107.15317,35.5,18.25,2002-10-03,28894.0,107.15317,35.5,18.25,2002-10-03,28894.0
21,Maharashtra,2,C,CRPF,G,EWS,0,64,64,64,64,0,0,0,212CG0,100.52501,35.5,19.75,2003-06-21,109.57292,33.25,15.25,2004-09-17,26972.0,109.57292,33.25,15.25,2004-09-17,26972.0
21,Maharashtra,2,C,CRPF,G,SC,1,64,64,64,64,0,0,0,212CG1,96.31764,31.25,14.0,2004-09-24,106.7298,27.0,18.0,2002-02-17,29227.0,106.7298,27.0,18.0,2002-02-17,29227.0
21,Maharashtra,2,C,CRPF,G,ST,2,57,57,57,57,0,0,0,212CG2,89.11722,33.25,6.25,2001-07-15,96.04939,31.0,15.25,2000-12-24,39282.0,96.04939,31.0,15.25,2000-12-24,39282.0
21,Maharashtra,2,C,CRPF,G,ESM,3,64,64,64,1,63,0,0,212CG3,32.85845,3.0,6.75,1984-06-16,63.74815,19.75,10.75,1984-01-12,68154.0,63.74815,19.75,10.75,1984-01-12,68154.0
21,Maharashtra,2,C,CRPF,G,OBC,6,172,172,171,171,0,1,1,212CG6,102.85237,35.5,4.0,2000-02-22,111.44722,27.5,21.0,2001-12-22,25430.0,111.44722,27.5,21.0,2001-12-22,25430.0
21,Maharashtra,2,C,CRPF,G,UR,9,281,281,281,281,0,0,0,212CG9,103.4764,29.75,18.0,2004-11-06,112.5393,37.75,19.75,2002-07-15,24712.0,112.5393,37.75,19.75,2002-07-15,24712.0
21,Maharashtra,2,C,CRPF,N,EWS,0,9,9,9,9,0,0,0,212CN0,47.74809,8.5,8.5,2003-08-30,73.48792,17.5,17.5,2002-08-08,61619.0,73.48792,17.5,17.5,2002-08-08,61619.0
21,Maharashtra,2,C,CRPF,N,SC,1,9,9,9,9,0,0,0,212CN1,54.73558,9.75,14.0,2004-12-23,81.69278,31.0,10.75,2006-08-23,54348.0,81.69278,31.0,10.75,2006-08-23,54348.0
21,Maharashtra,2,C,CRPF,N,ST,2,8,8,8,8,0,0,0,212CN2,86.01556,31.0,1.75,2001-01-03,95.47135,31.5,15.5,2002-12-07,39831.0,95.47135,31.5,15.5,2002-12-07,39831.0
21,Maharashtra,2,C,CRPF,N,ESM,3,9,9,9,0,9,0,0,212CN3,,,,,,,,,,,,,,
21,Maharashtra,2,C,CRPF,N,OBC,6,24,24,24,24,0,0,0,212CN6,81.03277,28.75,10.75,2003-02-07,101.02682,28.75,19.75,2001-04-17,34335.0,101.02682,28.75,19.75,2001-04-17,34335.0
21,Maharashtra,2,C,CRPF,N,UR,9,39,39,39,39,0,0,0,212CN9,81.61957,35.5,14.25,2002-04-29,96.7806,31.0,13.0,2004-02-27,38430.0,96.7806,31.0,13.0,2004-02-27,38430.0
21,Maharashtra,2,D,SSB,G,EWS,0,4,4,4,4,0,0,0,212DG0,100.52501,35.5,19.75,2003-06-21,124.47756,40.0,17.5,2002-10-30,15745.0,124.47756,40.0,17.5,2002-10-30,15745.0
21,Maharashtra,2,D,SSB,G,SC,1,4,4,4,4,0,0,0,212DG1,96.31764,31.25,14.0,2004-09-24,118.1975,40.0,17.5,2004-03-27,20651.0,118.1975,40.0,17.5,2004-03-27,20651.0
21,Maharashtra,2,D,SSB,G,ST,2,3,3,3,3,0,0,0,212DG2,89.11722,33.25,6.25,2001-07-15,110.29581,31.0,15.5,2000-01-24,26316.0,110.29581,31.0,15.5,2000-01-24,26316.0
21,Maharashtra,2,D,SSB,G,ESM,3,4,4,4,0,4,0,0,212DG3,32.85845,3.0,6.75,1984-06-16,,,,,,,,,,
21,Maharashtra,2,D,SSB,G,OBC,6,10,10,10,10,0,0,0,212DG6,102.85237,35.5,4.0,2000-02-22,126.87571,35.5,24.25,1999-06-14,13628.0,126.87571,35.5,24.25,1999-06-14,13628.0
21,Maharashtra,2,D,SSB,G,UR,9,17,17,17,17,0,0,0,212DG9,103.4764,29.75,18.0,2004-11-06,128.5539,37.75,17.75,2005-07-23,11866.0,128.5539,37.75,17.75,2005-07-23,11866.0
21,Maharashtra,2,D,SSB,N,EWS,0,1,1,1,1,0,0,0,212DN0,47.74809,8.5,8.5,2003-08-30,105.47643,33.25,19.75,2004-05-08,30394.0,105.47643,33.25,19.75,2004-05-08,30394.0
21,Maharashtra,2,D,SSB,N,SC,1,1,1,1,1,0,0,0,212DN1,54.73558,9.75,14.0,2004-12-23,117.76014,35.5,15.25,2001-10-24,21042.0,117.76014,35.5,15.25,2001-10-24,21042.0
21,Maharashtra,2,D,SSB,N,ESM,3,1,1,1,0,1,0,0,212DN3,,,,,,,,,,,,,,
21,Maharashtra,2,D,SSB,N,OBC,6,1,1,1,1,0,0,0,212DN6,81.03277,28.75,10.75,2003-02-07,126.45622,37.75,22.0,2002-05-23,14044.0,126.45622,37.75,22.0,2002-05-23,14044.0
21,Maharashtra,2,D,SSB,N,UR,9,2,2,2,2,0,0,0,212DN9,81.61957,35.5,14.25,2002-04-29,139.22241,40.0,24.25,2005-11-08,2361.0,139.22241,40.0,24.25,2005-11-08,2361.0
21,Maharashtra,2,E,ITBP,G,EWS,0,12,12,12,12,0,0,0,212EG0,100.52501,35.5,19.75,2003-06-21,114.31045,35.5,8.5,2003-04-24,23403.0,114.31045,35.5,8.5,2003-04-24,23403.0
21,Maharashtra,2,E,ITBP,G,SC,1,12,12,12,12,0,0,0,212EG1,96.31764,31.25,14.0,2004-09-24,110.33342,31.0,19.75,2000-06-01,26295.0,110.33342,31.0,19.75,2000-06-01,26295.0
21,Maharashtra,2,E,ITBP,G,ST,2,11,11,11,11,0,0,0,212EG2,89.11722,33.25,6.25,2001-07-15,98.34136,31.25,19.75,1999-12-21,36977.0,98.34136,31.25,19.75,1999-12-21,36977.0
21,Maharashtra,2,E,ITBP,G,ESM,3,12,12,12,0,12,0,0,212EG3,32.85845,3.0,6.75,1984-06-16,,,,,,,,,,
21,Maharashtra,2,E,ITBP,G,OBC,6,32,32,32,32,0,0,0,212EG6,102.85237,35.5,4.0,2000-02-22,115.1732,33.25,15.5,2000-07-17,22744.0,115.1732,33.25,15.5,2000-07-17,22744.0
21,Maharashtra,2,E,ITBP,G,UR,9,52,52,52,52,0,0,0,212EG9,103.4764,29.75,18.0,2004-11-06,115.83465,37.75,15.25,2004-09-04,22255.0,115.83465,37.75,15.25,2004-09-04,22255.0
21,Maharashtra,2,E,ITBP,N,EWS,0,2,2,2,2,0,0,0,212EN0,47.74809,8.5,8.5,2003-08-30,72.86019,19.75,6.25,2005-11-01,62114.0,72.86019,19.75,6.25,2005-11-01,62114.0
21,Maharashtra,2,E,ITBP,N,SC,1,2,2,2,2,0,0,0,212EN1,54.73558,9.75,14.0,2004-12-23,80.53685,29.25,1.75,2000-08-09,55433.0,80.53685,29.25,1.75,2000-08-09,55433.0
21,Maharashtra,2,E,ITBP,N,ST,2,1,1,1,1,0,0,0,212EN2,86.01556,31.0,1.75,2001-01-03,96.47187,35.75,14.75,2002-03-25,38776.0,96.47187,35.75,14.75,2002-03-25,38776.0
21,Maharashtra,2,E,ITBP,N,ESM,3,2,2,2,0,2,0,0,212EN3,,,,,,,,,,,,,,
21,Maharashtra,2,E,ITBP,N,OBC,6,5,5,5,5,0,0,0,212EN6,81.03277,28.75,10.75,2003-02-07,104.69141,35.5,11.25,2001-08-29,31080.0,104.69141,35.5,11.25,2001-08-29,31080.0
21,Maharashtra,2,E,ITBP,N,UR,9,7,7,7,7,0,0,0,212EN9,81.61957,35.5,14.25,2002-04-29,102.81138,31.0,15.75,2002-06-05,32838.0,102.81138,31.0,15.75,2002-06-05,32838.0
21,Maharashtra,2,F,AR,G,EWS,0,5,5,5,5,0,0,0,212FG0,100.52501,35.5,19.75,2003-06-21,116.89074,37.75,15.25,2002-07-28,21644.0,116.89074,37.75,15.25,2002-07-28,21644.0
21,Maharashtra,2,F,AR,G,SC,1,5,5,5,5,0,0,0,212FG1,96.31764,31.25,14.0,2004-09-24,115.206,37.75,13.0,2005-03-07,22729.0,115.206,37.75,13.0,2005-03-07,22729.0
21,Maharashtra,2,F,AR,G,ST,2,5,5,5,5,0,0,0,212FG2,89.11722,33.25,6.25,2001-07-15,108.18835,26.5,17.5,2001-07-05,27986.0,108.18835,26.5,17.5,2001-07-05,27986.0
21,Maharashtra,2,F,AR,G,ESM,3,5,5,5,0,5,0,0,212FG3,32.85845,3.0,6.75,1984-06-16,,,,,,,,,,
21,Maharashtra,2,F,AR,G,OBC,6,14,14,14,14,0,0,0,212FG6,102.85237,35.5,4.0,2000-02-22,118.5879,33.25,19.75,2003-04-08,20455.0,118.5879,33.25,19.75,2003-04-08,20455.0
21,Maharashtra,2,F,AR,G,UR,9,24,24,24,24,0,0,0,212FG9,103.4764,29.75,18.0,2004-11-06,119.34982,35.5,17.5,2003-11-10,19896.0,119.34982,35.5,17.5,2003-11-10,19896.0
21,Maharashtra,2,F,AR,N,EWS,0,1,1,1,1,0,0,0,212FN0,47.74809,8.5,8.5,2003-08-30,80.68958,20.0,15.5,2003-09-01,55271.0,80.68958,20.0,15.5,2003-09-01,55271.0
21,Maharashtra,2,F,AR,N,SC,1,1,1,1,1,0,0,0,212FN1,54.73558,9.75,14.0,2004-12-23,88.37047,35.75,14.5,1999-04-06,47250.0,88.37047,35.75,14.5,1999-04-06,47250.0
21,Maharashtra,2,F,AR,N,ST,2,1,1,1,1,0,0,0,212FN2,86.01556,31.0,1.75,2001-01-03,106.0346,31.25,6.25,2000-01-20,29811.0,106.0346,31.25,6.25,2000-01-20,29811.0
21,Maharashtra,2,F,AR,N,ESM,3,1,1,1,0,1,0,0,212FN3,,,,,,,,,,,,,,
21,Maharashtra,2,F,AR,N,OBC,6,2,2,2,2,0,0,0,212FN6,81.03277,28.75,10.75,2003-02-07,103.26136,31.0,19.75,2000-04-04,32316.0,103.26136,31.0,19.75,2000-04-04,32316.0
21,Maharashtra,2,F,AR,N,UR,9,3,3,3,3,0,0,0,212FN9,81.61957,35.5,14.25,2002-04-29,104.04119,35.75,15.25,2004-09-19,31581.0,104.04119,35.75,15.25,2004-09-19,31581.0
22,Manipur,1,A,BSF,G,ST,2,1,1,1,1,0,0,0,221AG2,75.16494,33.25,6.5,2005-03-01,87.04995,29.25,13.75,2001-04-21,48663.0,87.04995,29.25,13.75,2001-04-21,48663.0
22,Manipur,1,A,BSF,G,OBC,6,1,1,1,1,0,0,0,221AG6,68.51259,22.0,9.25,2001-02-02,76.63548,27.0,9.0,2004-01-22,59086.0,76.63548,27.0,9.0,2004-01-22,59086.0
22,Manipur,1,A,BSF,G,UR,9,1,1,1,1,0,0,0,221AG9,69.5048,25.25,2.5,2005-04-27,77.25006,19.75,13.0,2006-09-18,58602.0,77.25006,19.75,13.0,2006-09-18,58602.0
22,Manipur,1,A,BSF,N,EWS,0,2,2,2,0,2,0,0,221AN0,,,,,,,,,,,,,,
22,Manipur,1,A,BSF,N,SC,1,1,1,1,1,0,0,0,221AN1,91.43228,33.5,0.75,2001-01-31,91.43228,33.5,0.75,2001-01-31,44051.0,91.43228,33.5,0.75,2001-01-31,44051.0
22,Manipur,1,A,BSF,N,ST,2,6,6,6,6,0,0,0,221AN2,70.54581,29.5,6.0,2005-04-27,90.45885,29.75,15.5,2000-02-05,45014.0,90.45885,29.75,15.5,2000-02-05,45014.0
22,Manipur,1,A,BSF,N,ESM,3,2,2,2,0,2,0,0,221AN3,,,,,,,,,,,,,,
22,Manipur,1,A,BSF,N,OBC,6,2,2,2,2,0,0,0,221AN6,67.49715,29.0,10.75,2003-03-02,84.40773,29.0,17.5,2000-03-20,51547.0,84.40773,29.0,17.5,2000-03-20,51547.0
22,Manipur,1,A,BSF,N,UR,9,7,7,7,7,0,0,0,221AN9,70.85559,31.75,7.75,2002-04-13,79.14244,22.0,10.75,2002-07-14,56790.0,79.14244,22.0,10.75,2002-07-14,56790.0
22,Manipur,1,B,CISF,B,ST,2,1,1,1,1,0,0,0,221BB2,70.1582,33.5,5.5,2001-04-01,85.63776,33.5,5.0,2001-01-27,50235.0,85.63776,33.5,5.0,2001-01-27,50235.0
22,Manipur,1,B,CISF,B,UR,9,1,1,1,1,0,0,0,221BB9,67.66984,13.0,4.75,2006-03-10,86.89564,29.5,9.25,2004-02-18,48806.0,86.89564,29.5,9.25,2004-02-18,48806.0
22,Manipur,1,B,CISF,G,ST,2,1,1,1,1,0,0,0,221BG2,75.16494,33.25,6.5,2005-03-01,82.29814,27.0,10.0,1998-09-01,53699.0,82.29814,27.0,10.0,1998-09-01,53699.0
22,Manipur,1,B,CISF,G,UR,9,2,2,2,2,0,0,0,221BG9,69.5048,25.25,2.5,2005-04-27,87.23759,31.0,16.0,2003-12-27,48460.0,87.23759,31.0,16.0,2003-12-27,48460.0
22,Manipur,1,B,CISF,N,EWS,0,2,2,2,0,2,0,0,221BN0,,,,,,,,,,,,,,
22,Manipur,1,B,CISF,N,ST,2,4,4,4,4,0,0,0,221BN2,70.54581,29.5,6.0,2005-04-27,88.11186,27.0,3.5,1998-04-16,47525.0,88.11186,27.0,3.5,1998-04-16,47525.0
22,Manipur,1,B,CISF,N,ESM,3,1,1,1,0,1,0,0,221BN3,,,,,,,,,,,,,,
22,Manipur,1,B,CISF,N,OBC,6,2,2,2,2,0,0,0,221BN6,67.49715,29.0,10.75,2003-03-02,78.33382,25.0,14.25,2006-03-06,57583.0,78.33382,25.0,14.25,2006-03-06,57583.0
22,Manipur,1,B,CISF,N,UR,9,5,5,5,5,0,0,0,221BN9,70.85559,31.75,7.75,2002-04-13,88.45944,27.0,16.25,2004-02-02,47170.0,88.45944,27.0,16.25,2004-02-02,47170.0
22,Manipur,1,C,CRPF,G,UR,9,1,1,1,1,0,0,0,221CG9,69.5048,25.25,2.5,2005-04-27,76.45574,28.75,7.25,2006-03-20,59197.0,76.45574,28.75,7.25,2006-03-20,59197.0
22,Manipur,1,C,CRPF,N,ST,2,1,1,1,1,0,0,0,221CN2,70.54581,29.5,6.0,2005-04-27,79.52255,33.25,9.0,1999-04-01,56441.0,79.52255,33.25,9.0,1999-04-01,56441.0
22,Manipur,1,C,CRPF,N,OBC,6,1,1,1,1,0,0,0,221CN6,67.49715,29.0,10.75,2003-03-02,89.21769,27.5,4.5,2001-03-10,46318.0,89.21769,27.5,4.5,2001-03-10,46318.0
22,Manipur,1,C,CRPF,N,UR,9,2,2,2,2,0,0,0,221CN9,70.85559,31.75,7.75,2002-04-13,90.25742,17.5,18.0,2005-07-17,45199.0,90.25742,17.5,18.0,2005-07-17,45199.0
22,Manipur,1,E,ITBP,N,ST,2,1,1,1,1,0,0,0,221EN2,70.54581,29.5,6.0,2005-04-27,78.27445,33.5,12.75,2002-09-22,57669.0,78.27445,33.5,12.75,2002-09-22,57669.0
22,Manipur,1,E,ITBP,N,UR,9,2,2,2,2,0,0,0,221EN9,70.85559,31.75,7.75,2002-04-13,76.0208,15.25,22.0,2004-12-18,59583.0,76.0208,15.25,22.0,2004-12-18,59583.0
22,Manipur,1,F,AR,B,EWS,0,1,1,1,0,1,0,0,221FB0,,,,,,,,,,,,,,
22,Manipur,1,F,AR,B,ST,2,3,3,3,3,0,0,0,221FB2,70.1582,33.5,5.5,2001-04-01,75.16494,33.25,6.5,2005-03-01,60268.0,75.16494,33.25,6.5,2005-03-01,60268.0
22,Manipur,1,F,AR,B,ESM,3,1,1,1,0,1,0,0,221FB3,,,,,,,,,,,,,,
22,Manipur,1,F,AR,B,OBC,6,1,1,1,0,1,0,0,221FB6,,,,,,,,,,,,,,
22,Manipur,1,F,AR,B,UR,9,3,3,3,3,0,0,0,221FB9,67.66984,13.0,4.75,2006-03-10,75.74574,29.0,-0.5,2004-10-24,59791.0,75.74574,29.0,-0.5,2004-10-24,59791.0
22,Manipur,1,F,AR,N,UR,9,1,1,1,1,0,0,0,221FN9,70.85559,31.75,7.75,2002-04-13,81.55911,22.0,15.25,2005-06-28,54463.0,81.55911,22.0,15.25,2005-06-28,54463.0
22,Manipur,2,A,BSF,G,EWS,0,3,3,3,0,3,0,0,222AG0,,,,,,,,,,,,,,
22,Manipur,2,A,BSF,G,ST,2,7,7,7,7,0,0,0,222AG2,62.27089,15.5,11.5,2005-03-06,76.22096,25.75,3.5,2002-09-03,59371.0,76.22096,25.75,3.5,2002-09-03,59371.0
22,Manipur,2,A,BSF,G,ESM,3,2,2,2,0,2,0,0,222AG3,,,,,,,,,,,,,,
22,Manipur,2,A,BSF,G,OBC,6,3,3,3,3,0,0,0,222AG6,67.41876,29.0,6.75,2005-02-08,78.54484,24.25,13.0,2006-02-02,57409.0,78.54484,24.25,13.0,2006-02-02,57409.0
22,Manipur,2,A,BSF,G,UR,9,8,8,8,8,0,0,0,222AG9,67.83152,25.75,-1.0,2003-03-15,81.22164,31.25,13.75,2004-02-06,54820.0,81.22164,31.25,13.75,2004-02-06,54820.0
22,Manipur,2,A,BSF,N,EWS,0,10,10,10,2,8,0,0,222AN0,64.23003,19.0,5.5,2006-02-02,70.84969,29.75,18.0,2002-04-01,63662.0,70.84969,29.75,18.0,2002-04-01,63662.0
22,Manipur,2,A,BSF,N,SC,1,3,3,3,3,0,0,0,222AN1,71.88123,29.5,8.5,2001-03-20,84.88286,20.75,12.5,1997-11-19,51091.0,84.88286,20.75,12.5,1997-11-19,51091.0
22,Manipur,2,A,BSF,N,ST,2,35,35,35,35,0,0,0,222AN2,64.8814,26.5,16.25,2003-04-02,77.76964,31.25,16.5,1999-10-02,58107.0,77.76964,31.25,16.5,1999-10-02,58107.0
22,Manipur,2,A,BSF,N,ESM,3,10,10,10,0,10,0,0,222AN3,,,,,,,,,,,,,,
22,Manipur,2,A,BSF,N,OBC,6,13,13,13,13,0,0,0,222AN6,67.33618,26.5,9.0,2003-09-17,79.68569,31.25,10.75,2005-01-03,56258.0,79.68569,31.25,10.75,2005-01-03,56258.0
22,Manipur,2,A,BSF,N,UR,9,41,41,41,41,0,0,0,222AN9,69.07608,13.0,15.25,2005-03-03,82.84181,31.5,9.25,2005-03-02,53245.0,82.84181,31.5,9.25,2005-03-02,53245.0
22,Manipur,2,B,CISF,B,EWS,0,2,2,2,0,2,0,0,222BB0,,,,,,,,,,,,,,
22,Manipur,2,B,CISF,B,ST,2,6,6,6,6,0,0,0,222BB2,59.6049,23.25,7.25,1999-03-20,79.60455,27.25,13.0,2004-11-14,56354.0,79.60455,27.25,13.0,2004-11-14,56354.0
22,Manipur,2,B,CISF,B,ESM,3,2,2,2,0,2,0,0,222BB3,,,,,,,,,,,,,,
22,Manipur,2,B,CISF,B,OBC,6,3,3,3,0,3,0,0,222BB6,69.5048,24.25,6.25,2001-01-01,,,,,,,,,,
22,Manipur,2,B,CISF,B,UR,9,7,7,7,7,0,0,0,222BB9,60.3051,33.5,0.0,2005-05-17,80.14197,37.75,7.75,2004-03-05,55800.0,80.14197,37.75,7.75,2004-03-05,55800.0
22,Manipur,2,B,CISF,G,EWS,0,2,2,2,0,2,0,0,222BG0,,,,,,,,,,,,,,
22,Manipur,2,B,CISF,G,ST,2,9,9,9,9,0,0,0,222BG2,62.27089,15.5,11.5,2005-03-06,81.06189,35.75,5.25,2004-02-04,54927.0,81.06189,35.75,5.25,2004-02-04,54927.0
22,Manipur,2,B,CISF,G,ESM,3,2,2,2,0,2,0,0,222BG3,,,,,,,,,,,,,,
22,Manipur,2,B,CISF,G,OBC,6,3,3,3,3,0,0,0,222BG6,67.41876,29.0,6.75,2005-02-08,88.34183,24.75,11.0,2000-03-29,47313.0,88.34183,24.75,11.0,2000-03-29,47313.0
22,Manipur,2,B,CISF,G,UR,9,10,10,10,10,0,0,0,222BG9,67.83152,25.75,-1.0,2003-03-15,87.11445,31.5,8.5,2004-03-17,48582.0,87.11445,31.5,8.5,2004-03-17,48582.0
22,Manipur,2,B,CISF,N,EWS,0,11,11,11,1,10,0,0,222BN0,64.23003,19.0,5.5,2006-02-02,64.23003,19.0,5.5,2006-02-02,67914.0,64.23003,19.0,5.5,2006-02-02,67914.0
22,Manipur,2,B,CISF,N,SC,1,3,3,3,3,0,0,0,222BN1,71.88123,29.5,8.5,2001-03-20,98.54317,33.25,9.0,1998-03-30,36785.0,98.54317,33.25,9.0,1998-03-30,36785.0
22,Manipur,2,B,CISF,N,ST,2,39,39,39,39,0,0,0,222BN2,64.8814,26.5,16.25,2003-04-02,86.13191,35.75,9.25,2003-06-18,49708.0,86.13191,35.75,9.25,2003-06-18,49708.0
22,Manipur,2,B,CISF,N,ESM,3,11,11,11,0,11,0,0,222BN3,,,,,,,,,,,,,,
22,Manipur,2,B,CISF,N,OBC,6,15,15,15,15,0,0,0,222BN6,67.33618,26.5,9.0,2003-09-17,90.78285,33.5,14.75,2001-05-23,44695.0,90.78285,33.5,14.75,2001-05-23,44695.0
22,Manipur,2,B,CISF,N,UR,9,46,46,46,46,0,0,0,222BN9,69.07608,13.0,15.25,2005-03-03,90.72166,31.25,9.5,2004-02-20,44777.0,90.72166,31.25,9.5,2004-02-20,44777.0
22,Manipur,2,C,CRPF,B,EWS,0,2,2,2,0,2,0,0,222CB0,,,,,,,,,,,,,,
22,Manipur,2,C,CRPF,B,ST,2,5,5,5,5,0,0,0,222CB2,59.6049,23.25,7.25,1999-03-20,74.02493,25.0,10.5,2002-03-16,61176.0,74.02493,25.0,10.5,2002-03-16,61176.0
22,Manipur,2,C,CRPF,B,ESM,3,2,2,2,0,2,0,0,222CB3,,,,,,,,,,,,,,
22,Manipur,2,C,CRPF,B,OBC,6,3,3,3,0,3,0,0,222CB6,69.5048,24.25,6.25,2001-01-01,,,,,,,,,,
22,Manipur,2,C,CRPF,B,UR,9,6,6,6,6,0,0,0,222CB9,60.3051,33.5,0.0,2005-05-17,75.2121,29.5,8.75,2006-06-29,60222.0,75.2121,29.5,8.75,2006-06-29,60222.0
22,Manipur,2,C,CRPF,G,EWS,0,2,2,2,0,2,0,0,222CG0,,,,,,,,,,,,,,
22,Manipur,2,C,CRPF,G,ST,2,5,5,5,5,0,0,0,222CG2,62.27089,15.5,11.5,2005-03-06,75.14543,35.75,5.25,2002-02-16,60289.0,75.14543,35.75,5.25,2002-02-16,60289.0
22,Manipur,2,C,CRPF,G,ESM,3,2,2,2,0,2,0,0,222CG3,,,,,,,,,,,,,,
22,Manipur,2,C,CRPF,G,OBC,6,2,2,2,2,0,0,0,222CG6,67.41876,29.0,6.75,2005-02-08,80.25497,31.5,12.75,2001-03-02,55696.0,80.25497,31.5,12.75,2001-03-02,55696.0
22,Manipur,2,C,CRPF,G,UR,9,7,7,7,7,0,0,0,222CG9,67.83152,25.75,-1.0,2003-03-15,82.39057,33.5,4.0,2002-04-01,53644.0,82.39057,33.5,4.0,2002-04-01,53644.0
22,Manipur,2,C,CRPF,N,EWS,0,11,11,11,0,11,0,0,222CN0,64.23003,19.0,5.5,2006-02-02,,,,,,,,,,
22,Manipur,2,C,CRPF,N,SC,1,3,3,3,3,0,0,0,222CN1,71.88123,29.5,8.5,2001-03-20,88.92025,33.25,8.5,2001-02-28,46677.0,88.92025,33.25,8.5,2001-02-28,46677.0
22,Manipur,2,C,CRPF,N,ST,2,36,36,36,36,0,0,0,222CN2,64.8814,26.5,16.25,2003-04-02,75.6657,20.25,12.5,2004-11-16,59881.0,75.6657,20.25,12.5,2004-11-16,59881.0
22,Manipur,2,C,CRPF,N,ESM,3,11,11,11,0,11,0,0,222CN3,,,,,,,,,,,,,,
22,Manipur,2,C,CRPF,N,OBC,6,14,14,14,14,0,0,0,222CN6,67.33618,26.5,9.0,2003-09-17,81.75118,31.25,10.75,1999-03-04,54233.0,81.75118,31.25,10.75,1999-03-04,54233.0
22,Manipur,2,C,CRPF,N,UR,9,41,41,41,41,0,0,0,222CN9,69.07608,13.0,15.25,2005-03-03,83.75906,19.25,10.0,2006-09-22,52261.0,83.75906,19.25,10.0,2006-09-22,52261.0
22,Manipur,2,D,SSB,G,ST,2,2,2,2,2,0,0,0,222DG2,62.27089,15.5,11.5,2005-03-06,96.12235,33.75,6.75,2001-03-03,39159.0,96.12235,33.75,6.75,2001-03-03,39159.0
22,Manipur,2,D,SSB,N,EWS,0,1,1,1,0,1,0,0,222DN0,64.23003,19.0,5.5,2006-02-02,,,,,,,,,,
22,Manipur,2,D,SSB,N,ST,2,2,2,2,2,0,0,0,222DN2,64.8814,26.5,16.25,2003-04-02,99.47982,37.75,9.0,2002-04-07,35817.0,99.47982,37.75,9.0,2002-04-07,35817.0
22,Manipur,2,D,SSB,N,ESM,3,1,1,1,0,1,0,0,222DN3,,,,,,,,,,,,,,
22,Manipur,2,D,SSB,N,OBC,6,1,1,1,1,0,0,0,222DN6,67.33618,26.5,9.0,2003-09-17,92.09664,38.0,14.0,2001-03-12,43341.0,92.09664,38.0,14.0,2001-03-12,43341.0
22,Manipur,2,D,SSB,N,UR,9,2,2,2,2,0,0,0,222DN9,69.07608,13.0,15.25,2005-03-03,93.29019,35.5,13.0,2002-03-02,42047.0,93.29019,35.5,13.0,2002-03-02,42047.0
22,Manipur,2,E,ITBP,G,EWS,0,1,1,1,0,1,0,0,222EG0,,,,,,,,,,,,,,
22,Manipur,2,E,ITBP,G,ST,2,2,2,2,2,0,0,0,222EG2,62.27089,15.5,11.5,2005-03-06,74.93803,21.0,5.5,1998-03-06,60495.0,74.93803,21.0,5.5,1998-03-06,60495.0
22,Manipur,2,E,ITBP,G,ESM,3,1,1,1,0,1,0,0,222EG3,,,,,,,,,,,,,,
22,Manipur,2,E,ITBP,G,UR,9,2,2,2,2,0,0,0,222EG9,67.83152,25.75,-1.0,2003-03-15,80.0657,37.75,13.0,2003-03-21,55885.0,80.0657,37.75,13.0,2003-03-21,55885.0
22,Manipur,2,E,ITBP,N,EWS,0,2,2,2,0,2,0,0,222EN0,64.23003,19.0,5.5,2006-02-02,,,,,,,,,,
22,Manipur,2,E,ITBP,N,SC,1,1,1,1,1,0,0,0,222EN1,71.88123,29.5,8.5,2001-03-20,91.38337,35.5,6.25,2001-03-05,44104.0,91.38337,35.5,6.25,2001-03-05,44104.0
22,Manipur,2,E,ITBP,N,ST,2,7,7,7,7,0,0,0,222EN2,64.8814,26.5,16.25,2003-04-02,77.61204,37.75,6.25,2003-04-08,58257.0,77.61204,37.75,6.25,2003-04-08,58257.0
22,Manipur,2,E,ITBP,N,ESM,3,2,2,2,0,2,0,0,222EN3,,,,,,,,,,,,,,
22,Manipur,2,E,ITBP,N,OBC,6,3,3,3,3,0,0,0,222EN6,67.33618,26.5,9.0,2003-09-17,79.03216,26.5,23.25,1999-02-07,56927.0,79.03216,26.5,23.25,1999-02-07,56927.0
22,Manipur,2,E,ITBP,N,UR,9,8,8,8,8,0,0,0,222EN9,69.07608,13.0,15.25,2005-03-03,80.79292,31.0,17.75,2005-08-17,55196.0,80.79292,31.0,17.75,2005-08-17,55196.0
22,Manipur,2,F,AR,B,EWS,0,11,11,11,0,11,0,0,222FB0,,,,,,,,,,,,,,
22,Manipur,2,F,AR,B,SC,1,9,9,9,0,9,0,0,222FB1,,,,,,,,,,,,,,
22,Manipur,2,F,AR,B,ST,2,30,30,30,30,0,0,0,222FB2,59.6049,23.25,7.25,1999-03-20,68.77736,33.5,7.0,2002-11-28,65095.0,68.77736,33.5,7.0,2002-11-28,65095.0
22,Manipur,2,F,AR,B,ESM,3,13,13,13,0,13,0,0,222FB3,,,,,,,,,,,,,,
22,Manipur,2,F,AR,B,OBC,6,39,39,39,1,38,0,0,222FB6,69.5048,24.25,6.25,2001-01-01,69.5048,24.25,6.25,2001-01-01,64591.0,69.5048,24.25,6.25,2001-01-01,64591.0
22,Manipur,2,F,AR,B,UR,9,41,41,41,41,0,0,0,222FB9,60.3051,33.5,0.0,2005-05-17,64.05827,35.75,0.0,2002-01-11,67998.0,64.05827,35.75,0.0,2002-01-11,67998.0
22,Manipur,2,F,AR,G,UR,9,1,1,1,1,0,0,0,222FG9,67.83152,25.75,-1.0,2003-03-15,93.27361,20.5,17.5,2002-02-16,42089.0,93.27361,20.5,17.5,2002-02-16,42089.0
22,Manipur,2,F,AR,N,EWS,0,1,1,1,1,0,0,0,222FN0,64.23003,19.0,5.5,2006-02-02,68.6473,29.25,15.25,2003-03-31,65187.0,68.6473,29.25,15.25,2003-03-31,65187.0
22,Manipur,2,F,AR,N,ST,2,3,3,3,3,0,0,0,222FN2,64.8814,26.5,16.25,2003-04-02,109.25501,40.0,24.75,1997-08-29,27200.0,109.25501,40.0,24.75,1997-08-29,27200.0
22,Manipur,2,F,AR,N,ESM,3,1,1,1,0,1,0,0,222FN3,,,,,,,,,,,,,,
22,Manipur,2,F,AR,N,OBC,6,1,1,1,1,0,0,0,222FN6,67.33618,26.5,9.0,2003-09-17,108.61709,36.0,16.75,1999-12-01,27614.0,108.61709,36.0,16.75,1999-12-01,27614.0
22,Manipur,2,F,AR,N,UR,9,4,4,4,4,0,0,0,222FN9,69.07608,13.0,15.25,2005-03-03,95.41704,38.0,9.75,2004-03-01,39889.0,95.41704,38.0,9.75,2004-03-01,39889.0
23,Meghalaya,1,A,BSF,B,EWS,0,2,2,2,0,2,0,0,231AB0,,,,,,,,,,,,,,
23,Meghalaya,1,A,BSF,B,ST,2,9,9,9,9,0,0,0,231AB2,44.49006,8.5,8.5,2002-05-02,47.98024,19.75,6.25,2004-04-03,72212.0,47.98024,19.75,6.25,2004-04-03,72212.0
23,Meghalaya,1,A,BSF,B,ESM,3,2,2,2,0,2,0,0,231AB3,,,,,,,,,,,,,,
23,Meghalaya,1,A,BSF,B,OBC,6,1,1,1,0,1,0,0,231AB6,46.74418,15.75,3.0,2005-08-30,,,,,,,,,,
23,Meghalaya,1,A,BSF,B,UR,9,8,8,8,7,1,0,0,231AB9,48.1812,1.75,10.75,2006-08-09,48.78895,29.25,7.75,2004-07-14,72075.0,48.78895,29.25,7.75,2004-07-14,72075.0
23,Meghalaya,1,A,BSF,G,ST,2,4,4,4,4,0,0,0,231AG2,47.42562,18.0,8.0,2004-07-28,52.60549,17.5,4.0,1999-06-08,71318.0,52.60549,17.5,4.0,1999-06-08,71318.0
23,Meghalaya,1,A,BSF,G,ESM,3,1,1,1,0,1,0,0,231AG3,,,,,,,,,,,,,,
23,Meghalaya,1,A,BSF,G,UR,9,2,2,2,2,0,0,0,231AG9,52.42388,20.0,11.0,2005-03-10,59.17182,13.0,11.0,2003-06-18,69848.0,59.17182,13.0,11.0,2003-06-18,69848.0
23,Meghalaya,1,A,BSF,N,EWS,0,2,2,2,0,2,0,0,231AN0,,,,,,,,,,,,,,
23,Meghalaya,1,A,BSF,N,ST,2,8,8,8,8,0,0,0,231AN2,47.14707,20.0,10.75,1999-04-02,55.00033,6.25,10.75,1998-03-31,70841.0,55.00033,6.25,10.75,1998-03-31,70841.0
23,Meghalaya,1,A,BSF,N,ESM,3,2,2,2,0,2,0,0,231AN3,,,,,,,,,,,,,,
23,Meghalaya,1,A,BSF,N,OBC,6,1,1,1,1,0,0,0,231AN6,58.52728,14.5,6.75,2000-09-25,58.52728,14.5,6.75,2000-09-25,70045.0,58.52728,14.5,6.75,2000-09-25,70045.0
23,Meghalaya,1,A,BSF,N,UR,9,8,8,8,8,0,0,0,231AN9,48.78895,29.25,7.75,2004-07-14,62.52117,26.5,8.75,2004-03-03,68698.0,62.52117,26.5,8.75,2004-03-03,68698.0
23,Meghalaya,1,B,CISF,B,EWS,0,1,1,1,0,1,0,0,231BB0,,,,,,,,,,,,,,
23,Meghalaya,1,B,CISF,B,ST,2,3,3,3,3,0,0,0,231BB2,44.49006,8.5,8.5,2002-05-02,47.25625,15.25,10.75,2005-06-25,72322.0,47.25625,15.25,10.75,2005-06-25,72322.0
23,Meghalaya,1,B,CISF,B,ESM,3,1,1,1,0,1,0,0,231BB3,,,,,,,,,,,,,,
23,Meghalaya,1,B,CISF,B,UR,9,2,2,2,2,0,0,0,231BB9,48.1812,1.75,10.75,2006-08-09,71.259,28.75,2.0,2003-12-23,63343.0,71.259,28.75,2.0,2003-12-23,63343.0
23,Meghalaya,1,B,CISF,G,ST,2,3,3,3,3,0,0,0,231BG2,47.42562,18.0,8.0,2004-07-28,51.61193,4.0,6.25,2005-01-30,71513.0,51.61193,4.0,6.25,2005-01-30,71513.0
23,Meghalaya,1,B,CISF,G,ESM,3,1,1,1,0,1,0,0,231BG3,,,,,,,,,,,,,,
23,Meghalaya,1,B,CISF,G,UR,9,2,2,2,2,0,0,0,231BG9,52.42388,20.0,11.0,2005-03-10,70.75093,22.5,11.0,2004-08-21,63764.0,70.75093,22.5,11.0,2004-08-21,63764.0
23,Meghalaya,1,B,CISF,N,EWS,0,2,2,2,0,2,0,0,231BN0,,,,,,,,,,,,,,
23,Meghalaya,1,B,CISF,N,ST,2,6,6,6,6,0,0,0,231BN2,47.14707,20.0,10.75,1999-04-02,54.12652,19.75,4.0,2004-12-12,71044.0,54.12652,19.75,4.0,2004-12-12,71044.0
23,Meghalaya,1,B,CISF,N,ESM,3,1,1,1,0,1,0,0,231BN3,,,,,,,,,,,,,,
23,Meghalaya,1,B,CISF,N,UR,9,5,5,5,5,0,0,0,231BN9,48.78895,29.25,7.75,2004-07-14,87.92493,33.5,9.25,2004-05-23,47717.0,87.92493,33.5,9.25,2004-05-23,47717.0
23,Meghalaya,1,C,CRPF,B,ST,2,1,1,1,1,0,0,0,231CB2,44.49006,8.5,8.5,2002-05-02,58.78668,24.75,0.5,1997-06-16,69973.0,58.78668,24.75,0.5,1997-06-16,69973.0
23,Meghalaya,1,C,CRPF,B,UR,9,1,1,1,1,0,0,0,231CB9,48.1812,1.75,10.75,2006-08-09,70.38596,25.0,7.5,2003-07-07,64040.0,70.38596,25.0,7.5,2003-07-07,64040.0
23,Meghalaya,1,C,CRPF,G,UR,9,1,1,1,1,0,0,0,231CG9,52.42388,20.0,11.0,2005-03-10,67.71828,22.0,10.75,2003-12-15,65850.0,67.71828,22.0,10.75,2003-12-15,65850.0
23,Meghalaya,1,C,CRPF,N,EWS,0,1,1,1,0,1,0,0,231CN0,,,,,,,,,,,,,,
23,Meghalaya,1,C,CRPF,N,ST,2,2,2,2,2,0,0,0,231CN2,47.14707,20.0,10.75,1999-04-02,63.90304,16.5,10.75,2001-04-25,68078.0,63.90304,16.5,10.75,2001-04-25,68078.0
23,Meghalaya,1,C,CRPF,N,ESM,3,1,1,1,0,1,0,0,231CN3,,,,,,,,,,,,,,
23,Meghalaya,1,C,CRPF,N,UR,9,2,2,2,2,0,0,0,231CN9,48.78895,29.25,7.75,2004-07-14,72.48417,19.75,13.0,2002-03-31,62415.0,72.48417,19.75,13.0,2002-03-31,62415.0
23,Meghalaya,1,E,ITBP,N,ST,2,2,2,2,2,0,0,0,231EN2,47.14707,20.0,10.75,1999-04-02,50.19722,13.0,13.0,2004-03-29,71813.0,50.19722,13.0,13.0,2004-03-29,71813.0
23,Meghalaya,1,E,ITBP,N,UR,9,2,2,2,2,0,0,0,231EN9,48.78895,29.25,7.75,2004-07-14,50.30274,5.25,20.25,2003-02-10,71786.0,50.30274,5.25,20.25,2003-02-10,71786.0
23,Meghalaya,1,F,AR,N,ST,2,1,1,1,1,0,0,0,231FN2,47.14707,20.0,10.75,1999-04-02,74.78627,29.5,6.0,2001-06-21,60617.0,74.78627,29.5,6.0,2001-06-21,60617.0
23,Meghalaya,2,A,BSF,B,EWS,0,10,10,10,0,10,0,0,232AB0,,,,,,,,,,,,,,
23,Meghalaya,2,A,BSF,B,SC,1,1,1,1,1,0,0,0,232AB1,39.00203,16.25,5.25,2004-08-03,39.00203,16.25,5.25,2004-08-03,73220.0,39.00203,16.25,5.25,2004-08-03,73220.0
23,Meghalaya,2,A,BSF,B,ST,2,43,43,43,43,0,0,0,232AB2,44.62664,14.5,7.25,2001-04-27,49.84813,22.25,9.25,2004-08-09,71880.0,49.84813,22.25,9.25,2004-08-09,71880.0
23,Meghalaya,2,A,BSF,B,ESM,3,10,10,10,0,10,0,0,232AB3,,,,,,,,,,,,,,
23,Meghalaya,2,A,BSF,B,OBC,6,5,5,5,4,1,0,0,232AB6,40.33379,10.75,6.25,1999-07-01,40.33379,10.75,6.25,1999-07-01,73137.0,40.33379,10.75,6.25,1999-07-01,73137.0
23,Meghalaya,2,A,BSF,B,UR,9,38,38,38,38,0,0,0,232AB9,48.09182,19.75,11.25,2006-04-08,51.5342,22.25,11.75,2003-07-02,71531.0,51.5342,22.25,11.75,2003-07-02,71531.0
23,Meghalaya,2,A,BSF,G,EWS,0,4,4,4,0,4,0,0,232AG0,,,,,,,,,,,,,,
23,Meghalaya,2,A,BSF,G,ST,2,15,15,15,15,0,0,0,232AG2,45.96425,11.0,8.5,2000-10-28,54.63736,17.5,8.75,1997-11-02,70933.0,54.63736,17.5,8.75,1997-11-02,70933.0
23,Meghalaya,2,A,BSF,G,ESM,3,4,4,4,0,4,0,0,232AG3,,,,,,,,,,,,,,
23,Meghalaya,2,A,BSF,G,OBC,6,8,8,8,0,8,0,0,232AG6,64.27701,6.5,10.75,2002-07-10,,,,,,,,,,
23,Meghalaya,2,A,BSF,G,UR,9,15,15,15,15,0,0,0,232AG9,48.09182,12.0,15.25,2003-10-06,51.16745,15.25,15.25,2002-07-27,71602.0,51.16745,15.25,15.25,2002-07-27,71602.0
23,Meghalaya,2,A,BSF,N,EWS,0,11,11,11,0,11,0,0,232AN0,52.88752,6.5,9.0,2005-02-02,,,,,,,,,,
23,Meghalaya,2,A,BSF,N,SC,1,1,1,1,1,0,0,0,232AN1,43.45661,10.75,10.75,2006-07-27,45.22421,29.0,9.5,2000-09-04,72647.0,45.22421,29.0,9.5,2000-09-04,72647.0
23,Meghalaya,2,A,BSF,N,ST,2,47,47,47,47,0,0,0,232AN2,47.98024,10.75,13.0,2001-04-24,59.27515,17.75,13.0,1997-10-25,69806.0,59.27515,17.75,13.0,1997-10-25,69806.0
23,Meghalaya,2,A,BSF,N,ESM,3,11,11,11,0,11,0,0,232AN3,,,,,,,,,,,,,,
23,Meghalaya,2,A,BSF,N,OBC,6,5,5,5,5,0,0,0,232AN6,47.62521,13.5,6.5,2001-08-17,67.04991,24.25,10.75,2001-07-10,66266.0,67.04991,24.25,10.75,2001-07-10,66266.0
23,Meghalaya,2,A,BSF,N,UR,9,42,42,42,42,0,0,0,232AN9,50.39237,22.0,8.25,2002-12-27,64.34394,22.0,13.0,2005-02-10,67861.0,64.34394,22.0,13.0,2005-02-10,67861.0
23,Meghalaya,2,B,CISF,B,EWS,0,6,6,6,0,6,0,0,232BB0,,,,,,,,,,,,,,
23,Meghalaya,2,B,CISF,B,SC,1,1,1,1,1,0,0,0,232BB1,39.00203,16.25,5.25,2004-08-03,51.38736,20.25,8.5,1999-04-20,71561.0,51.38736,20.25,8.5,1999-04-20,71561.0
23,Meghalaya,2,B,CISF,B,ST,2,27,27,27,27,0,0,0,232BB2,44.62664,14.5,7.25,2001-04-27,47.3693,5.5,15.25,2005-05-03,72308.0,47.3693,5.5,15.25,2005-05-03,72308.0
23,Meghalaya,2,B,CISF,B,ESM,3,6,6,6,0,6,0,0,232BB3,,,,,,,,,,,,,,
23,Meghalaya,2,B,CISF,B,OBC,6,4,4,4,1,3,0,0,232BB6,40.33379,10.75,6.25,1999-07-01,46.16704,19.75,10.75,1999-11-10,72518.0,46.16704,19.75,10.75,1999-11-10,72518.0
23,Meghalaya,2,B,CISF,B,UR,9,25,25,25,25,0,0,0,232BB9,48.09182,19.75,11.25,2006-04-08,52.28834,17.5,13.0,2004-08-15,71381.0,52.28834,17.5,13.0,2004-08-15,71381.0
23,Meghalaya,2,B,CISF,G,EWS,0,2,2,2,0,2,0,0,232BG0,,,,,,,,,,,,,,
23,Meghalaya,2,B,CISF,G,SC,1,1,1,1,1,0,0,0,232BG1,50.19744,26.5,6.5,1999-05-02,50.19744,26.5,6.5,1999-05-02,71806.0,50.19744,26.5,6.5,1999-05-02,71806.0
23,Meghalaya,2,B,CISF,G,ST,2,15,15,15,15,0,0,0,232BG2,45.96425,11.0,8.5,2000-10-28,49.55634,6.25,15.25,2005-08-22,71939.0,49.55634,6.25,15.25,2005-08-22,71939.0
23,Meghalaya,2,B,CISF,G,ESM,3,4,4,4,0,4,0,0,232BG3,,,,,,,,,,,,,,
23,Meghalaya,2,B,CISF,G,OBC,6,5,5,5,0,5,0,0,232BG6,64.27701,6.5,10.75,2002-07-10,,,,,,,,,,
23,Meghalaya,2,B,CISF,G,UR,9,13,13,13,13,0,0,0,232BG9,48.09182,12.0,15.25,2003-10-06,50.43977,14.5,0.0,2003-03-22,71744.0,50.43977,14.5,0.0,2003-03-22,71744.0
23,Meghalaya,2,B,CISF,N,EWS,0,12,12,12,0,12,0,0,232BN0,52.88752,6.5,9.0,2005-02-02,,,,,,,,,,
23,Meghalaya,2,B,CISF,N,SC,1,1,1,1,1,0,0,0,232BN1,43.45661,10.75,10.75,2006-07-27,57.53456,26.5,10.75,1999-05-02,70302.0,57.53456,26.5,10.75,1999-05-02,70302.0
23,Meghalaya,2,B,CISF,N,ST,2,52,52,52,52,0,0,0,232BN2,47.98024,10.75,13.0,2001-04-24,50.35291,11.0,13.0,2005-03-05,71773.0,50.35291,11.0,13.0,2005-03-05,71773.0
23,Meghalaya,2,B,CISF,N,ESM,3,12,12,12,0,12,0,0,232BN3,,,,,,,,,,,,,,
23,Meghalaya,2,B,CISF,N,OBC,6,6,6,6,3,3,0,0,232BN6,47.62521,13.5,6.5,2001-08-17,57.75946,31.0,8.0,2000-07-14,70249.0,57.75946,31.0,8.0,2000-07-14,70249.0
23,Meghalaya,2,B,CISF,N,UR,9,47,47,47,47,0,0,0,232BN9,50.39237,22.0,8.25,2002-12-27,58.96996,17.0,12.25,2005-09-07,69918.0,58.96996,17.0,12.25,2005-09-07,69918.0
23,Meghalaya,2,C,CRPF,B,EWS,0,5,5,5,0,5,0,0,232CB0,,,,,,,,,,,,,,
23,Meghalaya,2,C,CRPF,B,SC,1,1,1,1,1,0,0,0,232CB1,39.00203,16.25,5.25,2004-08-03,46.91742,22.25,2.75,1997-10-28,72397.0,46.91742,22.25,2.75,1997-10-28,72397.0
23,Meghalaya,2,C,CRPF,B,ST,2,23,23,23,23,0,0,0,232CB2,44.62664,14.5,7.25,2001-04-27,48.70768,14.75,1.75,2004-03-31,72090.0,48.70768,14.75,1.75,2004-03-31,72090.0
23,Meghalaya,2,C,CRPF,B,ESM,3,5,5,5,0,5,0,0,232CB3,,,,,,,,,,,,,,
23,Meghalaya,2,C,CRPF,B,OBC,6,3,3,3,2,1,0,0,232CB6,40.33379,10.75,6.25,1999-07-01,42.21741,6.25,8.5,2004-05-12,72965.0,42.21741,6.25,8.5,2004-05-12,72965.0
23,Meghalaya,2,C,CRPF,B,UR,9,20,20,20,20,0,0,0,232CB9,48.09182,19.75,11.25,2006-04-08,50.00469,12.5,8.25,2004-04-05,71852.0,50.00469,12.5,8.25,2004-04-05,71852.0
23,Meghalaya,2,C,CRPF,G,EWS,0,2,2,2,0,2,0,0,232CG0,,,,,,,,,,,,,,
23,Meghalaya,2,C,CRPF,G,ST,2,7,7,7,7,0,0,0,232CG2,45.96425,11.0,8.5,2000-10-28,50.99288,18.75,4.0,2000-04-02,71637.0,50.99288,18.75,4.0,2000-04-02,71637.0
23,Meghalaya,2,C,CRPF,G,ESM,3,2,2,2,0,2,0,0,232CG3,,,,,,,,,,,,,,
23,Meghalaya,2,C,CRPF,G,OBC,6,4,4,4,0,4,0,0,232CG6,64.27701,6.5,10.75,2002-07-10,,,,,,,,,,
23,Meghalaya,2,C,CRPF,G,UR,9,7,7,7,7,0,0,0,232CG9,48.09182,12.0,15.25,2003-10-06,51.3613,24.25,8.0,2005-04-15,71564.0,51.3613,24.25,8.0,2005-04-15,71564.0
23,Meghalaya,2,C,CRPF,N,EWS,0,11,11,11,0,11,0,0,232CN0,52.88752,6.5,9.0,2005-02-02,,,,,,,,,,
23,Meghalaya,2,C,CRPF,N,SC,1,1,1,1,1,0,0,0,232CN1,43.45661,10.75,10.75,2006-07-27,50.35182,24.25,10.75,2001-03-02,71775.0,50.35182,24.25,10.75,2001-03-02,71775.0
23,Meghalaya,2,C,CRPF,N,ST,2,48,48,48,48,0,0,0,232CN2,47.98024,10.75,13.0,2001-04-24,53.12012,8.5,8.5,1998-01-10,71208.0,53.12012,8.5,8.5,1998-01-10,71208.0
23,Meghalaya,2,C,CRPF,N,ESM,3,11,11,11,0,11,0,0,232CN3,,,,,,,,,,,,,,
23,Meghalaya,2,C,CRPF,N,OBC,6,6,6,6,3,3,0,0,232CN6,47.62521,13.5,6.5,2001-08-17,63.05274,22.25,9.5,2001-12-10,68516.0,63.05274,22.25,9.5,2001-12-10,68516.0
23,Meghalaya,2,C,CRPF,N,UR,9,44,44,44,44,0,0,0,232CN9,50.39237,22.0,8.25,2002-12-27,57.64613,16.5,5.75,2002-12-12,70278.0,57.64613,16.5,5.75,2002-12-12,70278.0
23,Meghalaya,2,D,SSB,G,ST,2,2,2,2,2,0,0,0,232DG2,45.96425,11.0,8.5,2000-10-28,65.7291,19.75,15.25,1999-10-29,67154.0,65.7291,19.75,15.25,1999-10-29,67154.0
23,Meghalaya,2,D,SSB,G,ESM,3,1,1,1,0,1,0,0,232DG3,,,,,,,,,,,,,,
23,Meghalaya,2,D,SSB,G,OBC,6,3,3,3,3,0,0,0,232DG6,64.27701,6.5,10.75,2002-07-10,64.27701,6.5,10.75,2002-07-10,67893.0,64.27701,6.5,10.75,2002-07-10,67893.0
23,Meghalaya,2,D,SSB,G,UR,9,1,1,1,1,0,0,0,232DG9,48.09182,12.0,15.25,2003-10-06,75.46766,16.0,17.5,2002-05-10,60015.0,75.46766,16.0,17.5,2002-05-10,60015.0
23,Meghalaya,2,D,SSB,N,EWS,0,1,1,1,0,1,0,0,232DN0,52.88752,6.5,9.0,2005-02-02,,,,,,,,,,
23,Meghalaya,2,D,SSB,N,ST,2,3,3,3,3,0,0,0,232DN2,47.98024,10.75,13.0,2001-04-24,67.90102,19.75,15.25,2000-05-11,65765.0,67.90102,19.75,15.25,2000-05-11,65765.0
23,Meghalaya,2,D,SSB,N,ESM,3,1,1,1,0,1,0,0,232DN3,,,,,,,,,,,,,,
23,Meghalaya,2,D,SSB,N,UR,9,3,3,3,3,0,0,0,232DN9,50.39237,22.0,8.25,2002-12-27,82.19945,31.0,10.75,2003-03-05,53794.0,82.19945,31.0,10.75,2003-03-05,53794.0
23,Meghalaya,2,E,ITBP,G,EWS,0,1,1,1,0,1,0,0,232EG0,,,,,,,,,,,,,,
23,Meghalaya,2,E,ITBP,G,ST,2,3,3,3,3,0,0,0,232EG2,45.96425,11.0,8.5,2000-10-28,56.82084,18.25,13.0,2000-08-01,70476.0,56.82084,18.25,13.0,2000-08-01,70476.0
23,Meghalaya,2,E,ITBP,G,ESM,3,1,1,1,0,1,0,0,232EG3,,,,,,,,,,,,,,
23,Meghalaya,2,E,ITBP,G,UR,9,3,3,3,3,0,0,0,232EG9,48.09182,12.0,15.25,2003-10-06,64.52698,19.75,8.5,2005-03-12,67746.0,64.52698,19.75,8.5,2005-03-12,67746.0
23,Meghalaya,2,E,ITBP,N,EWS,0,2,2,2,0,2,0,0,232EN0,52.88752,6.5,9.0,2005-02-02,,,,,,,,,,
23,Meghalaya,2,E,ITBP,N,ST,2,9,9,9,9,0,0,0,232EN2,47.98024,10.75,13.0,2001-04-24,59.10899,17.0,16.25,2003-04-24,69873.0,59.10899,17.0,16.25,2003-04-24,69873.0
23,Meghalaya,2,E,ITBP,N,ESM,3,2,2,2,0,2,0,0,232EN3,,,,,,,,,,,,,,
23,Meghalaya,2,E,ITBP,N,OBC,6,1,1,1,0,1,0,0,232EN6,47.62521,13.5,6.5,2001-08-17,,,,,,,,,,
23,Meghalaya,2,E,ITBP,N,UR,9,9,9,9,9,0,0,0,232EN9,50.39237,22.0,8.25,2002-12-27,65.93952,20.75,12.25,2002-12-31,66981.0,65.93952,20.75,12.25,2002-12-31,66981.0
23,Meghalaya,2,F,AR,G,EWS,0,1,1,1,0,1,0,0,232FG0,,,,,,,,,,,,,,
23,Meghalaya,2,F,AR,G,SC,1,1,1,1,1,0,0,0,232FG1,50.19744,26.5,6.5,1999-05-02,67.37923,26.5,13.0,2002-07-04,66059.0,67.37923,26.5,13.0,2002-07-04,66059.0
23,Meghalaya,2,F,AR,G,ST,2,1,1,1,1,0,0,0,232FG2,45.96425,11.0,8.5,2000-10-28,77.06343,22.75,10.0,1999-08-28,58717.0,77.06343,22.75,10.0,1999-08-28,58717.0
23,Meghalaya,2,F,AR,G,ESM,3,1,1,1,0,1,0,0,232FG3,,,,,,,,,,,,,,
23,Meghalaya,2,F,AR,G,OBC,6,1,1,1,1,0,0,0,232FG6,64.27701,6.5,10.75,2002-07-10,86.87828,26.5,8.5,2000-10-10,48840.0,86.87828,26.5,8.5,2000-10-10,48840.0
23,Meghalaya,2,F,AR,G,UR,9,2,2,2,2,0,0,0,232FG9,48.09182,12.0,15.25,2003-10-06,80.21772,33.75,4.75,2004-05-29,55729.0,80.21772,33.75,4.75,2004-05-29,55729.0
23,Meghalaya,2,F,AR,N,EWS,0,1,1,1,0,1,0,0,232FN0,52.88752,6.5,9.0,2005-02-02,,,,,,,,,,
23,Meghalaya,2,F,AR,N,ST,2,4,4,4,4,0,0,0,232FN2,47.98024,10.75,13.0,2001-04-24,80.14197,31.75,6.75,2004-01-09,55802.0,80.14197,31.75,6.75,2004-01-09,55802.0
23,Meghalaya,2,F,AR,N,ESM,3,1,1,1,0,1,0,0,232FN3,,,,,,,,,,,,,,
23,Meghalaya,2,F,AR,N,UR,9,4,4,4,4,0,0,0,232FN9,50.39237,22.0,8.25,2002-12-27,83.3518,31.25,9.75,2002-03-15,52739.0,83.3518,31.25,9.75,2002-03-15,52739.0
24,Mizoram,1,A,BSF,B,ST,2,2,2,2,2,0,0,0,241AB2,43.13476,19.75,4.0,2000-06-03,49.16129,6.25,10.75,2006-06-04,72018.0,49.16129,6.25,10.75,2006-06-04,72018.0
24,Mizoram,1,A,BSF,B,UR,9,1,1,1,1,0,0,0,241AB9,49.16129,6.25,10.75,2006-06-04,50.93702,20.0,11.5,2002-02-16,71657.0,50.93702,20.0,11.5,2002-02-16,71657.0
24,Mizoram,1,A,BSF,G,ST,2,1,1,1,1,0,0,0,241AG2,48.25639,22.0,15.25,2001-01-05,48.26855,15.5,11.5,2004-07-25,72162.0,48.26855,15.5,11.5,2004-07-25,72162.0
24,Mizoram,1,A,BSF,G,UR,9,1,1,1,0,1,0,0,241AG9,,,,,,,,,,,,,,
24,Mizoram,1,A,BSF,N,EWS,0,1,1,1,0,1,0,0,241AN0,,,,,,,,,,,,,,
24,Mizoram,1,A,BSF,N,ST,2,3,3,3,3,0,0,0,241AN2,55.80355,24.75,4.0,2002-02-18,59.6541,15.25,13.25,2001-10-16,69702.0,59.6541,15.25,13.25,2001-10-16,69702.0
24,Mizoram,1,A,BSF,N,ESM,3,1,1,1,0,1,0,0,241AN3,,,,,,,,,,,,,,
24,Mizoram,1,A,BSF,N,UR,9,3,3,3,3,0,0,0,241AN9,54.41651,17.5,8.5,2004-02-13,54.41651,17.5,8.5,2004-02-13,70991.0,54.41651,17.5,8.5,2004-02-13,70991.0
24,Mizoram,1,B,CISF,B,ST,2,1,1,1,1,0,0,0,241BB2,43.13476,19.75,4.0,2000-06-03,59.81826,31.25,5.25,2001-05-18,69654.0,59.81826,31.25,5.25,2001-05-18,69654.0
24,Mizoram,1,B,CISF,B,UR,9,1,1,1,1,0,0,0,241BB9,49.16129,6.25,10.75,2006-06-04,50.07328,13.75,-0.5,2002-09-23,71845.0,50.07328,13.75,-0.5,2002-09-23,71845.0
24,Mizoram,1,B,CISF,G,UR,9,1,1,1,0,1,0,0,241BG9,,,,,,,,,,,,,,
24,Mizoram,1,B,CISF,N,EWS,0,1,1,1,0,1,0,0,241BN0,,,,,,,,,,,,,,
24,Mizoram,1,B,CISF,N,ST,2,2,2,2,2,0,0,0,241BN2,55.80355,24.75,4.0,2002-02-18,63.47969,40.0,2.25,1999-05-14,68311.0,63.47969,40.0,2.25,1999-05-14,68311.0
24,Mizoram,1,B,CISF,N,ESM,3,1,1,1,0,1,0,0,241BN3,,,,,,,,,,,,,,
24,Mizoram,1,B,CISF,N,UR,9,2,2,2,2,0,0,0,241BN9,54.41651,17.5,8.5,2004-02-13,61.0485,26.75,9.5,2005-01-27,69291.0,61.0485,26.75,9.5,2005-01-27,69291.0
24,Mizoram,1,C,CRPF,B,UR,9,1,1,1,0,1,0,0,241CB9,49.16129,6.25,10.75,2006-06-04,,,,,,,,,,
24,Mizoram,1,C,CRPF,N,ST,2,1,1,1,1,0,0,0,241CN2,55.80355,24.75,4.0,2002-02-18,58.50811,10.75,8.75,2003-03-28,70050.0,58.50811,10.75,8.75,2003-03-28,70050.0
24,Mizoram,1,C,CRPF,N,UR,9,1,1,1,1,0,0,0,241CN9,54.41651,17.5,8.5,2004-02-13,66.93365,23.75,14.5,2006-04-10,66332.0,66.93365,23.75,14.5,2006-04-10,66332.0
24,Mizoram,1,E,ITBP,N,ST,2,1,1,1,0,1,0,0,241EN2,55.80355,24.75,4.0,2002-02-18,,,,,,,,,,
24,Mizoram,1,E,ITBP,N,UR,9,1,1,1,1,0,0,0,241EN9,54.41651,17.5,8.5,2004-02-13,64.33593,17.5,15.5,2006-08-20,67868.0,64.33593,17.5,15.5,2006-08-20,67868.0
24,Mizoram,1,F,AR,B,EWS,0,1,1,1,0,1,0,0,241FB0,,,,,,,,,,,,,,
24,Mizoram,1,F,AR,B,SC,1,1,1,1,0,1,0,0,241FB1,,,,,,,,,,,,,,
24,Mizoram,1,F,AR,B,ST,2,3,3,3,3,0,0,0,241FB2,43.13476,19.75,4.0,2000-06-03,48.86168,8.5,15.25,1998-01-06,72068.0,48.86168,8.5,15.25,1998-01-06,72068.0
24,Mizoram,1,F,AR,B,ESM,3,1,1,1,0,1,0,0,241FB3,,,,,,,,,,,,,,
24,Mizoram,1,F,AR,B,OBC,6,3,3,3,0,3,0,0,241FB6,,,,,,,,,,,,,,
24,Mizoram,1,F,AR,B,UR,9,3,3,3,1,2,0,0,241FB9,49.16129,6.25,10.75,2006-06-04,89.94945,27.25,14.0,2002-01-06,45631.0,89.94945,27.25,14.0,2002-01-06,45631.0
24,Mizoram,2,A,BSF,B,EWS,0,3,3,3,0,3,0,0,242AB0,,,,,,,,,,,,,,
24,Mizoram,2,A,BSF,B,ST,2,10,10,10,10,0,0,0,242AB2,33.92444,15.25,9.0,1999-10-29,38.93299,1.75,10.75,2006-12-06,73222.0,38.93299,1.75,10.75,2006-12-06,73222.0
24,Mizoram,2,A,BSF,B,ESM,3,3,3,3,0,3,0,0,242AB3,,,,,,,,,,,,,,
24,Mizoram,2,A,BSF,B,OBC,6,2,2,2,0,2,0,0,242AB6,56.74626,13.0,8.5,2001-10-09,,,,,,,,,,
24,Mizoram,2,A,BSF,B,UR,9,10,10,10,3,7,0,0,242AB9,48.48287,25.25,10.0,2003-03-24,49.53302,28.75,4.5,2006-08-28,71941.0,49.53302,28.75,4.5,2006-08-28,71941.0
24,Mizoram,2,A,BSF,G,EWS,0,2,2,2,0,2,0,0,242AG0,,,,,,,,,,,,,,
24,Mizoram,2,A,BSF,G,ST,2,5,5,5,5,0,0,0,242AG2,38.73395,26.5,-0.25,2006-12-17,46.43259,8.75,6.25,2006-01-07,72478.0,46.43259,8.75,6.25,2006-01-07,72478.0
24,Mizoram,2,A,BSF,G,ESM,3,1,1,1,0,1,0,0,242AG3,,,,,,,,,,,,,,
24,Mizoram,2,A,BSF,G,UR,9,4,4,4,4,0,0,0,242AG9,48.09624,9.25,13.25,2005-01-01,48.91804,10.75,9.0,2005-01-28,72058.0,48.91804,10.75,9.0,2005-01-28,72058.0
24,Mizoram,2,A,BSF,N,EWS,0,4,4,4,0,4,0,0,242AN0,,,,,,,,,,,,,,
24,Mizoram,2,A,BSF,N,ST,2,17,17,17,17,0,0,0,242AN2,42.57264,14.25,8.25,2006-02-20,54.56324,10.75,17.5,2005-06-15,70955.0,54.56324,10.75,17.5,2005-06-15,70955.0
24,Mizoram,2,A,BSF,N,ESM,3,4,4,4,0,4,0,0,242AN3,,,,,,,,,,,,,,
24,Mizoram,2,A,BSF,N,OBC,6,2,2,2,1,1,0,0,242AN6,42.23408,17.0,4.75,2003-06-11,42.23408,17.0,4.75,2003-06-11,72964.0,42.23408,17.0,4.75,2003-06-11,72964.0
24,Mizoram,2,A,BSF,N,UR,9,16,16,16,16,0,0,0,242AN9,51.61193,10.75,10.75,2006-03-02,53.46329,6.0,15.5,2004-01-19,71147.0,53.46329,6.0,15.5,2004-01-19,71147.0
24,Mizoram,2,B,CISF,B,EWS,0,2,2,2,0,2,0,0,242BB0,,,,,,,,,,,,,,
24,Mizoram,2,B,CISF,B,ST,2,10,10,10,10,0,0,0,242BB2,33.92444,15.25,9.0,1999-10-29,39.93951,4.0,8.5,2004-03-20,73169.0,39.93951,4.0,8.5,2004-03-20,73169.0
24,Mizoram,2,B,CISF,B,ESM,3,2,2,2,0,2,0,0,242BB3,,,,,,,,,,,,,,
24,Mizoram,2,B,CISF,B,OBC,6,1,1,1,0,1,0,0,242BB6,56.74626,13.0,8.5,2001-10-09,,,,,,,,,,
24,Mizoram,2,B,CISF,B,UR,9,9,9,9,2,7,0,0,242BB9,48.48287,25.25,10.0,2003-03-24,51.06027,15.75,11.0,2003-03-10,71617.0,51.06027,15.75,11.0,2003-03-10,71617.0
24,Mizoram,2,B,CISF,G,EWS,0,1,1,1,0,1,0,0,242BG0,,,,,,,,,,,,,,
24,Mizoram,2,B,CISF,G,ST,2,6,6,6,6,0,0,0,242BG2,38.73395,26.5,-0.25,2006-12-17,40.24258,10.75,4.0,2000-08-15,73146.0,40.24258,10.75,4.0,2000-08-15,73146.0
24,Mizoram,2,B,CISF,G,ESM,3,1,1,1,0,1,0,0,242BG3,,,,,,,,,,,,,,
24,Mizoram,2,B,CISF,G,OBC,6,1,1,1,0,1,0,0,242BG6,69.34941,22.25,6.5,2001-01-05,,,,,,,,,,
24,Mizoram,2,B,CISF,G,UR,9,6,6,6,2,4,0,0,242BG9,48.09624,9.25,13.25,2005-01-01,48.42638,16.75,8.5,2006-05-25,72126.0,48.42638,16.75,8.5,2006-05-25,72126.0
24,Mizoram,2,B,CISF,N,EWS,0,4,4,4,0,4,0,0,242BN0,,,,,,,,,,,,,,
24,Mizoram,2,B,CISF,N,ST,2,20,20,20,20,0,0,0,242BN2,42.57264,14.25,8.25,2006-02-20,44.76888,8.5,8.5,2004-06-12,72709.0,44.76888,8.5,8.5,2004-06-12,72709.0
24,Mizoram,2,B,CISF,N,ESM,3,4,4,4,0,4,0,0,242BN3,,,,,,,,,,,,,,
24,Mizoram,2,B,CISF,N,OBC,6,2,2,2,2,0,0,0,242BN6,42.23408,17.0,4.75,2003-06-11,48.25676,8.5,10.75,2001-07-10,72164.0,48.25676,8.5,10.75,2001-07-10,72164.0
24,Mizoram,2,B,CISF,N,UR,9,18,18,18,17,1,0,0,242BN9,51.61193,10.75,10.75,2006-03-02,52.38023,13.0,10.75,2006-09-03,71368.0,52.38023,13.0,10.75,2006-09-03,71368.0
24,Mizoram,2,C,CRPF,B,EWS,0,2,2,2,0,2,0,0,242CB0,,,,,,,,,,,,,,
24,Mizoram,2,C,CRPF,B,ST,2,8,8,8,8,0,0,0,242CB2,33.92444,15.25,9.0,1999-10-29,38.73334,17.5,4.0,2004-11-24,73229.0,38.73334,17.5,4.0,2004-11-24,73229.0
24,Mizoram,2,C,CRPF,B,ESM,3,2,2,2,0,2,0,0,242CB3,,,,,,,,,,,,,,
24,Mizoram,2,C,CRPF,B,OBC,6,2,2,2,0,2,0,0,242CB6,56.74626,13.0,8.5,2001-10-09,,,,,,,,,,
24,Mizoram,2,C,CRPF,B,UR,9,7,7,7,0,7,0,0,242CB9,48.48287,25.25,10.0,2003-03-24,,,,,,,,,,
24,Mizoram,2,C,CRPF,G,EWS,0,1,1,1,0,1,0,0,242CG0,,,,,,,,,,,,,,
24,Mizoram,2,C,CRPF,G,ST,2,3,3,3,3,0,0,0,242CG2,38.73395,26.5,-0.25,2006-12-17,41.7846,6.75,6.25,2004-03-21,73008.0,41.7846,6.75,6.25,2004-03-21,73008.0
24,Mizoram,2,C,CRPF,G,ESM,3,1,1,1,0,1,0,0,242CG3,,,,,,,,,,,,,,
24,Mizoram,2,C,CRPF,G,OBC,6,1,1,1,0,1,0,0,242CG6,69.34941,22.25,6.5,2001-01-05,,,,,,,,,,
24,Mizoram,2,C,CRPF,G,UR,9,2,2,2,1,1,0,0,242CG9,48.09624,9.25,13.25,2005-01-01,51.01377,14.0,6.5,2002-07-29,71630.0,51.01377,14.0,6.5,2002-07-29,71630.0
24,Mizoram,2,C,CRPF,N,EWS,0,4,4,4,0,4,0,0,242CN0,,,,,,,,,,,,,,
24,Mizoram,2,C,CRPF,N,ST,2,18,18,18,18,0,0,0,242CN2,42.57264,14.25,8.25,2006-02-20,43.865,13.0,8.5,2001-11-18,72818.0,43.865,13.0,8.5,2001-11-18,72818.0
24,Mizoram,2,C,CRPF,N,ESM,3,4,4,4,0,4,0,0,242CN3,,,,,,,,,,,,,,
24,Mizoram,2,C,CRPF,N,OBC,6,2,2,2,0,2,0,0,242CN6,42.23408,17.0,4.75,2003-06-11,,,,,,,,,,
24,Mizoram,2,C,CRPF,N,UR,9,17,17,17,11,6,0,0,242CN9,51.61193,10.75,10.75,2006-03-02,51.61193,14.0,9.25,2002-11-26,71511.0,51.61193,14.0,9.25,2002-11-26,71511.0
24,Mizoram,2,D,SSB,N,ST,2,1,1,1,1,0,0,0,242DN2,42.57264,14.25,8.25,2006-02-20,58.05251,33.25,8.75,2002-12-20,70170.0,58.05251,33.25,8.75,2002-12-20,70170.0
24,Mizoram,2,D,SSB,N,UR,9,1,1,1,1,0,0,0,242DN9,51.61193,10.75,10.75,2006-03-02,103.10337,37.75,10.75,2004-05-15,32528.0,103.10337,37.75,10.75,2004-05-15,32528.0
24,Mizoram,2,E,ITBP,G,ST,2,1,1,1,1,0,0,0,242EG2,38.73395,26.5,-0.25,2006-12-17,41.31762,10.75,6.25,2005-02-22,73061.0,41.31762,10.75,6.25,2005-02-22,73061.0
24,Mizoram,2,E,ITBP,G,UR,9,1,1,1,1,0,0,0,242EG9,48.09624,9.25,13.25,2005-01-01,71.3405,29.25,12.25,2002-12-20,63246.0,71.3405,29.25,12.25,2002-12-20,63246.0
24,Mizoram,2,E,ITBP,N,EWS,0,1,1,1,0,1,0,0,242EN0,,,,,,,,,,,,,,
24,Mizoram,2,E,ITBP,N,ST,2,4,4,4,4,0,0,0,242EN2,42.57264,14.25,8.25,2006-02-20,45.61476,3.5,3.25,2004-12-29,72607.0,45.61476,3.5,3.25,2004-12-29,72607.0
24,Mizoram,2,E,ITBP,N,ESM,3,1,1,1,0,1,0,0,242EN3,,,,,,,,,,,,,,
24,Mizoram,2,E,ITBP,N,UR,9,3,3,3,3,0,0,0,242EN9,51.61193,10.75,10.75,2006-03-02,75.29422,13.0,19.75,2004-10-01,60173.0,75.29422,13.0,19.75,2004-10-01,60173.0
24,Mizoram,2,F,AR,B,EWS,0,12,12,12,0,12,0,0,242FB0,,,,,,,,,,,,,,
24,Mizoram,2,F,AR,B,SC,1,7,7,7,0,7,0,0,242FB1,36.46878,22.5,0.75,2002-11-08,,,,,,,,,,
24,Mizoram,2,F,AR,B,ST,2,36,36,36,36,0,0,0,242FB2,33.92444,15.25,9.0,1999-10-29,41.22261,8.5,17.5,2001-05-08,73070.0,41.22261,8.5,17.5,2001-05-08,73070.0
24,Mizoram,2,F,AR,B,ESM,3,27,27,27,0,27,0,0,242FB3,,,,,,,,,,,,,,
24,Mizoram,2,F,AR,B,OBC,6,37,37,37,1,36,0,0,242FB6,56.74626,13.0,8.5,2001-10-09,117.14094,37.75,7.0,2001-03-01,21459.0,117.14094,37.75,7.0,2001-03-01,21459.0
24,Mizoram,2,F,AR,B,UR,9,177,177,177,25,152,0,0,242FB9,48.48287,25.25,10.0,2003-03-24,49.57902,18.75,-0.75,2003-04-21,71935.0,49.57902,18.75,-0.75,2003-04-21,71935.0
24,Mizoram,2,F,AR,G,OBC,6,1,1,1,1,0,0,0,242FG6,69.34941,22.25,6.5,2001-01-05,69.34941,22.25,6.5,2001-01-05,64692.0,69.34941,22.25,6.5,2001-01-05,64692.0
24,Mizoram,2,F,AR,N,ST,2,2,2,2,2,0,0,0,242FN2,42.57264,14.25,8.25,2006-02-20,73.98859,24.25,10.75,1998-06-12,61210.0,73.98859,24.25,10.75,1998-06-12,61210.0
24,Mizoram,2,F,AR,N,UR,9,1,1,1,1,0,0,0,242FN9,51.61193,10.75,10.75,2006-03-02,104.78434,36.0,8.75,2002-07-01,30997.0,104.78434,36.0,8.75,2002-07-01,30997.0
25,Nagaland,1,A,BSF,G,ST,2,2,2,2,2,0,0,0,251AG2,54.28075,17.25,11.25,1999-01-27,65.86487,18.5,8.5,2000-02-16,67057.0,65.86487,18.5,8.5,2000-02-16,67057.0
25,Nagaland,1,A,BSF,G,UR,9,2,2,2,0,2,0,0,251AG9,,,,,,,,,,,,,,
25,Nagaland,1,A,BSF,N,EWS,0,1,1,1,0,1,0,0,251AN0,,,,,,,,,,,,,,
25,Nagaland,1,A,BSF,N,ST,2,6,6,6,6,0,0,0,251AN2,55.06653,22.75,4.5,2000-07-10,67.9571,13.0,15.25,2002-12-06,65729.0,67.9571,13.0,15.25,2002-12-06,65729.0
25,Nagaland,1,A,BSF,N,ESM,3,1,1,1,0,1,0,0,251AN3,,,,,,,,,,,,,,
25,Nagaland,1,A,BSF,N,UR,9,5,5,5,5,0,0,0,251AN9,50.88468,4.0,15.25,2004-04-22,66.04725,17.5,17.5,2004-05-06,66912.0,66.04725,17.5,17.5,2004-05-06,66912.0
25,Nagaland,1,B,CISF,B,ST,2,1,1,1,1,0,0,0,251BB2,49.70763,4.0,10.75,2004-06-20,64.65394,7.75,8.75,1997-11-25,67695.0,64.65394,7.75,8.75,1997-11-25,67695.0
25,Nagaland,1,B,CISF,B,UR,9,1,1,1,1,0,0,0,251BB9,50.25536,9.75,11.0,2003-02-12,55.2535,13.0,6.25,2005-11-18,70791.0,55.2535,13.0,6.25,2005-11-18,70791.0
25,Nagaland,1,B,CISF,G,UR,9,1,1,1,0,1,0,0,251BG9,,,,,,,,,,,,,,
25,Nagaland,1,B,CISF,N,EWS,0,1,1,1,0,1,0,0,251BN0,,,,,,,,,,,,,,
25,Nagaland,1,B,CISF,N,ST,2,4,4,4,4,0,0,0,251BN2,55.06653,22.75,4.5,2000-07-10,67.30058,14.5,11.75,1997-11-22,66110.0,67.30058,14.5,11.75,1997-11-22,66110.0
25,Nagaland,1,B,CISF,N,ESM,3,1,1,1,0,1,0,0,251BN3,,,,,,,,,,,,,,
25,Nagaland,1,B,CISF,N,UR,9,4,4,4,4,0,0,0,251BN9,50.88468,4.0,15.25,2004-04-22,65.20752,37.75,8.5,2003-11-02,67405.0,65.20752,37.75,8.5,2003-11-02,67405.0
25,Nagaland,1,C,CRPF,G,UR,9,1,1,1,0,1,0,0,251CG9,,,,,,,,,,,,,,
25,Nagaland,1,C,CRPF,N,ST,2,1,1,1,1,0,0,0,251CN2,55.06653,22.75,4.5,2000-07-10,83.44134,25.0,10.0,1997-08-10,52646.0,83.44134,25.0,10.0,1997-08-10,52646.0
25,Nagaland,1,C,CRPF,N,UR,9,2,2,2,2,0,0,0,251CN9,50.88468,4.0,15.25,2004-04-22,67.31232,17.0,8.5,2002-04-07,66106.0,67.31232,17.0,8.5,2002-04-07,66106.0
25,Nagaland,1,E,ITBP,N,ST,2,1,1,1,1,0,0,0,251EN2,55.06653,22.75,4.5,2000-07-10,83.22747,25.25,13.75,1999-09-29,52828.0,83.22747,25.25,13.75,1999-09-29,52828.0
25,Nagaland,1,E,ITBP,N,UR,9,1,1,1,1,0,0,0,251EN9,50.88468,4.0,15.25,2004-04-22,71.31645,37.75,4.75,2005-04-03,63259.0,71.31645,37.75,4.75,2005-04-03,63259.0
25,Nagaland,1,F,AR,B,EWS,0,1,1,1,0,1,0,0,251FB0,,,,,,,,,,,,,,
25,Nagaland,1,F,AR,B,SC,1,1,1,1,0,1,0,0,251FB1,,,,,,,,,,,,,,
25,Nagaland,1,F,AR,B,ST,2,4,4,4,4,0,0,0,251FB2,49.70763,4.0,10.75,2004-06-20,69.12105,17.5,17.5,2001-08-02,64878.0,69.12105,17.5,17.5,2001-08-02,64878.0
25,Nagaland,1,F,AR,B,ESM,3,1,1,1,0,1,0,0,251FB3,,,,,,,,,,,,,,
25,Nagaland,1,F,AR,B,UR,9,5,5,5,5,0,0,0,251FB9,50.25536,9.75,11.0,2003-02-12,56.26114,3.25,16.0,2003-10-19,70602.0,56.26114,3.25,16.0,2003-10-19,70602.0
25,Nagaland,1,F,AR,N,ST,2,1,1,1,1,0,0,0,251FN2,55.06653,22.75,4.5,2000-07-10,100.14976,33.25,13.0,2002-07-26,35231.0,100.14976,33.25,13.0,2002-07-26,35231.0
25,Nagaland,2,A,BSF,G,EWS,0,2,2,2,0,2,0,0,252AG0,,,,,,,,,,,,,,
25,Nagaland,2,A,BSF,G,ST,2,10,10,10,10,0,0,0,252AG2,47.7582,20.25,6.75,2006-06-06,60.71787,11.5,14.25,1999-02-15,69394.0,60.71787,11.5,14.25,1999-02-15,69394.0
25,Nagaland,2,A,BSF,G,ESM,3,2,2,2,0,2,0,0,252AG3,,,,,,,,,,,,,,
25,Nagaland,2,A,BSF,G,UR,9,9,9,9,9,0,0,0,252AG9,48.4873,8.5,10.75,2005-11-09,59.51954,9.5,6.25,2003-09-16,69741.0,59.51954,9.5,6.25,2003-09-16,69741.0
25,Nagaland,2,A,BSF,N,EWS,0,7,7,7,0,7,0,0,252AN0,55.80613,17.75,4.5,2003-07-12,,,,,,,,,,
25,Nagaland,2,A,BSF,N,ST,2,32,32,32,32,0,0,0,252AN2,50.35182,24.75,11.0,1997-02-23,63.94111,17.5,8.5,2004-04-29,68064.0,63.94111,17.5,8.5,2004-04-29,68064.0
25,Nagaland,2,A,BSF,N,ESM,3,7,7,7,0,7,0,0,252AN3,,,,,,,,,,,,,,
25,Nagaland,2,A,BSF,N,UR,9,32,32,32,32,0,0,0,252AN9,52.88305,33.5,10.75,2002-09-15,64.03986,19.75,10.75,2006-07-03,68011.0,64.03986,19.75,10.75,2006-07-03,68011.0
25,Nagaland,2,B,CISF,B,EWS,0,2,2,2,0,2,0,0,252BB0,,,,,,,,,,,,,,
25,Nagaland,2,B,CISF,B,ST,2,9,9,9,9,0,0,0,252BB2,45.92473,20.75,8.5,2006-04-04,50.3588,22.25,13.0,1998-04-25,71772.0,50.3588,22.25,13.0,1998-04-25,71772.0
25,Nagaland,2,B,CISF,B,ESM,3,2,2,2,0,2,0,0,252BB3,,,,,,,,,,,,,,
25,Nagaland,2,B,CISF,B,UR,9,9,9,9,0,9,0,0,252BB9,48.01669,11.75,1.0,2003-03-27,,,,,,,,,,
25,Nagaland,2,B,CISF,G,EWS,0,1,1,1,0,1,0,0,252BG0,,,,,,,,,,,,,,
25,Nagaland,2,B,CISF,G,ST,2,10,10,10,10,0,0,0,252BG2,47.7582,20.25,6.75,2006-06-06,51.54549,15.0,6.5,2002-03-01,71524.0,51.54549,15.0,6.5,2002-03-01,71524.0
25,Nagaland,2,B,CISF,G,ESM,3,2,2,2,0,2,0,0,252BG3,,,,,,,,,,,,,,
25,Nagaland,2,B,CISF,G,UR,9,9,9,9,9,0,0,0,252BG9,48.4873,8.5,10.75,2005-11-09,49.43723,10.75,1.75,2003-05-04,71958.0,49.43723,10.75,1.75,2003-05-04,71958.0
25,Nagaland,2,B,CISF,N,EWS,0,8,8,8,0,8,0,0,252BN0,55.80613,17.75,4.5,2003-07-12,,,,,,,,,,
25,Nagaland,2,B,CISF,N,ST,2,36,36,36,36,0,0,0,252BN2,50.35182,24.75,11.0,1997-02-23,57.16196,19.75,11.0,2002-04-20,70385.0,57.16196,19.75,11.0,2002-04-20,70385.0
25,Nagaland,2,B,CISF,N,ESM,3,8,8,8,0,8,0,0,252BN3,,,,,,,,,,,,,,
25,Nagaland,2,B,CISF,N,UR,9,35,35,35,31,4,0,0,252BN9,52.88305,33.5,10.75,2002-09-15,52.88305,33.5,10.75,2002-09-15,71248.0,52.88305,33.5,10.75,2002-09-15,71248.0
25,Nagaland,2,C,CRPF,B,EWS,0,2,2,2,0,2,0,0,252CB0,,,,,,,,,,,,,,
25,Nagaland,2,C,CRPF,B,ST,2,7,7,7,7,0,0,0,252CB2,45.92473,20.75,8.5,2006-04-04,50.89343,13.75,8.5,2003-09-15,71667.0,50.89343,13.75,8.5,2003-09-15,71667.0
25,Nagaland,2,C,CRPF,B,ESM,3,2,2,2,0,2,0,0,252CB3,,,,,,,,,,,,,,
25,Nagaland,2,C,CRPF,B,UR,9,7,7,7,4,3,0,0,252CB9,48.01669,11.75,1.0,2003-03-27,49.19044,1.75,9.5,2004-09-14,72012.0,49.19044,1.75,9.5,2004-09-14,72012.0
25,Nagaland,2,C,CRPF,G,EWS,0,1,1,1,0,1,0,0,252CG0,,,,,,,,,,,,,,
25,Nagaland,2,C,CRPF,G,ST,2,5,5,5,5,0,0,0,252CG2,47.7582,20.25,6.75,2006-06-06,52.38023,13.0,13.0,2001-05-11,71367.0,52.38023,13.0,13.0,2001-05-11,71367.0
25,Nagaland,2,C,CRPF,G,ESM,3,1,1,1,0,1,0,0,252CG3,,,,,,,,,,,,,,
25,Nagaland,2,C,CRPF,G,UR,9,5,5,5,5,0,0,0,252CG9,48.4873,8.5,10.75,2005-11-09,50.20772,15.25,10.75,2003-08-12,71803.0,50.20772,15.25,10.75,2003-08-12,71803.0
25,Nagaland,2,C,CRPF,N,EWS,0,7,7,7,0,7,0,0,252CN0,55.80613,17.75,4.5,2003-07-12,,,,,,,,,,
25,Nagaland,2,C,CRPF,N,ST,2,33,33,33,33,0,0,0,252CN2,50.35182,24.75,11.0,1997-02-23,57.83797,15.25,3.25,1997-10-31,70235.0,57.83797,15.25,3.25,1997-10-31,70235.0
25,Nagaland,2,C,CRPF,N,ESM,3,7,7,7,0,7,0,0,252CN3,,,,,,,,,,,,,,
25,Nagaland,2,C,CRPF,N,UR,9,33,33,33,30,3,0,0,252CN9,52.88305,33.5,10.75,2002-09-15,53.9472,19.75,6.75,2003-10-11,71079.0,53.9472,19.75,6.75,2003-10-11,71079.0
25,Nagaland,2,D,SSB,G,ST,2,1,1,1,1,0,0,0,252DG2,47.7582,20.25,6.75,2006-06-06,67.18873,26.5,10.25,2000-06-14,66150.0,67.18873,26.5,10.25,2000-06-14,66150.0
25,Nagaland,2,D,SSB,G,OBC,6,1,1,1,0,1,0,0,252DG6,,,,,,,,,,,,,,
25,Nagaland,2,D,SSB,G,UR,9,2,2,2,2,0,0,0,252DG9,48.4873,8.5,10.75,2005-11-09,92.21323,31.75,14.5,2003-02-10,43211.0,92.21323,31.75,14.5,2003-02-10,43211.0
25,Nagaland,2,D,SSB,N,ST,2,2,2,2,2,0,0,0,252DN2,50.35182,24.75,11.0,1997-02-23,75.49946,27.25,9.5,1999-06-09,59993.0,75.49946,27.25,9.5,1999-06-09,59993.0
25,Nagaland,2,D,SSB,N,UR,9,2,2,2,2,0,0,0,252DN9,52.88305,33.5,10.75,2002-09-15,108.9293,38.0,10.75,2004-08-03,27395.0,108.9293,38.0,10.75,2004-08-03,27395.0
25,Nagaland,2,E,ITBP,G,ST,2,1,1,1,1,0,0,0,252EG2,47.7582,20.25,6.75,2006-06-06,51.10367,11.0,6.25,2003-04-23,71614.0,51.10367,11.0,6.25,2003-04-23,71614.0
25,Nagaland,2,E,ITBP,G,UR,9,1,1,1,1,0,0,0,252EG9,48.4873,8.5,10.75,2005-11-09,78.04438,31.25,10.75,2002-04-21,57862.0,78.04438,31.25,10.75,2002-04-21,57862.0
25,Nagaland,2,E,ITBP,N,EWS,0,1,1,1,0,1,0,0,252EN0,55.80613,17.75,4.5,2003-07-12,,,,,,,,,,
25,Nagaland,2,E,ITBP,N,ST,2,6,6,6,6,0,0,0,252EN2,50.35182,24.75,11.0,1997-02-23,51.67443,17.25,11.0,2003-12-24,71503.0,51.67443,17.25,11.0,2003-12-24,71503.0
25,Nagaland,2,E,ITBP,N,ESM,3,1,1,1,0,1,0,0,252EN3,,,,,,,,,,,,,,
25,Nagaland,2,E,ITBP,N,UR,9,7,7,7,7,0,0,0,252EN9,52.88305,33.5,10.75,2002-09-15,78.74899,24.5,2.75,2003-07-02,57177.0,78.74899,24.5,2.75,2003-07-02,57177.0
25,Nagaland,2,F,AR,B,EWS,0,15,15,15,0,15,0,0,252FB0,,,,,,,,,,,,,,
25,Nagaland,2,F,AR,B,SC,1,10,10,10,0,10,0,0,252FB1,75.6307,31.0,6.25,2001-10-29,,,,,,,,,,
25,Nagaland,2,F,AR,B,ST,2,46,46,46,46,0,0,0,252FB2,45.92473,20.75,8.5,2006-04-04,52.10621,13.0,6.5,1998-06-14,71415.0,52.10621,13.0,6.5,1998-06-14,71415.0
25,Nagaland,2,F,AR,B,ESM,3,36,36,36,0,36,0,0,252FB3,,,,,,,,,,,,,,
25,Nagaland,2,F,AR,B,OBC,6,17,17,17,0,17,0,0,252FB6,,,,,,,,,,,,,,
25,Nagaland,2,F,AR,B,UR,9,269,269,269,32,237,0,0,252FB9,48.01669,11.75,1.0,2003-03-27,48.01669,11.75,1.0,2003-03-27,72208.0,48.01669,11.75,1.0,2003-03-27,72208.0
25,Nagaland,2,F,AR,G,UR,9,2,2,2,2,0,0,0,252FG9,48.4873,8.5,10.75,2005-11-09,82.45291,17.0,10.75,2002-01-28,53598.0,82.45291,17.0,10.75,2002-01-28,53598.0
25,Nagaland,2,F,AR,N,ST,2,3,3,3,3,0,0,0,252FN2,50.35182,24.75,11.0,1997-02-23,85.30085,33.5,7.5,1999-01-11,50610.0,85.30085,33.5,7.5,1999-01-11,50610.0
25,Nagaland,2,F,AR,N,ESM,3,1,1,1,0,1,0,0,252FN3,,,,,,,,,,,,,,
25,Nagaland,2,F,AR,N,UR,9,3,3,3,3,0,0,0,252FN9,52.88305,33.5,10.75,2002-09-15,94.3254,29.5,22.25,2002-09-10,40988.0,94.3254,29.5,22.25,2002-09-10,40988.0
26,Odisha ,1,A,BSF,G,EWS,0,4,4,4,4,0,0,0,261AG0,76.08929,31.0,12.75,2004-07-03,91.63835,35.75,6.5,2004-03-04,43764.0,91.63835,35.75,6.5,2004-03-04,43764.0
26,Odisha ,1,A,BSF,G,SC,1,7,7,7,7,0,0,0,261AG1,76.86888,31.0,10.75,2003-10-28,86.93074,35.5,11.25,2000-10-28,48789.0,86.93074,35.5,11.25,2000-10-28,48789.0
26,Odisha ,1,A,BSF,G,ST,2,9,9,9,9,0,0,0,261AG2,83.48661,35.75,11.25,2001-03-10,90.26876,33.25,8.0,1999-02-18,45176.0,90.26876,33.25,8.0,1999-02-18,45176.0
26,Odisha ,1,A,BSF,G,ESM,3,4,4,4,0,4,0,0,261AG3,,,,,,,,,,,,,,
26,Odisha ,1,A,BSF,G,OBC,6,5,5,5,5,0,0,0,261AG6,94.23448,35.75,8.5,1999-05-05,102.32803,29.0,6.75,2000-06-08,33193.0,102.32803,29.0,6.75,2000-06-08,33193.0
26,Odisha ,1,A,BSF,G,UR,9,16,16,16,16,0,0,0,261AG9,90.88037,36.0,6.0,2002-01-17,99.1463,29.25,22.0,2003-03-13,36151.0,99.1463,29.25,22.0,2003-03-13,36151.0
26,Odisha ,1,A,BSF,N,EWS,0,6,6,6,0,6,0,0,261AN0,,,,,,,,,,,,,,
26,Odisha ,1,A,BSF,N,SC,1,10,10,10,10,0,0,0,261AN1,37.2997,9.0,1.5,2003-08-02,46.94675,19.75,8.5,2003-12-10,72390.0,46.94675,19.75,8.5,2003-12-10,72390.0
26,Odisha ,1,A,BSF,N,ST,2,12,12,12,12,0,0,0,261AN2,50.78746,29.0,0.0,2005-08-10,64.70408,31.0,3.25,1999-07-09,67652.0,64.70408,31.0,3.25,1999-07-09,67652.0
26,Odisha ,1,A,BSF,N,ESM,3,6,6,6,0,6,0,0,261AN3,,,,,,,,,,,,,,
26,Odisha ,1,A,BSF,N,OBC,6,7,7,7,7,0,0,0,261AN6,44.1349,24.75,1.75,2005-03-18,62.18449,22.0,11.25,2001-04-04,68846.0,62.18449,22.0,11.25,2001-04-04,68846.0
26,Odisha ,1,A,BSF,N,UR,9,22,22,22,22,0,0,0,261AN9,48.25676,14.5,6.75,2003-09-29,58.30078,20.5,6.25,2004-12-24,70103.0,58.30078,20.5,6.25,2004-12-24,70103.0
26,Odisha ,1,B,CISF,G,EWS,0,3,3,3,3,0,0,0,261BG0,76.08929,31.0,12.75,2004-07-03,103.19357,35.5,5.0,2006-04-10,32431.0,103.19357,35.5,5.0,2006-04-10,32431.0
26,Odisha ,1,B,CISF,G,SC,1,5,5,5,5,0,0,0,261BG1,76.86888,31.0,10.75,2003-10-28,93.9839,33.5,14.0,1999-12-15,41302.0,93.9839,33.5,14.0,1999-12-15,41302.0
26,Odisha ,1,B,CISF,G,ST,2,6,6,6,6,0,0,0,261BG2,83.48661,35.75,11.25,2001-03-10,94.4402,29.5,14.75,2000-04-12,40850.0,94.4402,29.5,14.75,2000-04-12,40850.0
26,Odisha ,1,B,CISF,G,ESM,3,3,3,3,0,3,0,0,261BG3,,,,,,,,,,,,,,
26,Odisha ,1,B,CISF,G,OBC,6,3,3,3,3,0,0,0,261BG6,94.23448,35.75,8.5,1999-05-05,111.02254,38.0,12.75,2000-01-21,25729.0,111.02254,38.0,12.75,2000-01-21,25729.0
26,Odisha ,1,B,CISF,G,UR,9,11,11,11,11,0,0,0,261BG9,90.88037,36.0,6.0,2002-01-17,112.35002,37.75,8.25,2002-11-15,24865.0,112.35002,37.75,8.25,2002-11-15,24865.0
26,Odisha ,1,B,CISF,N,EWS,0,4,4,4,0,4,0,0,261BN0,,,,,,,,,,,,,,
26,Odisha ,1,B,CISF,N,SC,1,5,5,5,5,0,0,0,261BN1,37.2997,9.0,1.5,2003-08-02,66.37196,20.25,10.75,2001-04-27,66696.0,66.37196,20.25,10.75,2001-04-27,66696.0
26,Odisha ,1,B,CISF,N,ST,2,7,7,7,7,0,0,0,261BN2,50.78746,29.0,0.0,2005-08-10,73.75912,36.0,1.75,2003-01-20,61382.0,73.75912,36.0,1.75,2003-01-20,61382.0
26,Odisha ,1,B,CISF,N,ESM,3,3,3,3,0,3,0,0,261BN3,,,,,,,,,,,,,,
26,Odisha ,1,B,CISF,N,OBC,6,4,4,4,4,0,0,0,261BN6,44.1349,24.75,1.75,2005-03-18,79.96339,28.75,10.75,2000-07-31,55952.0,79.96339,28.75,10.75,2000-07-31,55952.0
4,Assam,2,B,CISF,B,ESM,3,21,21,21,0,21,0,0,42BB3,,,,,,,,,,,,,,
26,Odisha ,1,B,CISF,N,UR,9,13,13,13,13,0,0,0,261BN9,48.25676,14.5,6.75,2003-09-29,74.1873,23.25,17.0,2002-09-14,61041.0,74.1873,23.25,17.0,2002-09-14,61041.0
26,Odisha ,1,C,CRPF,G,EWS,0,1,1,1,1,0,0,0,261CG0,76.08929,31.0,12.75,2004-07-03,104.399,35.75,16.75,2002-10-16,31310.0,104.399,35.75,16.75,2002-10-16,31310.0
26,Odisha ,1,C,CRPF,G,SC,1,2,2,2,2,0,0,0,261CG1,76.86888,31.0,10.75,2003-10-28,91.59181,31.5,3.5,2004-04-04,43820.0,91.59181,31.5,3.5,2004-04-04,43820.0
26,Odisha ,1,C,CRPF,G,ST,2,2,2,2,2,0,0,0,261CG2,83.48661,35.75,11.25,2001-03-10,90.9547,36.0,4.75,2001-04-16,44548.0,90.9547,36.0,4.75,2001-04-16,44548.0
26,Odisha ,1,C,CRPF,G,ESM,3,1,1,1,0,1,0,0,261CG3,,,,,,,,,,,,,,
26,Odisha ,1,C,CRPF,G,OBC,6,1,1,1,1,0,0,0,261CG6,94.23448,35.75,8.5,1999-05-05,108.0381,33.75,15.25,2000-01-12,28125.0,108.0381,33.75,15.25,2000-01-12,28125.0
26,Odisha ,1,C,CRPF,G,UR,9,4,4,4,4,0,0,0,261CG9,90.88037,36.0,6.0,2002-01-17,105.02821,33.75,8.75,2004-03-10,30840.0,105.02821,33.75,8.75,2004-03-10,30840.0
26,Odisha ,1,C,CRPF,N,EWS,0,1,1,1,0,1,0,0,261CN0,,,,,,,,,,,,,,
26,Odisha ,1,C,CRPF,N,SC,1,2,2,2,2,0,0,0,261CN1,37.2997,9.0,1.5,2003-08-02,69.21067,26.75,4.75,2000-02-22,64788.0,69.21067,26.75,4.75,2000-02-22,64788.0
26,Odisha ,1,C,CRPF,N,ST,2,2,2,2,2,0,0,0,261CN2,50.78746,29.0,0.0,2005-08-10,62.50282,25.0,11.0,1999-03-15,68706.0,62.50282,25.0,11.0,1999-03-15,68706.0
26,Odisha ,1,C,CRPF,N,ESM,3,1,1,1,0,1,0,0,261CN3,,,,,,,,,,,,,,
26,Odisha ,1,C,CRPF,N,OBC,6,1,1,1,1,0,0,0,261CN6,44.1349,24.75,1.75,2005-03-18,77.24811,24.75,7.0,1999-07-07,58606.0,77.24811,24.75,7.0,1999-07-07,58606.0
26,Odisha ,1,C,CRPF,N,UR,9,5,5,5,5,0,0,0,261CN9,48.25676,14.5,6.75,2003-09-29,59.61764,26.75,6.0,2004-03-16,69709.0,59.61764,26.75,6.0,2004-03-16,69709.0
26,Odisha ,1,E,ITBP,G,EWS,0,1,1,1,1,0,0,0,261EG0,76.08929,31.0,12.75,2004-07-03,102.73642,36.0,11.5,2002-11-22,32896.0,102.73642,36.0,11.5,2002-11-22,32896.0
26,Odisha ,1,E,ITBP,G,SC,1,1,1,1,1,0,0,0,261EG1,76.86888,31.0,10.75,2003-10-28,91.56462,35.75,20.0,2002-12-10,43857.0,91.56462,35.75,20.0,2002-12-10,43857.0
26,Odisha ,1,E,ITBP,G,ST,2,2,2,2,2,0,0,0,261EG2,83.48661,35.75,11.25,2001-03-10,89.73756,35.75,10.5,1997-06-12,45812.0,89.73756,35.75,10.5,1997-06-12,45812.0
26,Odisha ,1,E,ITBP,G,ESM,3,1,1,1,0,1,0,0,261EG3,,,,,,,,,,,,,,
26,Odisha ,1,E,ITBP,G,OBC,6,1,1,1,1,0,0,0,261EG6,94.23448,35.75,8.5,1999-05-05,107.66965,33.25,19.25,2001-12-25,28538.0,107.66965,33.25,19.25,2001-12-25,28538.0
26,Odisha ,1,E,ITBP,G,UR,9,3,3,3,3,0,0,0,261EG9,90.88037,36.0,6.0,2002-01-17,104.11375,23.0,10.5,2004-02-04,31525.0,104.11375,23.0,10.5,2004-02-04,31525.0
26,Odisha ,1,E,ITBP,N,EWS,0,1,1,1,0,1,0,0,261EN0,,,,,,,,,,,,,,
26,Odisha ,1,E,ITBP,N,SC,1,1,1,1,1,0,0,0,261EN1,37.2997,9.0,1.5,2003-08-02,59.31097,20.5,5.5,2001-11-02,69790.0,59.31097,20.5,5.5,2001-11-02,69790.0
26,Odisha ,1,E,ITBP,N,ST,2,2,2,2,2,0,0,0,261EN2,50.78746,29.0,0.0,2005-08-10,63.34502,21.0,6.5,2002-06-10,68357.0,63.34502,21.0,6.5,2002-06-10,68357.0
26,Odisha ,1,E,ITBP,N,ESM,3,1,1,1,0,1,0,0,261EN3,,,,,,,,,,,,,,
26,Odisha ,1,E,ITBP,N,OBC,6,1,1,1,1,0,0,0,261EN6,44.1349,24.75,1.75,2005-03-18,67.15304,22.25,17.0,2000-07-01,66165.0,67.15304,22.25,17.0,2000-07-01,66165.0
26,Odisha ,1,E,ITBP,N,UR,9,4,4,4,4,0,0,0,261EN9,48.25676,14.5,6.75,2003-09-29,56.86264,28.75,11.25,2004-10-19,70464.0,56.86264,28.75,11.25,2004-10-19,70464.0
26,Odisha ,1,F,AR,G,ST,2,1,1,1,1,0,0,0,261FG2,83.48661,35.75,11.25,2001-03-10,106.66643,35.75,15.5,1997-09-15,29278.0,106.66643,35.75,15.5,1997-09-15,29278.0
26,Odisha ,1,F,AR,G,UR,9,1,1,1,1,0,0,0,261FG9,90.88037,36.0,6.0,2002-01-17,109.16878,35.75,13.5,2003-08-09,27240.0,109.16878,35.75,13.5,2003-08-09,27240.0
26,Odisha ,1,F,AR,N,ST,2,1,1,1,1,0,0,0,261FN2,50.78746,29.0,0.0,2005-08-10,61.75262,26.75,12.25,2001-12-25,69009.0,61.75262,26.75,12.25,2001-12-25,69009.0
26,Odisha ,1,F,AR,N,UR,9,1,1,1,1,0,0,0,261FN9,48.25676,14.5,6.75,2003-09-29,74.12336,27.5,2.0,2005-08-22,61103.0,74.12336,27.5,2.0,2005-08-22,61103.0
26,Odisha ,2,A,BSF,G,EWS,0,23,23,23,23,0,0,0,262AG0,64.64776,22.5,11.0,2002-01-07,87.99198,26.75,6.0,2002-03-02,47620.0,87.99198,26.75,6.0,2002-03-02,47620.0
26,Odisha ,2,A,BSF,G,SC,1,37,37,36,36,0,1,1,262AG1,67.91975,28.75,4.0,2004-05-03,81.30715,33.5,13.0,2002-03-08,54716.0,81.30715,33.5,13.0,2002-03-08,54716.0
26,Odisha ,2,A,BSF,G,ST,2,51,51,51,51,0,0,0,262AG2,71.56188,17.5,13.0,2003-06-15,80.35166,29.25,4.25,2006-03-25,55619.0,80.35166,29.25,4.25,2006-03-25,55619.0
26,Odisha ,2,A,BSF,G,ESM,3,23,23,23,2,21,0,0,262AG3,63.74775,13.25,15.25,1985-11-27,63.74775,13.25,15.25,1985-11-27,68161.0,63.74775,13.25,15.25,1985-11-27,68161.0
26,Odisha ,2,A,BSF,G,OBC,6,28,28,28,28,0,0,0,262AG6,87.66249,31.0,15.5,1999-04-15,100.76312,29.75,15.0,1999-02-05,34662.0,100.76312,29.75,15.0,1999-02-05,34662.0
26,Odisha ,2,A,BSF,G,UR,9,92,92,91,91,0,1,1,262AG9,82.76094,35.5,13.0,2002-12-22,96.77781,35.5,8.5,2004-03-19,38440.0,96.77781,35.5,8.5,2004-03-19,38440.0
26,Odisha ,2,A,BSF,N,EWS,0,27,27,27,6,21,0,0,262AN0,41.71928,10.5,6.25,2002-01-10,41.71928,10.5,6.25,2002-01-10,73017.0,41.71928,10.5,6.25,2002-01-10,73017.0
26,Odisha ,2,A,BSF,N,SC,1,44,44,44,44,0,0,0,262AN1,32.54069,13.0,13.0,1997-02-28,37.27263,18.0,0.0,1998-03-15,73308.0,37.27263,18.0,0.0,1998-03-15,73308.0
26,Odisha ,2,A,BSF,N,ST,2,61,61,61,61,0,0,0,262AN2,49.75092,24.25,6.25,2002-06-19,63.42074,23.0,10.5,2002-09-10,68337.0,63.42074,23.0,10.5,2002-09-10,68337.0
26,Odisha ,2,A,BSF,N,ESM,3,28,28,28,0,28,0,0,262AN3,,,,,,,,,,,,,,
26,Odisha ,2,A,BSF,N,OBC,6,33,33,33,33,0,0,0,262AN6,42.05861,19.75,6.25,2002-03-07,66.23001,31.0,5.75,2001-07-15,66786.0,66.23001,31.0,5.75,2001-07-15,66786.0
26,Odisha ,2,A,BSF,N,UR,9,110,110,110,110,0,0,0,262AN9,48.07183,1.75,9.25,2004-05-08,56.77618,25.25,-0.25,2003-03-26,70485.0,56.77618,25.25,-0.25,2003-03-26,70485.0
26,Odisha ,2,B,CISF,G,EWS,0,26,26,26,26,0,0,0,262BG0,64.64776,22.5,11.0,2002-01-07,98.92592,34.0,10.75,2003-04-02,36353.0,98.92592,34.0,10.75,2003-04-02,36353.0
26,Odisha ,2,B,CISF,G,SC,1,41,41,41,41,0,0,0,262BG1,67.91975,28.75,4.0,2004-05-03,89.09481,36.0,5.25,2004-03-23,46509.0,89.09481,36.0,5.25,2004-03-23,46509.0
26,Odisha ,2,B,CISF,G,ST,2,56,56,56,56,0,0,0,262BG2,71.56188,17.5,13.0,2003-06-15,86.03834,31.75,11.75,1999-03-06,49802.0,86.03834,31.75,11.75,1999-03-06,49802.0
26,Odisha ,2,B,CISF,G,ESM,3,26,26,26,0,26,0,0,262BG3,63.74775,13.25,15.25,1985-11-27,,,,,,,,,,
26,Odisha ,2,B,CISF,G,OBC,6,31,31,31,31,0,0,0,262BG6,87.66249,31.0,15.5,1999-04-15,109.74628,33.75,10.25,2001-03-17,26806.0,109.74628,33.75,10.25,2001-03-17,26806.0
26,Odisha ,2,B,CISF,G,UR,9,102,102,102,102,0,0,0,262BG9,82.76094,35.5,13.0,2002-12-22,108.41088,36.0,16.5,2003-01-06,27788.0,108.41088,36.0,16.5,2003-01-06,27788.0
26,Odisha ,2,B,CISF,N,EWS,0,30,30,30,3,27,0,0,262BN0,41.71928,10.5,6.25,2002-01-10,58.52728,19.75,6.25,2006-07-30,70044.0,58.52728,19.75,6.25,2006-07-30,70044.0
26,Odisha ,2,B,CISF,N,SC,1,48,48,48,48,0,0,0,262BN1,32.54069,13.0,13.0,1997-02-28,53.59602,11.25,13.25,1997-03-12,71125.0,53.59602,11.25,13.25,1997-03-12,71125.0
26,Odisha ,2,B,CISF,N,ST,2,67,67,67,67,0,0,0,262BN2,49.75092,24.25,6.25,2002-06-19,74.97803,33.5,2.0,2001-04-13,60440.0,74.97803,33.5,2.0,2001-04-13,60440.0
26,Odisha ,2,B,CISF,N,ESM,3,30,30,30,0,30,0,0,262BN3,,,,,,,,,,,,,,
26,Odisha ,2,B,CISF,N,OBC,6,36,36,36,36,0,0,0,262BN6,42.05861,19.75,6.25,2002-03-07,83.64586,33.75,10.75,2001-04-12,52360.0,83.64586,33.75,10.75,2001-04-12,52360.0
26,Odisha ,2,B,CISF,N,UR,9,121,121,121,121,0,0,0,262BN9,48.07183,1.75,9.25,2004-05-08,70.2246,35.5,6.25,2004-09-01,64172.0,70.2246,35.5,6.25,2004-09-01,64172.0
26,Odisha ,2,C,CRPF,G,EWS,0,24,24,24,24,0,0,0,262CG0,64.64776,22.5,11.0,2002-01-07,89.49736,26.5,4.0,2002-03-15,46048.0,89.49736,26.5,4.0,2002-03-15,46048.0
26,Odisha ,2,C,CRPF,G,SC,1,38,38,38,38,0,0,0,262CG1,67.91975,28.75,4.0,2004-05-03,80.45757,29.0,11.0,2001-04-15,55495.0,80.45757,29.0,11.0,2001-04-15,55495.0
26,Odisha ,2,C,CRPF,G,ST,2,52,52,52,52,0,0,0,262CG2,71.56188,17.5,13.0,2003-06-15,79.63301,31.0,15.25,1997-05-03,56312.0,79.63301,31.0,15.25,1997-05-03,56312.0
26,Odisha ,2,C,CRPF,G,ESM,3,24,24,24,0,24,0,0,262CG3,63.74775,13.25,15.25,1985-11-27,,,,,,,,,,
26,Odisha ,2,C,CRPF,G,OBC,6,29,29,29,29,0,0,0,262CG6,87.66249,31.0,15.5,1999-04-15,99.19572,31.0,15.75,2000-03-08,36114.0,99.19572,31.0,15.75,2000-03-08,36114.0
26,Odisha ,2,C,CRPF,G,UR,9,95,95,95,95,0,0,0,262CG9,82.76094,35.5,13.0,2002-12-22,96.31363,31.0,8.5,2002-01-20,38955.0,96.31363,31.0,8.5,2002-01-20,38955.0
26,Odisha ,2,C,CRPF,N,EWS,0,27,27,27,1,26,0,0,262CN0,41.71928,10.5,6.25,2002-01-10,49.05421,6.25,10.75,2005-06-01,72032.0,49.05421,6.25,10.75,2005-06-01,72032.0
26,Odisha ,2,C,CRPF,N,SC,1,44,44,44,29,15,0,0,262CN1,32.54069,13.0,13.0,1997-02-28,32.54069,13.0,13.0,1997-02-28,73463.0,32.54069,13.0,13.0,1997-02-28,73463.0
26,Odisha ,2,C,CRPF,N,ST,2,60,60,60,60,0,0,0,262CN2,49.75092,24.25,6.25,2002-06-19,63.27049,25.25,11.75,2004-09-23,68429.0,63.27049,25.25,11.75,2004-09-23,68429.0
26,Odisha ,2,C,CRPF,N,ESM,3,27,27,27,0,27,0,0,262CN3,,,,,,,,,,,,,,
26,Odisha ,2,C,CRPF,N,OBC,6,33,33,33,33,0,0,0,262CN6,42.05861,19.75,6.25,2002-03-07,64.44328,33.5,5.5,2001-12-02,67794.0,64.44328,33.5,5.5,2001-12-02,67794.0
26,Odisha ,2,C,CRPF,N,UR,9,108,108,108,108,0,0,0,262CN9,48.07183,1.75,9.25,2004-05-08,50.66708,6.75,11.75,2002-08-28,71710.0,50.66708,6.75,11.75,2002-08-28,71710.0
26,Odisha ,2,D,SSB,G,EWS,0,1,1,1,1,0,0,0,262DG0,64.64776,22.5,11.0,2002-01-07,116.03652,33.5,16.25,2004-07-30,22146.0,116.03652,33.5,16.25,2004-07-30,22146.0
26,Odisha ,2,D,SSB,G,SC,1,2,2,2,2,0,0,0,262DG1,67.91975,28.75,4.0,2004-05-03,105.72698,33.75,15.75,2002-05-03,30124.0,105.72698,33.75,15.75,2002-05-03,30124.0
26,Odisha ,2,D,SSB,G,ST,2,3,3,3,3,0,0,0,262DG2,71.56188,17.5,13.0,2003-06-15,100.59229,29.5,19.75,2000-03-09,34810.0,100.59229,29.5,19.75,2000-03-09,34810.0
26,Odisha ,2,D,SSB,G,ESM,3,1,1,1,0,1,0,0,262DG3,63.74775,13.25,15.25,1985-11-27,,,,,,,,,,
26,Odisha ,2,D,SSB,G,OBC,6,2,2,2,2,0,0,0,262DG6,87.66249,31.0,15.5,1999-04-15,124.51781,40.0,19.75,1999-06-06,15694.0,124.51781,40.0,19.75,1999-06-06,15694.0
26,Odisha ,2,D,SSB,G,UR,9,6,6,6,6,0,0,0,262DG9,82.76094,35.5,13.0,2002-12-22,118.19789,35.75,15.25,2002-10-09,20649.0,118.19789,35.75,15.25,2002-10-09,20649.0
26,Odisha ,2,D,SSB,N,EWS,0,2,2,2,2,0,0,0,262DN0,41.71928,10.5,6.25,2002-01-10,69.24946,28.75,6.25,2002-03-09,64758.0,69.24946,28.75,6.25,2002-03-09,64758.0
26,Odisha ,2,D,SSB,N,SC,1,3,3,3,3,0,0,0,262DN1,32.54069,13.0,13.0,1997-02-28,79.95384,29.25,7.5,2003-05-25,55970.0,79.95384,29.25,7.5,2003-05-25,55970.0
26,Odisha ,2,D,SSB,N,ST,2,4,4,4,4,0,0,0,262DN2,49.75092,24.25,6.25,2002-06-19,82.68946,31.5,6.75,1998-05-01,53381.0,82.68946,31.5,6.75,1998-05-01,53381.0
26,Odisha ,2,D,SSB,N,ESM,3,2,2,2,0,2,0,0,262DN3,,,,,,,,,,,,,,
26,Odisha ,2,D,SSB,N,OBC,6,2,2,2,2,0,0,0,262DN6,42.05861,19.75,6.25,2002-03-07,95.60441,37.75,13.75,2005-07-28,39716.0,95.60441,37.75,13.75,2005-07-28,39716.0
26,Odisha ,2,D,SSB,N,UR,9,6,6,6,6,0,0,0,262DN9,48.07183,1.75,9.25,2004-05-08,96.9091,31.5,6.25,2003-02-05,38298.0,96.9091,31.5,6.25,2003-02-05,38298.0
26,Odisha ,2,E,ITBP,G,EWS,0,4,4,4,4,0,0,0,262EG0,64.64776,22.5,11.0,2002-01-07,95.22073,28.75,10.75,2004-06-10,40051.0,95.22073,28.75,10.75,2004-06-10,40051.0
26,Odisha ,2,E,ITBP,G,SC,1,7,7,7,7,0,0,0,262EG1,67.91975,28.75,4.0,2004-05-03,88.64154,31.0,17.5,2002-01-13,47019.0,88.64154,31.0,17.5,2002-01-13,47019.0
26,Odisha ,2,E,ITBP,G,ST,2,10,10,10,10,0,0,0,262EG2,71.56188,17.5,13.0,2003-06-15,85.30594,30.0,14.5,2002-11-30,50603.0,85.30594,30.0,14.5,2002-11-30,50603.0
26,Odisha ,2,E,ITBP,G,ESM,3,4,4,4,0,4,0,0,262EG3,63.74775,13.25,15.25,1985-11-27,,,,,,,,,,
26,Odisha ,2,E,ITBP,G,OBC,6,5,5,5,5,0,0,0,262EG6,87.66249,31.0,15.5,1999-04-15,112.08823,31.25,20.5,2001-02-20,25062.0,112.08823,31.25,20.5,2001-02-20,25062.0
26,Odisha ,2,E,ITBP,G,UR,9,18,18,18,18,0,0,0,262EG9,82.76094,35.5,13.0,2002-12-22,105.73009,24.75,14.5,2005-02-13,30123.0,105.73009,24.75,14.5,2005-02-13,30123.0
26,Odisha ,2,E,ITBP,N,EWS,0,5,5,5,5,0,0,0,262EN0,41.71928,10.5,6.25,2002-01-10,58.61884,28.75,4.0,2005-03-23,70016.0,58.61884,28.75,4.0,2005-03-23,70016.0
26,Odisha ,2,E,ITBP,N,SC,1,8,8,8,8,0,0,0,262EN1,32.54069,13.0,13.0,1997-02-28,56.50219,19.75,5.5,2004-09-26,70554.0,56.50219,19.75,5.5,2004-09-26,70554.0
26,Odisha ,2,E,ITBP,N,ST,2,12,12,12,12,0,0,0,262EN2,49.75092,24.25,6.25,2002-06-19,70.7704,24.5,7.5,2000-06-09,63747.0,70.7704,24.5,7.5,2000-06-09,63747.0
26,Odisha ,2,E,ITBP,N,ESM,3,5,5,5,0,5,0,0,262EN3,,,,,,,,,,,,,,
26,Odisha ,2,E,ITBP,N,OBC,6,6,6,6,6,0,0,0,262EN6,42.05861,19.75,6.25,2002-03-07,80.45844,31.5,7.0,1999-05-25,55494.0,80.45844,31.5,7.0,1999-05-25,55494.0
26,Odisha ,2,E,ITBP,N,UR,9,21,21,21,21,0,0,0,262EN9,48.07183,1.75,9.25,2004-05-08,76.42383,29.25,13.0,2002-02-26,59248.0,76.42383,29.25,13.0,2002-02-26,59248.0
26,Odisha ,2,F,AR,G,EWS,0,2,2,2,2,0,0,0,262FG0,64.64776,22.5,11.0,2002-01-07,107.28993,36.0,19.5,2003-03-27,28805.0,107.28993,36.0,19.5,2003-03-27,28805.0
26,Odisha ,2,F,AR,G,SC,1,3,3,3,3,0,0,0,262FG1,67.91975,28.75,4.0,2004-05-03,100.52581,37.75,19.75,2002-02-27,34889.0,100.52581,37.75,19.75,2002-02-27,34889.0
26,Odisha ,2,F,AR,G,ST,2,5,5,5,5,0,0,0,262FG2,71.56188,17.5,13.0,2003-06-15,95.79232,29.5,8.75,2006-02-16,39527.0,95.79232,29.5,8.75,2006-02-16,39527.0
26,Odisha ,2,F,AR,G,ESM,3,2,2,2,0,2,0,0,262FG3,63.74775,13.25,15.25,1985-11-27,,,,,,,,,,
26,Odisha ,2,F,AR,G,OBC,6,2,2,2,2,0,0,0,262FG6,87.66249,31.0,15.5,1999-04-15,123.20179,35.5,17.5,2001-03-10,16861.0,123.20179,35.5,17.5,2001-03-10,16861.0
26,Odisha ,2,F,AR,G,UR,9,8,8,8,8,0,0,0,262FG9,82.76094,35.5,13.0,2002-12-22,111.06538,31.0,16.5,2002-01-13,25714.0,111.06538,31.0,16.5,2002-01-13,25714.0
26,Odisha ,2,F,AR,N,EWS,0,2,2,2,2,0,0,0,262FN0,41.71928,10.5,6.25,2002-01-10,73.31654,22.0,10.75,2005-01-22,61751.0,73.31654,22.0,10.75,2005-01-22,61751.0
26,Odisha ,2,F,AR,N,SC,1,4,4,4,4,0,0,0,262FN1,32.54069,13.0,13.0,1997-02-28,75.90102,33.25,4.75,2001-03-05,59680.0,75.90102,33.25,4.75,2001-03-05,59680.0
26,Odisha ,2,F,AR,N,ST,2,5,5,5,5,0,0,0,262FN2,49.75092,24.25,6.25,2002-06-19,84.07386,17.0,15.25,1998-04-25,51890.0,84.07386,17.0,15.25,1998-04-25,51890.0
26,Odisha ,2,F,AR,N,ESM,3,2,2,2,0,2,0,0,262FN3,,,,,,,,,,,,,,
26,Odisha ,2,F,AR,N,OBC,6,3,3,3,3,0,0,0,262FN6,42.05861,19.75,6.25,2002-03-07,88.11431,28.75,17.0,2003-03-13,47519.0,88.11431,28.75,17.0,2003-03-13,47519.0
26,Odisha ,2,F,AR,N,UR,9,9,9,9,9,0,0,0,262FN9,48.07183,1.75,9.25,2004-05-08,98.08958,31.5,11.0,2003-12-11,37220.0,98.08958,31.5,11.0,2003-12-11,37220.0
27,Pondicherry,1,A,BSF,G,UR,9,2,2,2,0,2,0,0,271AG9,,,,,,,,,,,,,,
27,Pondicherry,1,B,CISF,G,UR,9,3,3,3,0,3,0,0,271BG9,,,,,,,,,,,,,,
27,Pondicherry,1,F,AR,G,UR,9,1,1,1,0,1,0,0,271FG9,,,,,,,,,,,,,,
27,Pondicherry,2,A,BSF,G,EWS,0,1,1,1,0,1,0,0,272AG0,,,,,,,,,,,,,,
27,Pondicherry,2,A,BSF,G,SC,1,1,1,1,0,1,0,0,272AG1,,,,,,,,,,,,,,
27,Pondicherry,2,A,BSF,G,ESM,3,1,1,1,0,1,0,0,272AG3,,,,,,,,,,,,,,
27,Pondicherry,2,A,BSF,G,OBC,6,2,2,2,2,0,0,0,272AG6,50.4341,17.75,8.0,1999-06-22,51.15246,24.25,15.25,1999-04-12,71603.0,51.15246,24.25,15.25,1999-04-12,71603.0
27,Pondicherry,2,A,BSF,G,UR,9,4,4,4,3,1,0,0,272AG9,51.05751,27.0,7.0,2004-09-17,51.05751,27.0,7.0,2004-09-17,71622.0,51.05751,27.0,7.0,2004-09-17,71622.0
27,Pondicherry,2,B,CISF,G,EWS,0,1,1,1,0,1,0,0,272BG0,,,,,,,,,,,,,,
27,Pondicherry,2,B,CISF,G,SC,1,2,2,2,0,2,0,0,272BG1,,,,,,,,,,,,,,
27,Pondicherry,2,B,CISF,G,ESM,3,1,1,1,0,1,0,0,272BG3,,,,,,,,,,,,,,
27,Pondicherry,2,B,CISF,G,OBC,6,2,2,2,2,0,0,0,272BG6,50.4341,17.75,8.0,1999-06-22,60.38381,27.25,7.75,2002-03-10,69496.0,60.38381,27.25,7.75,2002-03-10,69496.0
27,Pondicherry,2,B,CISF,G,UR,9,5,5,5,5,0,0,0,272BG9,51.05751,27.0,7.0,2004-09-17,62.79705,28.75,22.0,2003-12-11,68606.0,62.79705,28.75,22.0,2003-12-11,68606.0
27,Pondicherry,2,C,CRPF,G,EWS,0,1,1,1,0,1,0,0,272CG0,,,,,,,,,,,,,,
27,Pondicherry,2,C,CRPF,G,SC,1,1,1,1,0,1,0,0,272CG1,,,,,,,,,,,,,,
27,Pondicherry,2,C,CRPF,G,ESM,3,1,1,1,0,1,0,0,272CG3,,,,,,,,,,,,,,
27,Pondicherry,2,C,CRPF,G,OBC,6,2,2,2,2,0,0,0,272CG6,50.4341,17.75,8.0,1999-06-22,54.58736,29.0,3.25,2000-09-18,70947.0,54.58736,29.0,3.25,2000-09-18,70947.0
27,Pondicherry,2,C,CRPF,G,UR,9,3,3,3,1,2,0,0,272CG9,51.05751,27.0,7.0,2004-09-17,67.17511,25.0,14.75,2002-06-10,66154.0,67.17511,25.0,14.75,2002-06-10,66154.0
27,Pondicherry,2,D,SSB,G,EWS,0,1,1,1,0,1,0,0,272DG0,,,,,,,,,,,,,,
27,Pondicherry,2,E,ITBP,G,UR,9,4,4,4,1,3,0,0,272EG9,51.05751,27.0,7.0,2004-09-17,54.49694,25.5,13.0,2004-12-22,70972.0,54.49694,25.5,13.0,2004-12-22,70972.0
27,Pondicherry,2,F,AR,G,UR,9,1,1,1,1,0,0,0,272FG9,51.05751,27.0,7.0,2004-09-17,58.34603,30.0,12.0,2004-12-10,70096.0,58.34603,30.0,12.0,2004-12-10,70096.0
28,Punjab,1,A,BSF,B,EWS,0,6,6,6,6,0,0,0,281AB0,88.11431,25.0,22.75,2002-01-13,95.00092,40.0,-0.25,2005-01-14,40272.0,95.00092,40.0,-0.25,2005-01-14,40272.0
28,Punjab,1,A,BSF,B,SC,1,16,16,16,16,0,0,0,281AB1,89.9048,29.25,7.5,2000-06-10,94.88099,33.5,9.0,2004-08-12,40385.0,94.88099,33.5,9.0,2004-08-12,40385.0
28,Punjab,1,A,BSF,B,ESM,3,6,6,6,0,6,0,0,281AB3,,,,,,,,,,,,,,
28,Punjab,1,A,BSF,B,OBC,6,12,12,12,12,0,0,0,281AB6,92.91,28.75,15.25,2001-01-07,98.22349,25.25,9.75,2004-01-01,37081.0,98.22349,25.25,9.75,2004-01-01,37081.0
28,Punjab,1,A,BSF,B,UR,9,23,23,23,23,0,0,0,281AB9,94.69691,38.0,13.75,2004-01-06,99.59436,33.5,10.75,2005-03-30,35701.0,99.59436,33.5,10.75,2005-03-30,35701.0
28,Punjab,1,A,BSF,G,EWS,0,3,3,3,3,0,0,0,281AG0,89.83472,16.0,22.0,2005-12-27,94.4402,35.75,8.5,2003-03-04,40847.0,94.4402,35.75,8.5,2003-03-04,40847.0
28,Punjab,1,A,BSF,G,SC,1,8,8,8,8,0,0,0,281AG1,94.84324,33.25,6.5,2003-02-18,97.76593,40.0,9.25,2004-09-07,37498.0,97.76593,40.0,9.25,2004-09-07,37498.0
28,Punjab,1,A,BSF,G,ESM,3,3,3,3,0,3,0,0,281AG3,,,,,,,,,,,,,,
28,Punjab,1,A,BSF,G,OBC,6,5,5,5,5,0,0,0,281AG6,95.04843,35.5,6.75,2001-11-30,101.07952,38.0,16.25,2002-12-21,34261.0,101.07952,38.0,16.25,2002-12-21,34261.0
28,Punjab,1,A,BSF,G,UR,9,11,11,11,11,0,0,0,281AG9,98.78982,28.75,13.0,2003-05-30,105.61871,31.0,15.25,2005-02-25,30287.0,105.61871,31.0,15.25,2005-02-25,30287.0
28,Punjab,1,B,CISF,B,EWS,0,3,3,3,3,0,0,0,281BB0,88.11431,25.0,22.75,2002-01-13,104.59384,28.75,13.0,2003-10-12,31122.0,104.59384,28.75,13.0,2003-10-12,31122.0
28,Punjab,1,B,CISF,B,SC,1,7,7,7,7,0,0,0,281BB1,89.9048,29.25,7.5,2000-06-10,106.01464,31.25,17.5,1997-04-20,29824.0,106.01464,31.25,17.5,1997-04-20,29824.0
28,Punjab,1,B,CISF,B,ESM,3,3,3,3,0,3,0,0,281BB3,,,,,,,,,,,,,,
28,Punjab,1,B,CISF,B,OBC,6,5,5,5,5,0,0,0,281BB6,92.91,28.75,15.25,2001-01-07,109.2614,40.0,8.0,2005-01-17,27191.0,109.2614,40.0,8.0,2005-01-17,27191.0
28,Punjab,1,B,CISF,B,UR,9,10,10,10,10,0,0,0,281BB9,94.69691,38.0,13.75,2004-01-06,110.27239,35.5,24.25,2005-09-05,26326.0,110.27239,35.5,24.25,2005-09-05,26326.0
28,Punjab,1,B,CISF,G,EWS,0,2,2,2,2,0,0,0,281BG0,89.83472,16.0,22.0,2005-12-27,103.36829,37.75,15.25,2004-09-13,32211.0,103.36829,37.75,15.25,2004-09-13,32211.0
28,Punjab,1,B,CISF,G,SC,1,5,5,5,5,0,0,0,281BG1,94.84324,33.25,6.5,2003-02-18,105.11945,33.25,15.25,2002-01-24,30777.0,105.11945,33.25,15.25,2002-01-24,30777.0
28,Punjab,1,B,CISF,G,ESM,3,2,2,2,0,2,0,0,281BG3,,,,,,,,,,,,,,
28,Punjab,1,B,CISF,G,OBC,6,4,4,4,4,0,0,0,281BG6,95.04843,35.5,6.75,2001-11-30,107.54801,33.25,15.25,2003-07-02,28590.0,107.54801,33.25,15.25,2003-07-02,28590.0
28,Punjab,1,B,CISF,G,UR,9,8,8,8,8,0,0,0,281BG9,98.78982,28.75,13.0,2003-05-30,110.15748,40.0,19.75,2005-04-05,26454.0,110.15748,40.0,19.75,2005-04-05,26454.0
28,Punjab,1,C,CRPF,B,EWS,0,1,1,1,1,0,0,0,281CB0,88.11431,25.0,22.75,2002-01-13,99.604,35.5,27.0,2004-08-09,35697.0,99.604,35.5,27.0,2004-08-09,35697.0
28,Punjab,1,C,CRPF,B,SC,1,3,3,3,3,0,0,0,281CB1,89.9048,29.25,7.5,2000-06-10,102.04171,35.5,15.25,2003-09-06,33448.0,102.04171,35.5,15.25,2003-09-06,33448.0
28,Punjab,1,C,CRPF,B,ESM,3,1,1,1,0,1,0,0,281CB3,,,,,,,,,,,,,,
28,Punjab,1,C,CRPF,B,OBC,6,2,2,2,2,0,0,0,281CB6,92.91,28.75,15.25,2001-01-07,106.63972,40.0,10.25,1999-10-01,29296.0,106.63972,40.0,10.25,1999-10-01,29296.0
28,Punjab,1,C,CRPF,B,UR,9,4,4,4,4,0,0,0,281CB9,94.69691,38.0,13.75,2004-01-06,108.05485,40.0,4.0,2003-01-16,28079.0,108.05485,40.0,4.0,2003-01-16,28079.0
28,Punjab,1,C,CRPF,G,EWS,0,1,1,1,1,0,0,0,281CG0,89.83472,16.0,22.0,2005-12-27,104.72448,37.75,10.75,2003-12-05,31061.0,104.72448,37.75,10.75,2003-12-05,31061.0
28,Punjab,1,C,CRPF,G,SC,1,2,2,2,2,0,0,0,281CG1,94.84324,33.25,6.5,2003-02-18,101.90487,38.0,22.25,2003-08-16,33562.0,101.90487,38.0,22.25,2003-08-16,33562.0
28,Punjab,1,C,CRPF,G,ESM,3,1,1,1,0,1,0,0,281CG3,,,,,,,,,,,,,,
28,Punjab,1,C,CRPF,G,OBC,6,1,1,1,1,0,0,0,281CG6,95.04843,35.5,6.75,2001-11-30,116.99912,31.5,19.75,1999-03-21,21592.0,116.99912,31.5,19.75,1999-03-21,21592.0
28,Punjab,1,C,CRPF,G,UR,9,3,3,3,3,0,0,0,281CG9,98.78982,28.75,13.0,2003-05-30,106.57565,26.75,20.5,2004-04-16,29332.0,106.57565,26.75,20.5,2004-04-16,29332.0
28,Punjab,1,E,ITBP,G,EWS,0,1,1,1,1,0,0,0,281EG0,89.83472,16.0,22.0,2005-12-27,102.78293,37.75,17.5,2002-02-10,32852.0,102.78293,37.75,17.5,2002-02-10,32852.0
28,Punjab,1,E,ITBP,G,SC,1,2,2,2,2,0,0,0,281EG1,94.84324,33.25,6.5,2003-02-18,103.44671,35.5,11.5,1999-04-25,32166.0,103.44671,35.5,11.5,1999-04-25,32166.0
28,Punjab,1,E,ITBP,G,ESM,3,1,1,1,0,1,0,0,281EG3,,,,,,,,,,,,,,
28,Punjab,1,E,ITBP,G,OBC,6,1,1,1,1,0,0,0,281EG6,95.04843,35.5,6.75,2001-11-30,105.6222,33.5,8.5,2004-12-07,30268.0,105.6222,33.5,8.5,2004-12-07,30268.0
28,Punjab,1,E,ITBP,G,UR,9,2,2,2,2,0,0,0,281EG9,98.78982,28.75,13.0,2003-05-30,109.03498,37.75,10.25,2006-07-07,27312.0,109.03498,37.75,10.25,2006-07-07,27312.0
28,Punjab,1,F,AR,G,UR,9,1,1,1,1,0,0,0,281FG9,98.78982,28.75,13.0,2003-05-30,105.89029,33.25,17.75,2004-04-15,29951.0,105.89029,33.25,17.75,2004-04-15,29951.0
28,Punjab,2,A,BSF,B,EWS,0,32,32,32,32,0,0,0,282AB0,55.77852,21.0,13.0,2002-08-21,78.25497,25.0,3.0,2003-05-22,57686.0,78.25497,25.0,3.0,2003-05-22,57686.0
28,Punjab,2,A,BSF,B,SC,1,94,94,94,94,0,0,0,282AB1,73.5672,25.0,-0.5,2004-03-02,86.17236,35.5,15.75,2002-01-22,49662.0,86.17236,35.5,15.75,2002-01-22,49662.0
28,Punjab,2,A,BSF,B,ESM,3,32,32,32,0,32,0,0,282AB3,40.82429,1.75,10.75,1981-07-09,,,,,,,,,,
28,Punjab,2,A,BSF,B,OBC,6,68,68,68,68,0,0,0,282AB6,71.422,17.5,10.5,2002-04-04,86.79914,33.5,15.25,2000-11-29,48947.0,86.79914,33.5,15.25,2000-11-29,48947.0
28,Punjab,2,A,BSF,B,UR,9,130,130,130,130,0,0,0,282AB9,78.78278,33.75,5.25,2002-07-15,90.06235,26.5,22.0,2004-03-15,45442.0,90.06235,26.5,22.0,2004-03-15,45442.0
28,Punjab,2,A,BSF,G,EWS,0,15,15,15,15,0,0,0,282AG0,63.11923,31.0,4.0,2005-12-13,79.17446,28.75,6.25,2002-02-11,56746.0,79.17446,28.75,6.25,2002-02-11,56746.0
28,Punjab,2,A,BSF,G,SC,1,44,44,44,44,0,0,0,282AG1,80.73551,31.25,12.5,2002-02-01,92.16392,31.0,15.25,2002-11-05,43262.0,92.16392,31.0,15.25,2002-11-05,43262.0
28,Punjab,2,A,BSF,G,ESM,3,15,15,15,0,15,0,0,282AG3,36.72866,13.0,6.25,1986-11-17,,,,,,,,,,
28,Punjab,2,A,BSF,G,OBC,6,32,32,32,32,0,0,0,282AG6,80.837,31.0,11.0,2002-09-26,90.72166,27.5,12.75,2001-10-12,44780.0,90.72166,27.5,12.75,2001-10-12,44780.0
28,Punjab,2,A,BSF,G,UR,9,61,61,61,61,0,0,0,282AG9,85.16573,29.0,7.0,2002-09-03,97.03647,38.0,1.5,2003-11-08,38141.0,97.03647,38.0,1.5,2003-11-08,38141.0
28,Punjab,2,B,CISF,B,EWS,0,23,23,23,23,0,0,0,282BB0,55.77852,21.0,13.0,2002-08-21,93.69347,35.75,16.5,2005-11-21,41662.0,93.69347,35.75,16.5,2005-11-21,41662.0
28,Punjab,2,B,CISF,B,SC,1,66,66,64,64,0,2,2,282BB1,73.5672,25.0,-0.5,2004-03-02,100.1589,35.5,26.75,1999-06-02,35223.0,100.1589,35.5,26.75,1999-06-02,35223.0
28,Punjab,2,B,CISF,B,ESM,3,23,23,23,5,18,0,0,282BB3,40.82429,1.75,10.75,1981-07-09,48.65471,13.0,6.25,1983-01-04,72097.0,48.65471,13.0,6.25,1983-01-04,72097.0
28,Punjab,2,B,CISF,B,OBC,6,47,47,47,47,0,0,0,282BB6,71.422,17.5,10.5,2002-04-04,102.31068,33.25,8.5,2006-01-01,33216.0,102.31068,33.25,8.5,2006-01-01,33216.0
28,Punjab,2,B,CISF,B,UR,9,91,91,88,88,0,3,3,282BB9,78.78278,33.75,5.25,2002-07-15,105.90424,26.5,19.75,2006-09-28,29929.0,105.90424,26.5,19.75,2006-09-28,29929.0
28,Punjab,2,B,CISF,G,EWS,0,17,17,17,17,0,0,0,282BG0,63.11923,31.0,4.0,2005-12-13,92.57963,28.75,4.0,2002-09-22,42753.0,92.57963,28.75,4.0,2002-09-22,42753.0
28,Punjab,2,B,CISF,G,SC,1,49,49,49,49,0,0,0,282BG1,80.73551,31.25,12.5,2002-02-01,99.73198,33.25,13.0,2003-11-21,35594.0,99.73198,33.25,13.0,2003-11-21,35594.0
28,Punjab,2,B,CISF,G,ESM,3,17,17,17,0,17,0,0,282BG3,36.72866,13.0,6.25,1986-11-17,,,,,,,,,,
28,Punjab,2,B,CISF,G,OBC,6,35,35,35,35,0,0,0,282BG6,80.837,31.0,11.0,2002-09-26,101.01456,33.25,17.5,2004-06-20,34355.0,101.01456,33.25,17.5,2004-06-20,34355.0
28,Punjab,2,B,CISF,G,UR,9,68,68,68,68,0,0,0,282BG9,85.16573,29.0,7.0,2002-09-03,106.65499,35.75,19.75,2005-07-06,29287.0,106.65499,35.75,19.75,2005-07-06,29287.0
28,Punjab,2,C,CRPF,B,EWS,0,21,21,21,21,0,0,0,282CB0,55.77852,21.0,13.0,2002-08-21,84.71464,31.5,13.0,2003-01-20,51201.0,84.71464,31.5,13.0,2003-01-20,51201.0
28,Punjab,2,C,CRPF,B,SC,1,61,61,61,61,0,0,0,282CB1,73.5672,25.0,-0.5,2004-03-02,91.30018,33.5,15.25,2001-12-12,44200.0,91.30018,33.5,15.25,2001-12-12,44200.0
28,Punjab,2,C,CRPF,B,ESM,3,21,21,21,0,21,0,0,282CB3,40.82429,1.75,10.75,1981-07-09,,,,,,,,,,
28,Punjab,2,C,CRPF,B,OBC,6,44,44,44,44,0,0,0,282CB6,71.422,17.5,10.5,2002-04-04,93.26555,31.5,4.5,1999-12-24,42096.0,93.26555,31.5,4.5,1999-12-24,42096.0
28,Punjab,2,C,CRPF,B,UR,9,85,85,85,85,0,0,0,282CB9,78.78278,33.75,5.25,2002-07-15,96.86903,37.75,10.75,2003-02-02,38326.0,96.86903,37.75,10.75,2003-02-02,38326.0
28,Punjab,2,C,CRPF,G,EWS,0,16,16,16,16,0,0,0,282CG0,63.11923,31.0,4.0,2005-12-13,83.18262,37.75,9.5,2005-12-01,52873.0,83.18262,37.75,9.5,2005-12-01,52873.0
28,Punjab,2,C,CRPF,G,SC,1,46,46,46,46,0,0,0,282CG1,80.73551,31.25,12.5,2002-02-01,91.20497,28.75,13.0,1997-10-25,44284.0,91.20497,28.75,13.0,1997-10-25,44284.0
28,Punjab,2,C,CRPF,G,ESM,3,16,16,16,1,15,0,0,282CG3,36.72866,13.0,6.25,1986-11-17,48.21133,20.75,10.25,1982-06-09,72168.0,48.21133,20.75,10.25,1982-06-09,72168.0
28,Punjab,2,C,CRPF,G,OBC,6,33,33,33,33,0,0,0,282CG6,80.837,31.0,11.0,2002-09-26,91.81251,33.25,13.0,1999-12-12,43608.0,91.81251,33.25,13.0,1999-12-12,43608.0
28,Punjab,2,C,CRPF,G,UR,9,62,62,61,61,0,1,1,282CG9,85.16573,29.0,7.0,2002-09-03,95.56163,35.75,7.5,2003-08-07,39756.0,95.56163,35.75,7.5,2003-08-07,39756.0
28,Punjab,2,D,SSB,G,EWS,0,1,1,1,1,0,0,0,282DG0,63.11923,31.0,4.0,2005-12-13,120.5393,37.75,13.0,2002-08-27,18901.0,120.5393,37.75,13.0,2002-08-27,18901.0
28,Punjab,2,D,SSB,G,SC,1,2,2,2,2,0,0,0,282DG1,80.73551,31.25,12.5,2002-02-01,118.12458,33.25,24.25,2001-08-30,20721.0,118.12458,33.25,24.25,2001-08-30,20721.0
28,Punjab,2,D,SSB,G,ESM,3,1,1,1,0,1,0,0,282DG3,36.72866,13.0,6.25,1986-11-17,,,,,,,,,,
28,Punjab,2,D,SSB,G,OBC,6,2,2,2,2,0,0,0,282DG6,80.837,31.0,11.0,2002-09-26,129.55591,31.0,15.25,2000-10-28,10649.0,129.55591,31.0,15.25,2000-10-28,10649.0
28,Punjab,2,D,SSB,G,UR,9,4,4,4,4,0,0,0,282DG9,85.16573,29.0,7.0,2002-09-03,128.02102,37.75,16.0,2005-12-04,12413.0,128.02102,37.75,16.0,2005-12-04,12413.0
28,Punjab,2,E,ITBP,G,EWS,0,3,3,3,3,0,0,0,282EG0,63.11923,31.0,4.0,2005-12-13,98.41942,28.75,15.25,2002-03-11,36904.0,98.41942,28.75,15.25,2002-03-11,36904.0
28,Punjab,2,E,ITBP,G,SC,1,9,9,9,9,0,0,0,282EG1,80.73551,31.25,12.5,2002-02-01,104.50936,33.5,19.75,2001-04-07,31242.0,104.50936,33.5,19.75,2001-04-07,31242.0
28,Punjab,2,E,ITBP,G,ESM,3,3,3,3,0,3,0,0,282EG3,36.72866,13.0,6.25,1986-11-17,,,,,,,,,,
28,Punjab,2,E,ITBP,G,OBC,6,6,6,6,6,0,0,0,282EG6,80.837,31.0,11.0,2002-09-26,106.47088,33.5,12.75,2004-12-02,29417.0,106.47088,33.5,12.75,2004-12-02,29417.0
28,Punjab,2,E,ITBP,G,UR,9,12,12,12,12,0,0,0,282EG9,85.16573,29.0,7.0,2002-09-03,107.77029,29.5,19.75,2003-03-02,28393.0,107.77029,29.5,19.75,2003-03-02,28393.0
28,Punjab,2,F,AR,G,EWS,0,1,1,1,1,0,0,0,282FG0,63.11923,31.0,4.0,2005-12-13,93.76823,33.25,22.0,2002-11-16,41588.0,93.76823,33.25,22.0,2002-11-16,41588.0
28,Punjab,2,F,AR,G,SC,1,4,4,4,4,0,0,0,282FG1,80.73551,31.25,12.5,2002-02-01,114.52202,31.0,13.0,2005-03-25,23289.0,114.52202,31.0,13.0,2005-03-25,23289.0
28,Punjab,2,F,AR,G,ESM,3,1,1,1,0,1,0,0,282FG3,36.72866,13.0,6.25,1986-11-17,,,,,,,,,,
28,Punjab,2,F,AR,G,OBC,6,3,3,3,3,0,0,0,282FG6,80.837,31.0,11.0,2002-09-26,115.78672,34.0,12.0,1999-07-25,22309.0,115.78672,34.0,12.0,1999-07-25,22309.0
28,Punjab,2,F,AR,G,UR,9,5,5,5,5,0,0,0,282FG9,85.16573,29.0,7.0,2002-09-03,123.617,38.0,24.25,2003-10-05,16605.0,123.617,38.0,24.25,2003-10-05,16605.0
29,Rajasthan,1,A,BSF,B,EWS,0,5,5,5,5,0,0,0,291AB0,99.03649,37.75,16.5,2005-07-07,100.22507,31.5,14.0,2002-03-02,35186.0,100.22507,31.5,14.0,2002-03-02,35186.0
29,Rajasthan,1,A,BSF,B,SC,1,9,9,9,9,0,0,0,291AB1,102.36747,31.75,7.75,2004-07-26,108.25325,22.25,24.25,2002-05-22,27908.0,108.25325,22.25,24.25,2002-05-22,27908.0
29,Rajasthan,1,A,BSF,B,ST,2,6,6,6,6,0,0,0,291AB2,59.07727,13.0,1.75,2005-11-25,65.52377,31.0,8.5,2004-09-27,67254.0,65.52377,31.0,8.5,2004-09-27,67254.0
29,Rajasthan,1,A,BSF,B,ESM,3,5,5,5,0,5,0,0,291AB3,,,,,,,,,,,,,,
29,Rajasthan,1,A,BSF,B,OBC,6,10,10,10,10,0,0,0,291AB6,113.24541,35.5,8.5,2003-11-11,119.85615,31.0,26.5,2004-06-06,19519.0,119.85615,31.0,26.5,2004-06-06,19519.0
29,Rajasthan,1,A,BSF,B,UR,9,20,20,20,20,0,0,0,291AB9,114.60788,40.0,13.0,2005-04-12,121.80436,40.0,15.25,2005-06-12,17998.0,121.80436,40.0,15.25,2005-06-12,17998.0
29,Rajasthan,1,A,BSF,G,EWS,0,7,7,7,7,0,0,0,291AG0,121.63025,37.75,17.5,2004-07-06,123.16017,35.75,17.5,2005-06-03,16891.0,123.16017,35.75,17.5,2005-06-03,16891.0
29,Rajasthan,1,A,BSF,G,SC,1,11,11,11,11,0,0,0,291AG1,117.64209,37.75,10.5,2003-12-18,123.45245,35.5,24.25,1999-07-05,16693.0,123.45245,35.5,24.25,1999-07-05,16693.0
29,Rajasthan,1,A,BSF,G,ST,2,9,9,9,9,0,0,0,291AG2,123.48726,35.5,14.75,2004-01-16,128.71351,40.0,11.5,2002-04-15,11667.0,128.71351,40.0,11.5,2002-04-15,11667.0
29,Rajasthan,1,A,BSF,G,ESM,3,7,7,7,0,7,0,0,291AG3,,,,,,,,,,,,,,
29,Rajasthan,1,A,BSF,G,OBC,6,13,13,13,13,0,0,0,291AG6,132.77621,37.75,22.5,2001-11-10,136.00591,40.0,15.25,2003-01-01,4477.0,136.00591,40.0,15.25,2003-01-01,4477.0
29,Rajasthan,1,A,BSF,G,UR,9,26,26,26,26,0,0,0,291AG9,133.32431,40.0,15.75,2005-08-01,137.02703,35.5,19.75,2002-05-20,3688.0,137.02703,35.5,19.75,2002-05-20,3688.0
29,Rajasthan,1,B,CISF,B,EWS,0,2,2,2,2,0,0,0,291BB0,99.03649,37.75,16.5,2005-07-07,126.28968,35.5,20.25,2004-07-01,14262.0,126.28968,35.5,20.25,2004-07-01,14262.0
29,Rajasthan,1,B,CISF,B,SC,1,4,4,4,4,0,0,0,291BB1,102.36747,31.75,7.75,2004-07-26,114.62595,37.75,13.0,2000-07-04,23181.0,114.62595,37.75,13.0,2000-07-04,23181.0
29,Rajasthan,1,B,CISF,B,ST,2,3,3,3,3,0,0,0,291BB2,59.07727,13.0,1.75,2005-11-25,81.78015,31.0,15.25,2003-07-01,54210.0,81.78015,31.0,15.25,2003-07-01,54210.0
29,Rajasthan,1,B,CISF,B,ESM,3,2,2,2,0,2,0,0,291BB3,,,,,,,,,,,,,,
29,Rajasthan,1,B,CISF,B,OBC,6,5,5,5,5,0,0,0,291BB6,113.24541,35.5,8.5,2003-11-11,129.62025,33.25,26.5,2003-12-13,10592.0,129.62025,33.25,26.5,2003-12-13,10592.0
29,Rajasthan,1,B,CISF,B,UR,9,9,9,9,9,0,0,0,291BB9,114.60788,40.0,13.0,2005-04-12,131.32709,33.25,22.0,2005-08-14,8770.0,131.32709,33.25,22.0,2005-08-14,8770.0
29,Rajasthan,1,B,CISF,G,EWS,0,5,5,5,5,0,0,0,291BG0,121.63025,37.75,17.5,2004-07-06,130.4887,33.25,28.75,2003-05-15,9614.0,130.4887,33.25,28.75,2003-05-15,9614.0
29,Rajasthan,1,B,CISF,G,SC,1,8,8,8,8,0,0,0,291BG1,117.64209,37.75,10.5,2003-12-18,131.29423,37.75,22.0,2002-07-11,8835.0,131.29423,37.75,22.0,2002-07-11,8835.0
29,Rajasthan,1,B,CISF,G,ST,2,6,6,6,6,0,0,0,291BG2,123.48726,35.5,14.75,2004-01-16,132.88188,37.75,22.5,2001-01-01,7168.0,132.88188,37.75,22.5,2001-01-01,7168.0
29,Rajasthan,1,B,CISF,G,ESM,3,5,5,5,0,5,0,0,291BG3,,,,,,,,,,,,,,
29,Rajasthan,1,B,CISF,G,OBC,6,9,9,9,9,0,0,0,291BG6,132.77621,37.75,22.5,2001-11-10,140.14698,35.5,18.0,2003-04-05,1935.0,140.14698,35.5,18.0,2003-04-05,1935.0
29,Rajasthan,1,B,CISF,G,UR,9,18,18,18,18,0,0,0,291BG9,133.32431,40.0,15.75,2005-08-01,140.2441,40.0,25.0,2003-04-20,1899.0,140.2441,40.0,25.0,2003-04-20,1899.0
29,Rajasthan,1,C,CRPF,B,EWS,0,1,1,1,1,0,0,0,291CB0,99.03649,37.75,16.5,2005-07-07,120.80767,31.25,19.75,2002-05-20,18774.0,120.80767,31.25,19.75,2002-05-20,18774.0
29,Rajasthan,1,C,CRPF,B,SC,1,1,1,1,1,0,0,0,291CB1,102.36747,31.75,7.75,2004-07-26,121.16355,35.5,19.75,2005-09-12,18607.0,121.16355,35.5,19.75,2005-09-12,18607.0
29,Rajasthan,1,C,CRPF,B,ST,2,1,1,1,1,0,0,0,291CB2,59.07727,13.0,1.75,2005-11-25,81.27684,26.5,6.25,2000-08-18,54752.0,81.27684,26.5,6.25,2000-08-18,54752.0
29,Rajasthan,1,C,CRPF,B,ESM,3,1,1,1,0,1,0,0,291CB3,,,,,,,,,,,,,,
29,Rajasthan,1,C,CRPF,B,OBC,6,2,2,2,2,0,0,0,291CB6,113.24541,35.5,8.5,2003-11-11,127.31295,40.0,31.0,2005-07-10,13120.0,127.31295,40.0,31.0,2005-07-10,13120.0
29,Rajasthan,1,C,CRPF,B,UR,9,3,3,3,3,0,0,0,291CB9,114.60788,40.0,13.0,2005-04-12,128.62476,33.25,13.0,2004-10-16,11804.0,128.62476,33.25,13.0,2004-10-16,11804.0
29,Rajasthan,1,C,CRPF,G,EWS,0,2,2,2,2,0,0,0,291CG0,121.63025,37.75,17.5,2004-07-06,127.27116,40.0,22.0,2004-12-08,13189.0,127.27116,40.0,22.0,2004-12-08,13189.0
29,Rajasthan,1,C,CRPF,G,SC,1,3,3,3,3,0,0,0,291CG1,117.64209,37.75,10.5,2003-12-18,126.02218,33.25,22.0,2003-08-10,14449.0,126.02218,33.25,22.0,2003-08-10,14449.0
29,Rajasthan,1,C,CRPF,G,ST,2,2,2,2,2,0,0,0,291CG2,123.48726,35.5,14.75,2004-01-16,130.36254,33.25,24.25,2001-12-11,9742.0,130.36254,33.25,24.25,2001-12-11,9742.0
29,Rajasthan,1,C,CRPF,G,ESM,3,2,2,2,0,2,0,0,291CG3,,,,,,,,,,,,,,
29,Rajasthan,1,C,CRPF,G,OBC,6,3,3,3,3,0,0,0,291CG6,132.77621,37.75,22.5,2001-11-10,138.62169,37.75,31.0,2000-11-10,2775.0,138.62169,37.75,31.0,2000-11-10,2775.0
29,Rajasthan,1,C,CRPF,G,UR,9,6,6,6,6,0,0,0,291CG9,133.32431,40.0,15.75,2005-08-01,138.89173,37.75,26.5,2003-06-18,2607.0,138.89173,37.75,26.5,2003-06-18,2607.0
29,Rajasthan,1,E,ITBP,G,EWS,0,1,1,1,1,0,0,0,291EG0,121.63025,37.75,17.5,2004-07-06,126.78713,40.0,19.75,2003-07-08,13725.0,126.78713,40.0,19.75,2003-07-08,13725.0
29,Rajasthan,1,E,ITBP,G,SC,1,2,2,2,2,0,0,0,291EG1,117.64209,37.75,10.5,2003-12-18,124.85513,40.0,21.25,2005-04-12,15425.0,124.85513,40.0,21.25,2005-04-12,15425.0
29,Rajasthan,1,E,ITBP,G,ST,2,2,2,2,2,0,0,0,291EG2,123.48726,35.5,14.75,2004-01-16,130.02741,40.0,11.75,2002-09-27,10091.0,130.02741,40.0,11.75,2002-09-27,10091.0
29,Rajasthan,1,E,ITBP,G,ESM,3,1,1,1,0,1,0,0,291EG3,,,,,,,,,,,,,,
29,Rajasthan,1,E,ITBP,G,OBC,6,3,3,3,3,0,0,0,291EG6,132.77621,37.75,22.5,2001-11-10,137.8105,35.5,21.5,2002-04-03,3159.0,137.8105,35.5,21.5,2002-04-03,3159.0
29,Rajasthan,1,E,ITBP,G,UR,9,5,5,5,5,0,0,0,291EG9,133.32431,40.0,15.75,2005-08-01,137.99817,38.0,15.5,2004-08-01,3066.0,137.99817,38.0,15.5,2004-08-01,3066.0
29,Rajasthan,1,F,AR,G,SC,1,1,1,1,1,0,0,0,291FG1,117.64209,37.75,10.5,2003-12-18,132.49137,40.0,22.5,2005-06-26,7536.0,132.49137,40.0,22.5,2005-06-26,7536.0
29,Rajasthan,1,F,AR,G,OBC,6,1,1,1,1,0,0,0,291FG6,132.77621,37.75,22.5,2001-11-10,138.59798,37.75,26.5,2001-07-07,2818.0,138.59798,37.75,26.5,2001-07-07,2818.0
29,Rajasthan,1,F,AR,G,UR,9,1,1,1,1,0,0,0,291FG9,133.32431,40.0,15.75,2005-08-01,138.60525,37.75,26.5,2002-04-01,2783.0,138.60525,37.75,26.5,2002-04-01,2783.0
29,Rajasthan,2,A,BSF,B,EWS,0,29,29,29,29,0,0,0,292AB0,107.25074,37.75,17.5,2005-04-20,116.05697,40.0,6.75,2005-04-05,22118.0,116.05697,40.0,6.75,2005-04-05,22118.0
29,Rajasthan,2,A,BSF,B,SC,1,49,49,49,49,0,0,0,292AB1,101.36139,31.25,15.5,1999-05-07,110.89094,28.75,22.25,2000-06-08,25824.0,110.89094,28.75,22.25,2000-06-08,25824.0
29,Rajasthan,2,A,BSF,B,ST,2,37,37,37,37,0,0,0,292AB2,65.48769,17.5,19.75,2006-01-20,78.33705,35.5,6.25,2005-02-20,57562.0,78.33705,35.5,6.25,2005-02-20,57562.0
29,Rajasthan,2,A,BSF,B,ESM,3,29,29,29,0,29,0,0,292AB3,61.71536,28.75,6.25,1986-06-15,,,,,,,,,,
29,Rajasthan,2,A,BSF,B,OBC,6,57,57,57,57,0,0,0,292AB6,115.6415,33.5,22.25,2003-10-10,123.95949,37.75,15.5,2002-02-05,16319.0,123.95949,37.75,15.5,2002-02-05,16319.0
29,Rajasthan,2,A,BSF,B,UR,9,114,114,114,114,0,0,0,292AB9,117.40549,35.5,19.75,2006-01-15,124.47756,31.0,24.25,2005-05-15,15771.0,124.47756,31.0,24.25,2005-05-15,15771.0
29,Rajasthan,2,A,BSF,G,EWS,0,38,38,38,38,0,0,0,292AG0,128.14259,40.0,17.5,2002-01-17,132.19183,37.75,10.75,2006-05-12,7845.0,132.19183,37.75,10.75,2006-05-12,7845.0
29,Rajasthan,2,A,BSF,G,SC,1,64,64,64,64,0,0,0,292AG1,123.97031,37.75,17.75,2002-03-05,128.30504,40.0,19.75,2002-10-11,12056.0,128.30504,40.0,19.75,2002-10-11,12056.0
29,Rajasthan,2,A,BSF,G,ST,2,49,49,49,49,0,0,0,292AG2,123.8525,37.75,16.5,1999-09-12,126.94069,40.0,18.25,2004-08-12,13568.0,126.94069,40.0,18.25,2004-08-12,13568.0
29,Rajasthan,2,A,BSF,G,ESM,3,38,38,38,3,35,0,0,292AG3,35.27181,13.0,6.25,1982-01-08,36.07845,22.0,1.75,1984-08-03,73366.0,36.07845,22.0,1.75,1984-08-03,73366.0
29,Rajasthan,2,A,BSF,G,OBC,6,75,75,74,74,0,1,1,292AG6,133.46096,35.75,26.5,2001-02-05,137.25713,35.75,22.0,2004-10-23,3479.0,137.25713,35.75,22.0,2004-10-23,3479.0
29,Rajasthan,2,A,BSF,G,UR,9,151,151,149,149,0,2,2,292AG9,133.39939,35.5,24.25,2004-04-30,137.35325,35.75,22.0,2002-04-16,3427.0,137.35325,35.75,22.0,2002-04-16,3427.0
29,Rajasthan,2,B,CISF,B,EWS,0,20,20,20,20,0,0,0,292BB0,107.25074,37.75,17.5,2005-04-20,127.31989,35.5,17.5,2002-07-01,13110.0,127.31989,35.5,17.5,2002-07-01,13110.0
29,Rajasthan,2,B,CISF,B,SC,1,34,34,34,34,0,0,0,292BB1,101.36139,31.25,15.5,1999-05-07,121.35057,35.5,22.0,2002-03-19,18441.0,121.35057,35.5,22.0,2002-03-19,18441.0
29,Rajasthan,2,B,CISF,B,ST,2,26,26,26,26,0,0,0,292BB2,65.48769,17.5,19.75,2006-01-20,90.15666,33.25,13.0,2001-12-15,45359.0,90.15666,33.25,13.0,2001-12-15,45359.0
29,Rajasthan,2,B,CISF,B,ESM,3,20,20,20,1,19,0,0,292BB3,61.71536,28.75,6.25,1986-06-15,61.71536,28.75,6.25,1986-06-15,69018.0,61.71536,28.75,6.25,1986-06-15,69018.0
29,Rajasthan,2,B,CISF,B,OBC,6,40,40,39,39,0,1,1,292BB6,115.6415,33.5,22.25,2003-10-10,133.26831,33.25,33.25,1999-06-08,6907.0,133.26831,33.25,33.25,1999-06-08,6907.0
29,Rajasthan,2,B,CISF,B,UR,9,81,81,81,81,0,0,0,292BB9,117.40549,35.5,19.75,2006-01-15,134.48305,38.0,16.75,2005-11-09,5753.0,134.48305,38.0,16.75,2005-11-09,5753.0
29,Rajasthan,2,B,CISF,G,EWS,0,42,42,41,41,0,1,1,292BG0,128.14259,40.0,17.5,2002-01-17,137.73134,37.75,22.25,2003-06-23,3193.0,137.73134,37.75,22.25,2003-06-23,3193.0
29,Rajasthan,2,B,CISF,G,SC,1,71,71,70,70,0,1,1,292BG1,123.97031,37.75,17.75,2002-03-05,133.64949,38.0,22.0,2005-08-08,6612.0,133.64949,38.0,22.0,2005-08-08,6612.0
29,Rajasthan,2,B,CISF,G,ST,2,54,54,54,54,0,0,0,292BG2,123.8525,37.75,16.5,1999-09-12,132.78407,37.75,22.0,1998-05-15,7274.0,132.78407,37.75,22.0,1998-05-15,7274.0
29,Rajasthan,2,B,CISF,G,ESM,3,42,42,42,23,19,0,0,292BG3,35.27181,13.0,6.25,1982-01-08,36.3129,8.5,6.25,1982-05-04,73354.0,36.3129,8.5,6.25,1982-05-04,73354.0
29,Rajasthan,2,B,CISF,G,OBC,6,84,84,72,72,0,12,12,292BG6,133.46096,35.75,26.5,2001-02-05,142.29536,37.75,22.0,2000-11-03,1155.0,142.29536,37.75,22.0,2000-11-03,1155.0
29,Rajasthan,2,B,CISF,G,UR,9,167,167,158,158,0,9,9,292BG9,133.39939,35.5,24.25,2004-04-30,142.29579,37.75,17.75,2004-06-08,1148.0,142.29579,37.75,17.75,2004-06-08,1148.0
29,Rajasthan,2,C,CRPF,B,EWS,0,19,19,19,19,0,0,0,292CB0,107.25074,37.75,17.5,2005-04-20,120.67263,35.5,19.75,2005-05-02,18830.0,120.67263,35.5,19.75,2005-05-02,18830.0
29,Rajasthan,2,C,CRPF,B,SC,1,32,32,32,32,0,0,0,292CB1,101.36139,31.25,15.5,1999-05-07,114.79318,31.0,19.75,2004-08-04,23057.0,114.79318,31.0,19.75,2004-08-04,23057.0
29,Rajasthan,2,C,CRPF,B,ST,2,24,24,24,24,0,0,0,292CB2,65.48769,17.5,19.75,2006-01-20,81.55911,31.0,4.25,2004-04-04,54458.0,81.55911,31.0,4.25,2004-04-04,54458.0
29,Rajasthan,2,C,CRPF,B,ESM,3,19,19,19,0,19,0,0,292CB3,61.71536,28.75,6.25,1986-06-15,,,,,,,,,,
29,Rajasthan,2,C,CRPF,B,OBC,6,37,37,37,37,0,0,0,292CB6,115.6415,33.5,22.25,2003-10-10,126.61103,28.75,24.25,2003-03-01,13886.0,126.61103,28.75,24.25,2003-03-01,13886.0
29,Rajasthan,2,C,CRPF,B,UR,9,74,74,74,74,0,0,0,292CB9,117.40549,35.5,19.75,2006-01-15,127.45941,33.5,22.0,2002-03-15,12948.0,127.45941,33.5,22.0,2002-03-15,12948.0
29,Rajasthan,2,C,CRPF,G,EWS,0,39,39,39,39,0,0,0,292CG0,128.14259,40.0,17.5,2002-01-17,133.32431,37.75,15.75,2004-01-01,6832.0,133.32431,37.75,15.75,2004-01-01,6832.0
29,Rajasthan,2,C,CRPF,G,SC,1,66,66,66,66,0,0,0,292CG1,123.97031,37.75,17.75,2002-03-05,129.12455,37.75,15.25,2000-06-12,11166.0,129.12455,37.75,15.25,2000-06-12,11166.0
29,Rajasthan,2,C,CRPF,G,ST,2,51,51,51,51,0,0,0,292CG2,123.8525,37.75,16.5,1999-09-12,128.66013,37.75,22.0,2004-05-17,11735.0,128.66013,37.75,22.0,2004-05-17,11735.0
29,Rajasthan,2,C,CRPF,G,ESM,3,39,39,39,0,39,0,0,292CG3,35.27181,13.0,6.25,1982-01-08,,,,,,,,,,
29,Rajasthan,2,C,CRPF,G,OBC,6,78,78,78,78,0,0,0,292CG6,133.46096,35.75,26.5,2001-02-05,138.3295,40.0,19.0,2000-07-20,2910.0,138.3295,40.0,19.0,2000-07-20,2910.0
29,Rajasthan,2,C,CRPF,G,UR,9,155,155,155,155,0,0,0,292CG9,133.39939,35.5,24.25,2004-04-30,138.62169,40.0,31.0,2004-11-01,2762.0,138.62169,40.0,31.0,2004-11-01,2762.0
29,Rajasthan,2,D,SSB,G,EWS,0,2,2,2,2,0,0,0,292DG0,128.14259,40.0,17.5,2002-01-17,144.09266,37.75,26.5,2002-05-04,708.0,144.09266,37.75,26.5,2002-05-04,708.0
29,Rajasthan,2,D,SSB,G,SC,1,4,4,4,4,0,0,0,292DG1,123.97031,37.75,17.75,2002-03-05,136.6184,37.75,13.0,2001-06-10,4054.0,136.6184,37.75,13.0,2001-06-10,4054.0
29,Rajasthan,2,D,SSB,G,ST,2,3,3,3,3,0,0,0,292DG2,123.8525,37.75,16.5,1999-09-12,135.55842,33.25,26.5,1998-11-05,4804.0,135.55842,33.25,26.5,1998-11-05,4804.0
29,Rajasthan,2,D,SSB,G,ESM,3,2,2,2,2,0,0,0,292DG3,35.27181,13.0,6.25,1982-01-08,59.23233,11.5,24.5,1985-04-01,69834.0,59.23233,11.5,24.5,1985-04-01,69834.0
29,Rajasthan,2,D,SSB,G,OBC,6,5,5,3,3,0,2,2,292DG6,133.46096,35.75,26.5,2001-02-05,145.85454,37.75,33.25,2001-04-16,487.0,145.85454,37.75,33.25,2001-04-16,487.0
29,Rajasthan,2,D,SSB,G,UR,9,9,9,9,9,0,0,0,292DG9,133.39939,35.5,24.25,2004-04-30,145.88415,40.0,26.5,2003-02-11,482.0,145.88415,40.0,26.5,2003-02-11,482.0
29,Rajasthan,2,E,ITBP,G,EWS,0,7,7,7,7,0,0,0,292EG0,128.14259,40.0,17.5,2002-01-17,134.5689,38.0,27.0,2002-01-05,5642.0,134.5689,38.0,27.0,2002-01-05,5642.0
29,Rajasthan,2,E,ITBP,G,SC,1,12,12,12,12,0,0,0,292EG1,123.97031,37.75,17.75,2002-03-05,130.14807,38.0,22.0,1999-07-01,9962.0,130.14807,38.0,22.0,1999-07-01,9962.0
29,Rajasthan,2,E,ITBP,G,ST,2,9,9,9,9,0,0,0,292EG2,123.8525,37.75,16.5,1999-09-12,129.15422,33.75,27.0,2004-11-16,11121.0,129.15422,33.75,27.0,2004-11-16,11121.0
29,Rajasthan,2,E,ITBP,G,ESM,3,7,7,7,0,7,0,0,292EG3,35.27181,13.0,6.25,1982-01-08,,,,,,,,,,
29,Rajasthan,2,E,ITBP,G,OBC,6,15,15,15,15,0,0,0,292EG6,133.46096,35.75,26.5,2001-02-05,139.73619,40.0,18.0,2000-08-03,2087.0,139.73619,40.0,18.0,2000-08-03,2087.0
29,Rajasthan,2,E,ITBP,G,UR,9,29,29,29,29,0,0,0,292EG9,133.39939,35.5,24.25,2004-04-30,139.48903,35.5,29.25,2003-11-05,2230.0,139.48903,35.5,29.25,2003-11-05,2230.0
29,Rajasthan,2,F,AR,G,EWS,0,3,3,3,3,0,0,0,292FG0,128.14259,40.0,17.5,2002-01-17,135.84579,37.75,24.25,2002-09-17,4574.0,135.84579,37.75,24.25,2002-09-17,4574.0
29,Rajasthan,2,F,AR,G,SC,1,6,6,6,6,0,0,0,292FG1,123.97031,37.75,17.75,2002-03-05,130.07933,37.75,22.0,2000-10-15,10033.0,130.07933,37.75,22.0,2000-10-15,10033.0
29,Rajasthan,2,F,AR,G,ST,2,4,4,4,4,0,0,0,292FG2,123.8525,37.75,16.5,1999-09-12,131.27101,37.75,24.25,1997-08-30,8864.0,131.27101,37.75,24.25,1997-08-30,8864.0
29,Rajasthan,2,F,AR,G,ESM,3,3,3,3,0,3,0,0,292FG3,35.27181,13.0,6.25,1982-01-08,,,,,,,,,,
29,Rajasthan,2,F,AR,G,OBC,6,6,6,6,6,0,0,0,292FG6,133.46096,35.75,26.5,2001-02-05,139.57927,40.0,17.5,2001-07-22,2191.0,139.57927,40.0,17.5,2001-07-22,2191.0
29,Rajasthan,2,F,AR,G,UR,9,13,13,13,13,0,0,0,292FG9,133.39939,35.5,24.25,2004-04-30,139.87838,37.75,22.0,2005-06-10,2032.0,139.87838,37.75,22.0,2005-06-10,2032.0
3,Arunachal Pradesh,1,A,BSF,G,ST,2,1,1,1,1,0,0,0,31AG2,54.29808,22.0,4.0,2002-05-11,57.21813,16.75,8.0,1999-01-08,70374.0,57.21813,16.75,8.0,1999-01-08,70374.0
3,Arunachal Pradesh,1,A,BSF,G,UR,9,1,1,1,1,0,0,0,31AG9,49.88388,27.25,5.5,2006-04-12,58.18649,8.5,13.0,2004-12-30,70149.0,58.18649,8.5,13.0,2004-12-30,70149.0
3,Arunachal Pradesh,1,A,BSF,N,EWS,0,1,1,1,0,1,0,0,31AN0,,,,,,,,,,,,,,
3,Arunachal Pradesh,1,A,BSF,N,ST,2,4,4,4,4,0,0,0,31AN2,56.01858,9.0,2.5,2004-12-25,57.66256,11.5,4.25,2000-03-06,70269.0,57.66256,11.5,4.25,2000-03-06,70269.0
3,Arunachal Pradesh,1,A,BSF,N,ESM,3,1,1,1,0,1,0,0,31AN3,,,,,,,,,,,,,,
3,Arunachal Pradesh,1,A,BSF,N,UR,9,4,4,4,4,0,0,0,31AN9,54.50865,18.25,12.25,2002-06-12,58.99706,12.75,4.0,2003-08-17,69908.0,58.99706,12.75,4.0,2003-08-17,69908.0
3,Arunachal Pradesh,1,B,CISF,B,EWS,0,1,1,1,0,1,0,0,31BB0,,,,,,,,,,,,,,
3,Arunachal Pradesh,1,B,CISF,B,ST,2,1,1,1,1,0,0,0,31BB2,45.71678,13.25,3.25,2003-10-20,72.39126,23.0,14.75,2000-12-13,62491.0,72.39126,23.0,14.75,2000-12-13,62491.0
3,Arunachal Pradesh,1,B,CISF,B,UR,9,1,1,1,1,0,0,0,31BB9,48.32769,15.5,15.5,2005-12-26,59.64649,20.75,7.25,2003-03-04,69703.0,59.64649,20.75,7.25,2003-03-04,69703.0
3,Arunachal Pradesh,1,B,CISF,G,UR,9,1,1,1,1,0,0,0,31BG9,49.88388,27.25,5.5,2006-04-12,56.46593,22.0,13.0,2002-09-17,70566.0,56.46593,22.0,13.0,2002-09-17,70566.0
3,Arunachal Pradesh,1,B,CISF,N,ST,2,3,3,3,3,0,0,0,31BN2,56.01858,9.0,2.5,2004-12-25,74.13571,17.5,17.5,2001-03-03,61080.0,74.13571,17.5,17.5,2001-03-03,61080.0
3,Arunachal Pradesh,1,B,CISF,N,ESM,3,1,1,1,0,1,0,0,31BN3,,,,,,,,,,,,,,
3,Arunachal Pradesh,1,B,CISF,N,UR,9,3,3,3,3,0,0,0,31BN9,54.50865,18.25,12.25,2002-06-12,63.31031,15.5,9.75,2003-09-23,68380.0,63.31031,15.5,9.75,2003-09-23,68380.0
3,Arunachal Pradesh,1,C,CRPF,B,UR,9,1,1,1,1,0,0,0,31CB9,48.32769,15.5,15.5,2005-12-26,55.80355,5.0,16.25,2005-11-18,70699.0,55.80355,5.0,16.25,2005-11-18,70699.0
3,Arunachal Pradesh,1,C,CRPF,N,ST,2,1,1,1,1,0,0,0,31CN2,56.01858,9.0,2.5,2004-12-25,66.16596,22.0,6.25,2000-09-25,66839.0,66.16596,22.0,6.25,2000-09-25,66839.0
3,Arunachal Pradesh,1,C,CRPF,N,UR,9,1,1,1,1,0,0,0,31CN9,54.50865,18.25,12.25,2002-06-12,60.16475,16.25,14.5,2005-11-14,69548.0,60.16475,16.25,14.5,2005-11-14,69548.0
3,Arunachal Pradesh,1,E,ITBP,B,EWS,0,3,3,3,0,3,0,0,31EB0,,,,,,,,,,,,,,
3,Arunachal Pradesh,1,E,ITBP,B,ST,2,13,13,13,13,0,0,0,31EB2,45.71678,13.25,3.25,2003-10-20,49.24133,15.25,13.0,2003-01-01,72002.0,49.24133,15.25,13.0,2003-01-01,72002.0
3,Arunachal Pradesh,1,E,ITBP,B,ESM,3,3,3,3,0,3,0,0,31EB3,,,,,,,,,,,,,,
3,Arunachal Pradesh,1,E,ITBP,B,UR,9,12,12,12,12,0,0,0,31EB9,48.32769,15.5,15.5,2005-12-26,50.09968,24.5,13.25,2005-12-20,71839.0,50.09968,24.5,13.25,2005-12-20,71839.0
3,Arunachal Pradesh,1,E,ITBP,G,UR,9,1,1,1,1,0,0,0,31EG9,49.88388,27.25,5.5,2006-04-12,49.88388,27.25,5.5,2006-04-12,71870.0,49.88388,27.25,5.5,2006-04-12,71870.0
3,Arunachal Pradesh,1,E,ITBP,N,ST,2,1,1,1,1,0,0,0,31EN2,56.01858,9.0,2.5,2004-12-25,65.72136,33.5,-1.75,1998-07-06,67168.0,65.72136,33.5,-1.75,1998-07-06,67168.0
3,Arunachal Pradesh,1,E,ITBP,N,UR,9,1,1,1,1,0,0,0,31EN9,54.50865,18.25,12.25,2002-06-12,56.23883,10.75,13.0,2004-05-16,70609.0,56.23883,10.75,13.0,2004-05-16,70609.0
3,Arunachal Pradesh,1,F,AR,B,ST,2,2,2,2,2,0,0,0,31FB2,45.71678,13.25,3.25,2003-10-20,61.40652,20.0,11.25,2000-12-03,69155.0,61.40652,20.0,11.25,2000-12-03,69155.0
3,Arunachal Pradesh,1,F,AR,B,ESM,3,1,1,1,0,1,0,0,31FB3,,,,,,,,,,,,,,
3,Arunachal Pradesh,1,F,AR,B,OBC,6,1,1,1,0,1,0,0,31FB6,,,,,,,,,,,,,,
3,Arunachal Pradesh,1,F,AR,B,UR,9,2,2,2,2,0,0,0,31FB9,48.32769,15.5,15.5,2005-12-26,57.27455,16.0,8.5,2002-06-09,70366.0,57.27455,16.0,8.5,2002-06-09,70366.0
3,Arunachal Pradesh,2,A,BSF,G,EWS,0,1,1,1,0,1,0,0,32AG0,,,,,,,,,,,,,,
3,Arunachal Pradesh,2,A,BSF,G,ST,2,5,5,5,5,0,0,0,32AG2,39.12963,6.25,4.0,1998-02-14,50.92489,9.5,5.25,2001-03-23,71662.0,50.92489,9.5,5.25,2001-03-23,71662.0
3,Arunachal Pradesh,2,A,BSF,G,ESM,3,1,1,1,0,1,0,0,32AG3,,,,,,,,,,,,,,
3,Arunachal Pradesh,2,A,BSF,G,UR,9,4,4,4,4,0,0,0,32AG9,49.44476,31.0,3.75,2005-01-01,57.42012,15.25,8.5,2002-07-05,70328.0,57.42012,15.25,8.5,2002-07-05,70328.0
3,Arunachal Pradesh,2,A,BSF,N,EWS,0,5,5,5,0,5,0,0,32AN0,,,,,,,,,,,,,,
3,Arunachal Pradesh,2,A,BSF,N,SC,1,1,1,1,1,0,0,0,32AN1,35.39242,17.0,2.75,1999-05-12,49.59216,26.5,4.5,2005-01-01,71923.0,49.59216,26.5,4.5,2005-01-01,71923.0
3,Arunachal Pradesh,2,A,BSF,N,ST,2,22,22,22,22,0,0,0,32AN2,43.17681,13.0,4.0,2000-05-05,53.03155,15.0,2.0,2003-08-20,71224.0,53.03155,15.0,2.0,2003-08-20,71224.0
3,Arunachal Pradesh,2,A,BSF,N,ESM,3,5,5,5,0,5,0,0,32AN3,,,,,,,,,,,,,,
3,Arunachal Pradesh,2,A,BSF,N,UR,9,22,22,22,22,0,0,0,32AN9,51.74993,11.75,15.75,2002-10-09,58.78668,16.5,7.0,2003-03-10,69974.0,58.78668,16.5,7.0,2003-03-10,69974.0
3,Arunachal Pradesh,2,B,CISF,B,EWS,0,2,2,2,0,2,0,0,32BB0,,,,,,,,,,,,,,
3,Arunachal Pradesh,2,B,CISF,B,ST,2,13,13,13,13,0,0,0,32BB2,32.97501,7.75,9.25,2006-01-31,45.65725,4.0,17.5,2006-08-20,72595.0,45.65725,4.0,17.5,2006-08-20,72595.0
3,Arunachal Pradesh,2,B,CISF,B,ESM,3,3,3,3,0,3,0,0,32BB3,,,,,,,,,,,,,,
3,Arunachal Pradesh,2,B,CISF,B,UR,9,12,12,12,3,9,0,0,32BB9,48.3538,2.25,6.75,2005-09-30,49.85893,18.0,8.75,2006-08-14,71877.0,49.85893,18.0,8.75,2006-08-14,71877.0
3,Arunachal Pradesh,2,B,CISF,G,EWS,0,1,1,1,0,1,0,0,32BG0,,,,,,,,,,,,,,
3,Arunachal Pradesh,2,B,CISF,G,ST,2,7,7,7,7,0,0,0,32BG2,39.12963,6.25,4.0,1998-02-14,45.26171,10.75,6.75,2000-10-02,72645.0,45.26171,10.75,6.75,2000-10-02,72645.0
3,Arunachal Pradesh,2,B,CISF,G,ESM,3,2,2,2,0,2,0,0,32BG3,,,,,,,,,,,,,,
3,Arunachal Pradesh,2,B,CISF,G,UR,9,7,7,7,0,7,0,0,32BG9,49.44476,31.0,3.75,2005-01-01,,,,,,,,,,
3,Arunachal Pradesh,2,B,CISF,N,EWS,0,5,5,5,0,5,0,0,32BN0,,,,,,,,,,,,,,
3,Arunachal Pradesh,2,B,CISF,N,SC,1,1,1,1,0,1,0,0,32BN1,35.39242,17.0,2.75,1999-05-12,,,,,,,,,,
3,Arunachal Pradesh,2,B,CISF,N,ST,2,25,25,25,25,0,0,0,32BN2,43.17681,13.0,4.0,2000-05-05,49.2527,17.5,13.0,2002-02-01,71999.0,49.2527,17.5,13.0,2002-02-01,71999.0
3,Arunachal Pradesh,2,B,CISF,N,ESM,3,6,6,6,0,6,0,0,32BN3,,,,,,,,,,,,,,
3,Arunachal Pradesh,2,B,CISF,N,UR,9,24,24,24,20,4,0,0,32BN9,51.74993,11.75,15.75,2002-10-09,52.53986,6.75,4.0,2005-07-04,71336.0,52.53986,6.75,4.0,2005-07-04,71336.0
3,Arunachal Pradesh,2,C,CRPF,B,EWS,0,2,2,2,0,2,0,0,32CB0,,,,,,,,,,,,,,
3,Arunachal Pradesh,2,C,CRPF,B,ST,2,10,10,10,10,0,0,0,32CB2,32.97501,7.75,9.25,2006-01-31,45.03327,6.25,13.0,1999-12-21,72677.0,45.03327,6.25,13.0,1999-12-21,72677.0
3,Arunachal Pradesh,2,C,CRPF,B,ESM,3,2,2,2,0,2,0,0,32CB3,,,,,,,,,,,,,,
3,Arunachal Pradesh,2,C,CRPF,B,UR,9,10,10,10,4,6,0,0,32CB9,48.3538,2.25,6.75,2005-09-30,50.4136,11.25,6.0,2002-03-01,71763.0,50.4136,11.25,6.0,2002-03-01,71763.0
3,Arunachal Pradesh,2,C,CRPF,G,EWS,0,1,1,1,0,1,0,0,32CG0,,,,,,,,,,,,,,
3,Arunachal Pradesh,2,C,CRPF,G,ST,2,4,4,4,4,0,0,0,32CG2,39.12963,6.25,4.0,1998-02-14,44.86097,3.75,11.25,1999-09-22,72696.0,44.86097,3.75,11.25,1999-09-22,72696.0
3,Arunachal Pradesh,2,C,CRPF,G,ESM,3,1,1,1,0,1,0,0,32CG3,,,,,,,,,,,,,,
3,Arunachal Pradesh,2,C,CRPF,G,UR,9,3,3,3,2,1,0,0,32CG9,49.44476,31.0,3.75,2005-01-01,52.2733,10.75,6.25,2005-04-08,71390.0,52.2733,10.75,6.25,2005-04-08,71390.0
3,Arunachal Pradesh,2,C,CRPF,N,EWS,0,5,5,5,0,5,0,0,32CN0,,,,,,,,,,,,,,
3,Arunachal Pradesh,2,C,CRPF,N,SC,1,1,1,1,0,1,0,0,32CN1,35.39242,17.0,2.75,1999-05-12,,,,,,,,,,
3,Arunachal Pradesh,2,C,CRPF,N,ST,2,23,23,23,23,0,0,0,32CN2,43.17681,13.0,4.0,2000-05-05,46.82353,6.25,10.75,2000-04-20,72411.0,46.82353,6.25,10.75,2000-04-20,72411.0
3,Arunachal Pradesh,2,C,CRPF,N,ESM,3,5,5,5,0,5,0,0,32CN3,,,,,,,,,,,,,,
3,Arunachal Pradesh,2,C,CRPF,N,UR,9,22,22,22,22,0,0,0,32CN9,51.74993,11.75,15.75,2002-10-09,58.05133,21.25,10.75,2002-11-04,70174.0,58.05133,21.25,10.75,2002-11-04,70174.0
3,Arunachal Pradesh,2,D,SSB,N,ST,2,1,1,1,1,0,0,0,32DN2,43.17681,13.0,4.0,2000-05-05,66.48068,19.75,15.25,2002-02-01,66632.0,66.48068,19.75,15.25,2002-02-01,66632.0
3,Arunachal Pradesh,2,D,SSB,N,UR,9,2,2,2,2,0,0,0,32DN9,51.74993,11.75,15.75,2002-10-09,94.10002,35.5,13.0,2002-08-01,41184.0,94.10002,35.5,13.0,2002-08-01,41184.0
3,Arunachal Pradesh,2,E,ITBP,B,EWS,0,19,19,19,0,19,0,0,32EB0,,,,,,,,,,,,,,
3,Arunachal Pradesh,2,E,ITBP,B,SC,1,3,3,3,1,2,0,0,32EB1,50.80111,19.75,10.75,1999-02-01,50.80111,19.75,10.75,1999-02-01,71677.0,50.80111,19.75,10.75,1999-02-01,71677.0
3,Arunachal Pradesh,2,E,ITBP,B,ST,2,72,72,72,72,0,0,0,32EB2,32.97501,7.75,9.25,2006-01-31,40.23173,1.0,15.5,2003-01-28,73151.0,40.23173,1.0,15.5,2003-01-28,73151.0
3,Arunachal Pradesh,2,E,ITBP,B,ESM,3,19,19,19,0,19,0,0,32EB3,,,,,,,,,,,,,,
3,Arunachal Pradesh,2,E,ITBP,B,UR,9,97,97,97,14,83,0,0,32EB9,48.3538,2.25,6.75,2005-09-30,52.26413,16.5,11.0,2003-06-16,71394.0,52.26413,16.5,11.0,2003-06-16,71394.0
3,Arunachal Pradesh,2,E,ITBP,G,ST,2,1,1,1,1,0,0,0,32EG2,39.12963,6.25,4.0,1998-02-14,53.58161,10.75,13.0,1997-01-20,71132.0,53.58161,10.75,13.0,1997-01-20,71132.0
3,Arunachal Pradesh,2,E,ITBP,G,UR,9,2,2,2,2,0,0,0,32EG9,49.44476,31.0,3.75,2005-01-01,52.94784,24.25,-0.5,2004-08-12,71242.0,52.94784,24.25,-0.5,2004-08-12,71242.0
3,Arunachal Pradesh,2,E,ITBP,N,EWS,0,1,1,1,0,1,0,0,32EN0,,,,,,,,,,,,,,
3,Arunachal Pradesh,2,E,ITBP,N,ST,2,4,4,4,4,0,0,0,32EN2,43.17681,13.0,4.0,2000-05-05,59.32393,17.5,15.25,2005-06-05,69785.0,59.32393,17.5,15.25,2005-06-05,69785.0
3,Arunachal Pradesh,2,E,ITBP,N,ESM,3,1,1,1,0,1,0,0,32EN3,,,,,,,,,,,,,,
3,Arunachal Pradesh,2,E,ITBP,N,UR,9,4,4,4,4,0,0,0,32EN9,51.74993,11.75,15.75,2002-10-09,81.43512,29.5,20.5,2004-06-01,54583.0,81.43512,29.5,20.5,2004-06-01,54583.0
3,Arunachal Pradesh,2,F,AR,B,EWS,0,6,6,6,0,6,0,0,32FB0,,,,,,,,,,,,,,
3,Arunachal Pradesh,2,F,AR,B,SC,1,5,5,5,0,5,0,0,32FB1,50.80111,19.75,10.75,1999-02-01,,,,,,,,,,
3,Arunachal Pradesh,2,F,AR,B,ST,2,19,19,19,19,0,0,0,32FB2,32.97501,7.75,9.25,2006-01-31,49.08742,13.0,13.0,2005-03-05,72021.0,49.08742,13.0,13.0,2005-03-05,72021.0
3,Arunachal Pradesh,2,F,AR,B,ESM,3,8,8,8,0,8,0,0,32FB3,,,,,,,,,,,,,,
3,Arunachal Pradesh,2,F,AR,B,OBC,6,7,7,7,0,7,0,0,32FB6,51.78711,15.25,4.0,2001-02-04,,,,,,,,,,
3,Arunachal Pradesh,2,F,AR,B,UR,9,38,38,38,30,8,0,0,32FB9,48.3538,2.25,6.75,2005-09-30,48.3538,2.25,6.75,2005-09-30,72141.0,48.3538,2.25,6.75,2005-09-30,72141.0
3,Arunachal Pradesh,2,F,AR,G,ST,2,1,1,1,1,0,0,0,32FG2,39.12963,6.25,4.0,1998-02-14,63.8602,22.5,1.75,1997-04-20,68094.0,63.8602,22.5,1.75,1997-04-20,68094.0
3,Arunachal Pradesh,2,F,AR,G,OBC,6,1,1,1,0,1,0,0,32FG6,,,,,,,,,,,,,,
3,Arunachal Pradesh,2,F,AR,G,UR,9,1,1,1,1,0,0,0,32FG9,49.44476,31.0,3.75,2005-01-01,85.83854,24.25,9.25,2002-07-02,50030.0,85.83854,24.25,9.25,2002-07-02,50030.0
3,Arunachal Pradesh,2,F,AR,N,ST,2,2,2,2,2,0,0,0,32FN2,43.17681,13.0,4.0,2000-05-05,68.699,24.25,13.75,2002-01-01,65135.0,68.699,24.25,13.75,2002-01-01,65135.0
3,Arunachal Pradesh,2,F,AR,N,UR,9,2,2,2,2,0,0,0,32FN9,51.74993,11.75,15.75,2002-10-09,97.49582,35.75,2.0,2002-01-11,37712.0,97.49582,35.75,2.0,2002-01-11,37712.0
30,Sikkim,1,A,BSF,G,UR,9,2,2,2,1,1,0,0,301AG9,52.28701,9.0,15.25,1999-09-25,58.92927,13.0,10.75,2004-11-03,69929.0,58.92927,13.0,10.75,2004-11-03,69929.0
30,Sikkim,1,B,CISF,B,UR,9,3,3,3,0,3,0,0,301BB9,58.73721,19.75,6.25,2006-08-02,,,,,,,,,,
30,Sikkim,1,B,CISF,G,UR,9,1,1,1,0,1,0,0,301BG9,52.28701,9.0,15.25,1999-09-25,,,,,,,,,,
30,Sikkim,1,E,ITBP,B,EWS,0,5,5,5,0,5,0,0,301EB0,,,,,,,,,,,,,,
30,Sikkim,1,E,ITBP,B,SC,1,3,3,3,0,3,0,0,301EB1,,,,,,,,,,,,,,
30,Sikkim,1,E,ITBP,B,ST,2,10,10,10,1,9,0,0,301EB2,41.95028,17.5,1.75,2003-10-12,41.95028,17.5,1.75,2003-10-12,72990.0,41.95028,17.5,1.75,2003-10-12,72990.0
30,Sikkim,1,E,ITBP,B,ESM,3,5,5,5,0,5,0,0,301EB3,,,,,,,,,,,,,,
30,Sikkim,1,E,ITBP,B,OBC,6,12,12,12,1,11,0,0,301EB6,41.21427,9.5,7.75,2005-01-01,54.45384,19.75,4.0,2001-09-06,70983.0,54.45384,19.75,4.0,2001-09-06,70983.0
30,Sikkim,1,E,ITBP,B,UR,9,18,18,18,1,17,0,0,301EB9,58.73721,19.75,6.25,2006-08-02,78.68287,24.75,4.25,2003-05-28,57215.0,78.68287,24.75,4.25,2003-05-28,57215.0
30,Sikkim,2,A,BSF,G,ST,2,1,1,1,1,0,0,0,302AG2,63.39644,22.25,8.5,2004-12-18,66.69386,20.5,10.75,2005-03-27,66484.0,66.69386,20.5,10.75,2005-03-27,66484.0
30,Sikkim,2,A,BSF,G,OBC,6,1,1,1,0,1,0,0,302AG6,53.31921,12.75,4.0,2005-03-17,,,,,,,,,,
30,Sikkim,2,A,BSF,G,UR,9,1,1,1,1,0,0,0,302AG9,66.82429,19.75,15.25,2006-07-23,77.73343,37.75,8.5,2006-06-13,58150.0,77.73343,37.75,8.5,2006-06-13,58150.0
30,Sikkim,2,B,CISF,B,EWS,0,1,1,1,0,1,0,0,302BB0,45.63606,8.5,17.5,2004-01-15,,,,,,,,,,
30,Sikkim,2,B,CISF,B,ST,2,3,3,3,3,0,0,0,302BB2,32.53993,6.25,22.0,2005-05-23,40.97834,9.0,11.0,2003-04-15,73089.0,40.97834,9.0,11.0,2003-04-15,73089.0
30,Sikkim,2,B,CISF,B,ESM,3,1,1,1,0,1,0,0,302BB3,,,,,,,,,,,,,,
30,Sikkim,2,B,CISF,B,OBC,6,5,5,5,0,5,0,0,302BB6,40.92947,8.5,6.5,2001-12-06,,,,,,,,,,
30,Sikkim,2,B,CISF,B,UR,9,5,5,5,4,1,0,0,302BB9,50.00209,1.75,22.0,2005-01-26,50.1655,14.75,5.5,2002-02-25,71824.0,50.1655,14.75,5.5,2002-02-25,71824.0
30,Sikkim,2,B,CISF,G,ST,2,1,1,1,0,1,0,0,302BG2,63.39644,22.25,8.5,2004-12-18,,,,,,,,,,
30,Sikkim,2,B,CISF,G,ESM,3,1,1,1,0,1,0,0,302BG3,,,,,,,,,,,,,,
30,Sikkim,2,B,CISF,G,OBC,6,1,1,1,0,1,0,0,302BG6,53.31921,12.75,4.0,2005-03-17,,,,,,,,,,
30,Sikkim,2,B,CISF,G,UR,9,3,3,3,0,3,0,0,302BG9,66.82429,19.75,15.25,2006-07-23,,,,,,,,,,
30,Sikkim,2,C,CRPF,B,EWS,0,2,2,2,0,2,0,0,302CB0,45.63606,8.5,17.5,2004-01-15,,,,,,,,,,
30,Sikkim,2,C,CRPF,B,SC,1,1,1,1,0,1,0,0,302CB1,,,,,,,,,,,,,,
30,Sikkim,2,C,CRPF,B,ST,2,5,5,5,5,0,0,0,302CB2,32.53993,6.25,22.0,2005-05-23,39.42145,9.0,11.5,2002-02-25,73197.0,39.42145,9.0,11.5,2002-02-25,73197.0
30,Sikkim,2,C,CRPF,B,ESM,3,3,3,3,0,3,0,0,302CB3,,,,,,,,,,,,,,
30,Sikkim,2,C,CRPF,B,OBC,6,7,7,7,1,6,0,0,302CB6,40.92947,8.5,6.5,2001-12-06,62.06658,20.0,13.75,2001-08-05,68890.0,62.06658,20.0,13.75,2001-08-05,68890.0
30,Sikkim,2,C,CRPF,B,UR,9,12,12,12,3,9,0,0,302CB9,50.00209,1.75,22.0,2005-01-26,54.85405,16.5,2.5,2006-03-03,70873.0,54.85405,16.5,2.5,2006-03-03,70873.0
30,Sikkim,2,C,CRPF,G,ST,2,1,1,1,0,1,0,0,302CG2,63.39644,22.25,8.5,2004-12-18,,,,,,,,,,
30,Sikkim,2,C,CRPF,G,ESM,3,1,1,1,0,1,0,0,302CG3,,,,,,,,,,,,,,
30,Sikkim,2,C,CRPF,G,OBC,6,1,1,1,0,1,0,0,302CG6,53.31921,12.75,4.0,2005-03-17,,,,,,,,,,
30,Sikkim,2,C,CRPF,G,UR,9,3,3,3,0,3,0,0,302CG9,66.82429,19.75,15.25,2006-07-23,,,,,,,,,,
30,Sikkim,2,D,SSB,B,EWS,0,1,1,1,0,1,0,0,302DB0,45.63606,8.5,17.5,2004-01-15,,,,,,,,,,
30,Sikkim,2,D,SSB,B,SC,1,1,1,1,0,1,0,0,302DB1,,,,,,,,,,,,,,
30,Sikkim,2,D,SSB,B,ST,2,4,4,4,4,0,0,0,302DB2,32.53993,6.25,22.0,2005-05-23,34.69773,4.0,-2.75,2005-06-22,73426.0,34.69773,4.0,-2.75,2005-06-22,73426.0
30,Sikkim,2,D,SSB,B,ESM,3,2,2,2,0,2,0,0,302DB3,,,,,,,,,,,,,,
30,Sikkim,2,D,SSB,B,OBC,6,6,6,6,1,5,0,0,302DB6,40.92947,8.5,6.5,2001-12-06,40.92947,8.5,6.5,2001-12-06,73092.0,40.92947,8.5,6.5,2001-12-06,73092.0
30,Sikkim,2,D,SSB,B,UR,9,6,6,6,2,4,0,0,302DB9,50.00209,1.75,22.0,2005-01-26,56.49474,8.5,15.25,2004-05-22,70562.0,56.49474,8.5,15.25,2004-05-22,70562.0
30,Sikkim,2,D,SSB,G,ESM,3,1,1,1,0,1,0,0,302DG3,,,,,,,,,,,,,,
30,Sikkim,2,D,SSB,G,OBC,6,3,3,3,1,2,0,0,302DG6,53.31921,12.75,4.0,2005-03-17,72.59375,23.25,14.5,2001-07-21,62312.0,72.59375,23.25,14.5,2001-07-21,62312.0
30,Sikkim,2,D,SSB,G,UR,9,5,5,5,0,5,0,0,302DG9,66.82429,19.75,15.25,2006-07-23,,,,,,,,,,
30,Sikkim,2,E,ITBP,B,EWS,0,27,27,27,0,27,0,0,302EB0,45.63606,8.5,17.5,2004-01-15,,,,,,,,,,
30,Sikkim,2,E,ITBP,B,SC,1,16,16,16,0,16,0,0,302EB1,,,,,,,,,,,,,,
30,Sikkim,2,E,ITBP,B,ST,2,55,55,55,11,44,0,0,302EB2,32.53993,6.25,22.0,2005-05-23,32.53993,6.25,22.0,2005-05-23,73464.0,32.53993,6.25,22.0,2005-05-23,73464.0
30,Sikkim,2,E,ITBP,B,ESM,3,27,27,27,0,27,0,0,302EB3,,,,,,,,,,,,,,
30,Sikkim,2,E,ITBP,B,OBC,6,71,71,71,0,71,0,0,302EB6,40.92947,8.5,6.5,2001-12-06,,,,,,,,,,
30,Sikkim,2,E,ITBP,B,UR,9,103,103,103,3,100,0,0,302EB9,50.00209,1.75,22.0,2005-01-26,57.12568,17.0,5.25,2003-08-26,70391.0,57.12568,17.0,5.25,2003-08-26,70391.0
31,Tamilnadu,1,A,BSF,G,EWS,0,9,9,9,0,9,0,0,311AG0,75.42534,32.0,5.0,2003-12-16,,,,,,,,,,
31,Tamilnadu,1,A,BSF,G,SC,1,17,17,17,13,4,0,0,311AG1,59.54172,31.0,10.75,2004-06-12,60.97064,19.75,17.5,2002-10-01,69301.0,60.97064,19.75,17.5,2002-10-01,69301.0
31,Tamilnadu,1,A,BSF,G,ST,2,1,1,1,1,0,0,0,311AG2,67.37574,25.25,6.75,2004-12-21,69.51892,26.5,6.25,2000-06-01,64569.0,69.51892,26.5,6.25,2000-06-01,64569.0
31,Tamilnadu,1,A,BSF,G,ESM,3,9,9,9,0,9,0,0,311AG3,,,,,,,,,,,,,,
31,Tamilnadu,1,A,BSF,G,OBC,6,25,25,25,25,0,0,0,311AG6,66.82429,24.25,15.25,2000-05-05,71.80207,33.75,4.25,2004-09-17,62912.0,71.80207,33.75,4.25,2004-09-17,62912.0
31,Tamilnadu,1,A,BSF,G,UR,9,38,38,38,38,0,0,0,311AG9,69.93583,28.75,10.75,2003-05-08,73.67579,35.75,15.0,2002-04-05,61463.0,73.67579,35.75,15.0,2002-04-05,61463.0
31,Tamilnadu,1,B,CISF,G,EWS,0,5,5,5,1,4,0,0,311BG0,75.42534,32.0,5.0,2003-12-16,75.42534,32.0,5.0,2003-12-16,60044.0,75.42534,32.0,5.0,2003-12-16,60044.0
31,Tamilnadu,1,B,CISF,G,SC,1,11,11,11,11,0,0,0,311BG1,59.54172,31.0,10.75,2004-06-12,70.08445,38.0,10.75,1997-05-06,64248.0,70.08445,38.0,10.75,1997-05-06,64248.0
31,Tamilnadu,1,B,CISF,G,ST,2,1,1,1,1,0,0,0,311BG2,67.37574,25.25,6.75,2004-12-21,72.29237,31.25,4.0,2003-10-06,62564.0,72.29237,31.25,4.0,2003-10-06,62564.0
31,Tamilnadu,1,B,CISF,G,ESM,3,6,6,6,0,6,0,0,311BG3,,,,,,,,,,,,,,
31,Tamilnadu,1,B,CISF,G,OBC,6,15,15,15,15,0,0,0,311BG6,66.82429,24.25,15.25,2000-05-05,82.04516,33.25,15.25,2004-09-20,53963.0,82.04516,33.25,15.25,2004-09-20,53963.0
31,Tamilnadu,1,B,CISF,G,UR,9,24,24,24,24,0,0,0,311BG9,69.93583,28.75,10.75,2003-05-08,84.27788,31.25,13.0,2005-08-05,51707.0,84.27788,31.25,13.0,2005-08-05,51707.0
31,Tamilnadu,1,C,CRPF,G,EWS,0,2,2,2,0,2,0,0,311CG0,75.42534,32.0,5.0,2003-12-16,,,,,,,,,,
31,Tamilnadu,1,C,CRPF,G,SC,1,3,3,3,3,0,0,0,311CG1,59.54172,31.0,10.75,2004-06-12,62.89868,24.25,15.25,1999-07-01,68572.0,62.89868,24.25,15.25,1999-07-01,68572.0
31,Tamilnadu,1,C,CRPF,G,ESM,3,2,2,2,0,2,0,0,311CG3,,,,,,,,,,,,,,
31,Tamilnadu,1,C,CRPF,G,OBC,6,5,5,5,5,0,0,0,311CG6,66.82429,24.25,15.25,2000-05-05,79.75851,31.5,13.25,2003-05-23,56202.0,79.75851,31.5,13.25,2003-05-23,56202.0
31,Tamilnadu,1,C,CRPF,G,UR,9,7,7,7,7,0,0,0,311CG9,69.93583,28.75,10.75,2003-05-08,81.27741,40.0,4.75,2004-02-15,54735.0,81.27741,40.0,4.75,2004-02-15,54735.0
31,Tamilnadu,1,E,ITBP,G,EWS,0,2,2,2,0,2,0,0,311EG0,75.42534,32.0,5.0,2003-12-16,,,,,,,,,,
31,Tamilnadu,1,E,ITBP,G,SC,1,4,4,4,4,0,0,0,311EG1,59.54172,31.0,10.75,2004-06-12,59.54172,31.0,10.75,2004-06-12,69726.0,59.54172,31.0,10.75,2004-06-12,69726.0
31,Tamilnadu,1,E,ITBP,G,ESM,3,2,2,2,0,2,0,0,311EG3,,,,,,,,,,,,,,
31,Tamilnadu,1,E,ITBP,G,OBC,6,5,5,5,5,0,0,0,311EG6,66.82429,24.25,15.25,2000-05-05,76.13201,28.75,8.5,2000-05-26,59480.0,76.13201,28.75,8.5,2000-05-26,59480.0
31,Tamilnadu,1,E,ITBP,G,UR,9,7,7,7,7,0,0,0,311EG9,69.93583,28.75,10.75,2003-05-08,75.122,24.25,17.5,2003-06-07,60334.0,75.122,24.25,17.5,2003-06-07,60334.0
31,Tamilnadu,1,F,AR,G,SC,1,1,1,1,1,0,0,0,311FG1,59.54172,31.0,10.75,2004-06-12,73.34217,35.5,10.75,1999-05-21,61719.0,73.34217,35.5,10.75,1999-05-21,61719.0
31,Tamilnadu,1,F,AR,G,ESM,3,1,1,1,0,1,0,0,311FG3,,,,,,,,,,,,,,
31,Tamilnadu,1,F,AR,G,OBC,6,2,2,2,2,0,0,0,311FG6,66.82429,24.25,15.25,2000-05-05,80.49516,29.0,9.25,2002-02-18,55466.0,80.49516,29.0,9.25,2002-02-18,55466.0
31,Tamilnadu,1,F,AR,G,UR,9,2,2,2,2,0,0,0,311FG9,69.93583,28.75,10.75,2003-05-08,82.7369,40.0,8.5,2005-08-13,53314.0,82.7369,40.0,8.5,2005-08-13,53314.0
31,Tamilnadu,2,A,BSF,G,EWS,0,49,49,49,4,45,0,0,312AG0,42.57405,26.75,4.5,2003-10-17,43.81029,8.5,4.25,2006-06-25,72824.0,43.81029,8.5,4.25,2006-06-25,72824.0
31,Tamilnadu,2,A,BSF,G,SC,1,92,92,92,92,0,0,0,312AG1,54.29808,26.5,-0.5,2002-04-15,67.83394,24.25,15.25,2002-08-13,65814.0,67.83394,24.25,15.25,2002-08-13,65814.0
31,Tamilnadu,2,A,BSF,G,ST,2,5,5,5,5,0,0,0,312AG2,54.61823,31.5,4.75,2004-05-25,56.12318,17.5,15.25,2000-06-03,70617.0,56.12318,17.5,15.25,2000-06-03,70617.0
31,Tamilnadu,2,A,BSF,G,ESM,3,49,49,49,0,49,0,0,312AG3,46.37259,15.25,4.0,1978-10-30,,,,,,,,,,
31,Tamilnadu,2,A,BSF,G,OBC,6,131,131,131,131,0,0,0,312AG6,62.03661,21.25,17.0,1999-08-29,77.6745,28.75,17.5,1999-07-05,58223.0,77.6745,28.75,17.5,1999-07-05,58223.0
31,Tamilnadu,2,A,BSF,G,UR,9,210,210,210,210,0,0,0,312AG9,62.55637,19.25,2.75,2003-11-22,76.65504,31.0,-0.5,2003-07-17,59067.0,76.65504,31.0,-0.5,2003-07-17,59067.0
31,Tamilnadu,2,B,CISF,G,EWS,0,44,44,44,11,33,0,0,312BG0,42.57405,26.75,4.5,2003-10-17,42.57405,26.75,4.5,2003-10-17,72935.0,42.57405,26.75,4.5,2003-10-17,72935.0
31,Tamilnadu,2,B,CISF,G,SC,1,88,88,88,88,0,0,0,312BG1,54.29808,26.5,-0.5,2002-04-15,79.00037,28.75,10.75,2000-06-02,56962.0,79.00037,28.75,10.75,2000-06-02,56962.0
31,Tamilnadu,2,B,CISF,G,ST,2,5,5,5,5,0,0,0,312BG2,54.61823,31.5,4.75,2004-05-25,68.77323,37.75,7.5,1999-03-11,65099.0,68.77323,37.75,7.5,1999-03-11,65099.0
31,Tamilnadu,2,B,CISF,G,ESM,3,47,47,47,1,46,0,0,312BG3,46.37259,15.25,4.0,1978-10-30,71.04272,17.5,20.25,1984-04-01,63497.0,71.04272,17.5,20.25,1984-04-01,63497.0
31,Tamilnadu,2,B,CISF,G,OBC,6,127,127,127,127,0,0,0,312BG6,62.03661,21.25,17.0,1999-08-29,90.016,14.25,15.25,2000-12-22,45478.0,90.016,14.25,15.25,2000-12-22,45478.0
31,Tamilnadu,2,B,CISF,G,UR,9,202,202,201,201,0,1,1,312BG9,62.55637,19.25,2.75,2003-11-22,88.39948,33.75,15.25,2006-12-02,47218.0,88.39948,33.75,15.25,2006-12-02,47218.0
31,Tamilnadu,2,C,CRPF,G,EWS,0,41,41,41,2,39,0,0,312CG0,42.57405,26.75,4.5,2003-10-17,44.67747,33.75,-0.5,2006-05-21,72719.0,44.67747,33.75,-0.5,2006-05-21,72719.0
31,Tamilnadu,2,C,CRPF,G,SC,1,78,78,78,78,0,0,0,312CG1,54.29808,26.5,-0.5,2002-04-15,67.35599,25.5,4.5,2003-06-15,66084.0,67.35599,25.5,4.5,2003-06-15,66084.0
31,Tamilnadu,2,C,CRPF,G,ST,2,4,4,4,4,0,0,0,312CG2,54.61823,31.5,4.75,2004-05-25,58.20016,28.75,17.5,2004-05-20,70139.0,58.20016,28.75,17.5,2004-05-20,70139.0
31,Tamilnadu,2,C,CRPF,G,ESM,3,41,41,41,1,40,0,0,312CG3,46.37259,15.25,4.0,1978-10-30,46.37259,15.25,4.0,1978-10-30,72483.0,46.37259,15.25,4.0,1978-10-30,72483.0
31,Tamilnadu,2,C,CRPF,G,OBC,6,110,110,109,109,0,1,1,312CG6,62.03661,21.25,17.0,1999-08-29,80.11132,35.75,6.5,2001-07-04,55827.0,80.11132,35.75,6.5,2001-07-04,55827.0
31,Tamilnadu,2,C,CRPF,G,UR,9,176,176,176,176,0,0,0,312CG9,62.55637,19.25,2.75,2003-11-22,76.76523,33.25,16.0,2003-08-23,58976.0,76.76523,33.25,16.0,2003-08-23,58976.0
31,Tamilnadu,2,D,SSB,G,EWS,0,4,4,4,4,0,0,0,312DG0,42.57405,26.75,4.5,2003-10-17,52.01001,29.0,0.75,2004-10-20,71436.0,52.01001,29.0,0.75,2004-10-20,71436.0
31,Tamilnadu,2,D,SSB,G,SC,1,9,9,9,9,0,0,0,312DG1,54.29808,26.5,-0.5,2002-04-15,78.81895,35.5,10.75,2000-07-15,57095.0,78.81895,35.5,10.75,2000-07-15,57095.0
31,Tamilnadu,2,D,SSB,G,ESM,3,5,5,5,0,5,0,0,312DG3,46.37259,15.25,4.0,1978-10-30,,,,,,,,,,
31,Tamilnadu,2,D,SSB,G,OBC,6,13,13,13,13,0,0,0,312DG6,62.03661,21.25,17.0,1999-08-29,89.61211,37.75,7.25,2000-08-19,45942.0,89.61211,37.75,7.25,2000-08-19,45942.0
31,Tamilnadu,2,D,SSB,G,UR,9,19,19,19,19,0,0,0,312DG9,62.55637,19.25,2.75,2003-11-22,88.43788,35.5,15.5,2002-07-01,47200.0,88.43788,35.5,15.5,2002-07-01,47200.0
31,Tamilnadu,2,E,ITBP,G,EWS,0,11,11,11,5,6,0,0,312EG0,42.57405,26.75,4.5,2003-10-17,46.37259,13.0,13.0,2006-04-05,72484.0,46.37259,13.0,13.0,2006-04-05,72484.0
31,Tamilnadu,2,E,ITBP,G,SC,1,20,20,20,20,0,0,0,312EG1,54.29808,26.5,-0.5,2002-04-15,71.05941,27.5,15.75,1999-09-24,63481.0,71.05941,27.5,15.75,1999-09-24,63481.0
31,Tamilnadu,2,E,ITBP,G,ST,2,1,1,1,1,0,0,0,312EG2,54.61823,31.5,4.75,2004-05-25,63.50685,20.25,5.0,2004-06-11,68295.0,63.50685,20.25,5.0,2004-06-11,68295.0
31,Tamilnadu,2,E,ITBP,G,ESM,3,11,11,11,0,11,0,0,312EG3,46.37259,15.25,4.0,1978-10-30,,,,,,,,,,
31,Tamilnadu,2,E,ITBP,G,OBC,6,29,29,29,29,0,0,0,312EG6,62.03661,21.25,17.0,1999-08-29,84.46537,35.75,26.5,2001-03-10,51424.0,84.46537,35.75,26.5,2001-03-10,51424.0
31,Tamilnadu,2,E,ITBP,G,UR,9,45,45,45,45,0,0,0,312EG9,62.55637,19.25,2.75,2003-11-22,80.76141,29.25,15.25,2006-10-30,55218.0,80.76141,29.25,15.25,2006-10-30,55218.0
31,Tamilnadu,2,F,AR,G,EWS,0,5,5,5,5,0,0,0,312FG0,42.57405,26.75,4.5,2003-10-17,51.39065,25.0,5.0,2002-12-21,71558.0,51.39065,25.0,5.0,2002-12-21,71558.0
31,Tamilnadu,2,F,AR,G,SC,1,10,10,10,10,0,0,0,312FG1,54.29808,26.5,-0.5,2002-04-15,76.87268,31.0,13.0,2002-09-08,58894.0,76.87268,31.0,13.0,2002-09-08,58894.0
31,Tamilnadu,2,F,AR,G,ST,2,1,1,1,1,0,0,0,312FG2,54.61823,31.5,4.75,2004-05-25,62.89006,31.0,15.25,2002-04-04,68583.0,62.89006,31.0,15.25,2002-04-04,68583.0
31,Tamilnadu,2,F,AR,G,ESM,3,5,5,5,0,5,0,0,312FG3,46.37259,15.25,4.0,1978-10-30,,,,,,,,,,
31,Tamilnadu,2,F,AR,G,OBC,6,14,14,14,14,0,0,0,312FG6,62.03661,21.25,17.0,1999-08-29,86.95012,29.5,18.75,2000-05-01,48760.0,86.95012,29.5,18.75,2000-05-01,48760.0
31,Tamilnadu,2,F,AR,G,UR,9,23,23,23,23,0,0,0,312FG9,62.55637,19.25,2.75,2003-11-22,87.00045,24.25,8.5,2002-10-29,48707.0,87.00045,24.25,8.5,2002-10-29,48707.0
32,Telangana ,1,A,BSF,G,EWS,0,3,3,3,2,1,0,0,321AG0,66.18027,26.5,11.0,2006-05-20,66.18027,26.5,11.0,2006-05-20,66831.0,66.18027,26.5,11.0,2006-05-20,66831.0
32,Telangana ,1,A,BSF,G,SC,1,8,8,8,0,8,0,0,321AG1,105.75602,33.25,19.75,2000-08-10,,,,,,,,,,
32,Telangana ,1,A,BSF,G,ST,2,2,2,2,1,1,0,0,321AG2,95.19828,28.75,14.0,2001-08-12,95.19828,28.75,14.0,2001-08-12,40067.0,95.19828,28.75,14.0,2001-08-12,40067.0
32,Telangana ,1,A,BSF,G,ESM,3,4,4,4,0,4,0,0,321AG3,,,,,,,,,,,,,,
32,Telangana ,1,A,BSF,G,OBC,6,10,10,10,6,4,0,0,321AG6,79.79686,35.75,11.25,1999-12-03,79.79686,35.75,11.25,1999-12-03,56156.0,79.79686,35.75,11.25,1999-12-03,56156.0
32,Telangana ,1,A,BSF,G,UR,9,16,16,16,4,12,0,0,321AG9,82.05211,29.5,5.0,2004-07-19,84.82514,40.0,17.0,2004-06-10,51123.0,84.82514,40.0,17.0,2004-06-10,51123.0
32,Telangana ,1,A,BSF,N,EWS,0,2,2,2,0,2,0,0,321AN0,,,,,,,,,,,,,,
32,Telangana ,1,A,BSF,N,SC,1,2,2,2,0,2,0,0,321AN1,76.76331,36.0,10.75,1998-08-20,,,,,,,,,,
32,Telangana ,1,A,BSF,N,ST,2,1,1,1,1,0,0,0,321AN2,80.2245,31.5,10.0,2001-02-10,80.2245,31.5,10.0,2001-02-10,55714.0,80.2245,31.5,10.0,2001-02-10,55714.0
32,Telangana ,1,A,BSF,N,ESM,3,1,1,1,0,1,0,0,321AN3,,,,,,,,,,,,,,
32,Telangana ,1,A,BSF,N,OBC,6,3,3,3,0,3,0,0,321AN6,42.0576,19.75,8.5,2002-09-12,,,,,,,,,,
32,Telangana ,1,A,BSF,N,UR,9,6,6,6,1,5,0,0,321AN9,57.16152,22.25,2.5,2004-07-13,60.30467,31.25,3.0,2003-09-11,69528.0,60.30467,31.25,3.0,2003-09-11,69528.0
32,Telangana ,1,B,CISF,G,EWS,0,2,2,2,2,0,0,0,321BG0,66.18027,26.5,11.0,2006-05-20,72.39701,22.0,15.25,2003-04-15,62481.0,72.39701,22.0,15.25,2003-04-15,62481.0
32,Telangana ,1,B,CISF,G,SC,1,4,4,4,1,3,0,0,321BG1,105.75602,33.25,19.75,2000-08-10,115.52138,40.0,15.5,2001-08-10,22521.0,115.52138,40.0,15.5,2001-08-10,22521.0
32,Telangana ,1,B,CISF,G,ST,2,2,2,2,2,0,0,0,321BG2,95.19828,28.75,14.0,2001-08-12,97.48313,33.25,13.75,2001-05-18,37721.0,97.48313,33.25,13.75,2001-05-18,37721.0
32,Telangana ,1,B,CISF,G,ESM,3,2,2,2,0,2,0,0,321BG3,,,,,,,,,,,,,,
32,Telangana ,1,B,CISF,G,OBC,6,6,6,6,6,0,0,0,321BG6,79.79686,35.75,11.25,1999-12-03,94.57897,33.5,6.25,2000-06-08,40730.0,94.57897,33.5,6.25,2000-06-08,40730.0
32,Telangana ,1,B,CISF,G,UR,9,10,10,10,10,0,0,0,321BG9,82.05211,29.5,5.0,2004-07-19,95.99198,31.0,15.25,2003-10-23,39337.0,95.99198,31.0,15.25,2003-10-23,39337.0
32,Telangana ,1,B,CISF,N,EWS,0,1,1,1,0,1,0,0,321BN0,,,,,,,,,,,,,,
32,Telangana ,1,B,CISF,N,SC,1,1,1,1,1,0,0,0,321BN1,76.76331,36.0,10.75,1998-08-20,76.76331,36.0,10.75,1998-08-20,58977.0,76.76331,36.0,10.75,1998-08-20,58977.0
32,Telangana ,1,B,CISF,N,ESM,3,1,1,1,0,1,0,0,321BN3,,,,,,,,,,,,,,
32,Telangana ,1,B,CISF,N,OBC,6,2,2,2,1,1,0,0,321BN6,42.0576,19.75,8.5,2002-09-12,42.0576,19.75,8.5,2002-09-12,72978.0,42.0576,19.75,8.5,2002-09-12,72978.0
32,Telangana ,1,B,CISF,N,UR,9,2,2,2,2,0,0,0,321BN9,57.16152,22.25,2.5,2004-07-13,60.71738,24.75,7.5,2005-03-01,69395.0,60.71738,24.75,7.5,2005-03-01,69395.0
32,Telangana ,1,C,CRPF,G,EWS,0,1,1,1,1,0,0,0,321CG0,66.18027,26.5,11.0,2006-05-20,84.3989,33.25,13.0,2004-08-13,51582.0,84.3989,33.25,13.0,2004-08-13,51582.0
32,Telangana ,1,C,CRPF,G,SC,1,1,1,1,0,1,0,0,321CG1,105.75602,33.25,19.75,2000-08-10,,,,,,,,,,
32,Telangana ,1,C,CRPF,G,ST,2,1,1,1,1,0,0,0,321CG2,95.19828,28.75,14.0,2001-08-12,98.3154,31.0,16.25,2001-04-02,36998.0,98.3154,31.0,16.25,2001-04-02,36998.0
32,Telangana ,1,C,CRPF,G,ESM,3,1,1,1,0,1,0,0,321CG3,,,,,,,,,,,,,,
32,Telangana ,1,C,CRPF,G,OBC,6,2,2,2,2,0,0,0,321CG6,79.79686,35.75,11.25,1999-12-03,108.75542,40.0,19.5,2001-01-03,27520.0,108.75542,40.0,19.5,2001-01-03,27520.0
32,Telangana ,1,C,CRPF,G,UR,9,3,3,3,3,0,0,0,321CG9,82.05211,29.5,5.0,2004-07-19,86.50803,37.75,11.25,2002-05-29,49277.0,86.50803,37.75,11.25,2002-05-29,49277.0
32,Telangana ,1,C,CRPF,N,OBC,6,1,1,1,0,1,0,0,321CN6,42.0576,19.75,8.5,2002-09-12,,,,,,,,,,
32,Telangana ,1,C,CRPF,N,UR,9,1,1,1,1,0,0,0,321CN9,57.16152,22.25,2.5,2004-07-13,60.36152,22.25,2.5,2004-07-13,69510.0,60.36152,22.25,2.5,2004-07-13,69510.0
32,Telangana ,1,E,ITBP,G,EWS,0,1,1,1,1,0,0,0,321EG0,66.18027,26.5,11.0,2006-05-20,66.59881,31.0,6.5,2003-05-29,66548.0,66.59881,31.0,6.5,2003-05-29,66548.0
32,Telangana ,1,E,ITBP,G,SC,1,1,1,1,0,1,0,0,321EG1,105.75602,33.25,19.75,2000-08-10,,,,,,,,,,
32,Telangana ,1,E,ITBP,G,ESM,3,1,1,1,0,1,0,0,321EG3,,,,,,,,,,,,,,
32,Telangana ,1,E,ITBP,G,OBC,6,2,2,2,2,0,0,0,321EG6,79.79686,35.75,11.25,1999-12-03,90.20822,33.5,20.25,1999-07-09,45271.0,90.20822,33.5,20.25,1999-07-09,45271.0
32,Telangana ,1,E,ITBP,G,UR,9,2,2,2,1,1,0,0,321EG9,82.05211,29.5,5.0,2004-07-19,86.62927,35.75,15.75,2003-09-25,49145.0,86.62927,35.75,15.75,2003-09-25,49145.0
32,Telangana ,1,E,ITBP,N,UR,9,1,1,1,1,0,0,0,321EN9,57.16152,22.25,2.5,2004-07-13,68.17161,31.25,6.75,2002-04-08,65554.0,68.17161,31.25,6.75,2002-04-08,65554.0
32,Telangana ,1,F,AR,G,OBC,6,1,1,1,1,0,0,0,321FG6,79.79686,35.75,11.25,1999-12-03,90.17685,34.0,16.0,2001-11-15,45327.0,90.17685,34.0,16.0,2001-11-15,45327.0
32,Telangana ,1,F,AR,G,UR,9,1,1,1,1,0,0,0,321FG9,82.05211,29.5,5.0,2004-07-19,87.92618,29.0,19.75,2003-01-20,47702.0,87.92618,29.0,19.75,2003-01-20,47702.0
32,Telangana ,2,A,BSF,G,EWS,0,22,22,22,9,13,0,0,322AG0,43.53757,10.75,6.25,2006-02-05,43.64928,19.75,10.75,2004-10-23,72831.0,43.64928,19.75,10.75,2004-10-23,72831.0
32,Telangana ,2,A,BSF,G,SC,1,35,35,35,11,24,0,0,322AG1,63.59915,33.25,1.75,2004-06-06,64.2926,19.75,21.0,1999-09-12,67886.0,64.2926,19.75,21.0,1999-09-12,67886.0
32,Telangana ,2,A,BSF,G,ST,2,16,16,16,16,0,0,0,322AG2,86.27449,29.0,13.5,1999-03-07,88.9551,29.25,10.75,2000-06-10,46655.0,88.9551,29.25,10.75,2000-06-10,46655.0
32,Telangana ,2,A,BSF,G,ESM,3,22,22,22,1,21,0,0,322AG3,35.22405,12.25,6.25,1984-11-08,35.22405,12.25,6.25,1984-11-08,73404.0,35.22405,12.25,6.25,1984-11-08,73404.0
32,Telangana ,2,A,BSF,G,OBC,6,59,59,58,21,37,1,1,322AG6,70.75093,22.0,13.0,2005-02-28,71.17052,29.25,5.25,2002-12-04,63397.0,71.17052,29.25,5.25,2002-12-04,63397.0
32,Telangana ,2,A,BSF,G,UR,9,88,88,88,63,25,0,0,322AG9,71.94409,31.5,12.25,2002-05-18,72.31388,33.25,4.0,2002-07-18,62539.0,72.31388,33.25,4.0,2002-07-18,62539.0
32,Telangana ,2,A,BSF,N,EWS,0,7,7,7,0,7,0,0,322AN0,,,,,,,,,,,,,,
32,Telangana ,2,A,BSF,N,SC,1,11,11,11,2,9,0,0,322AN1,39.52471,13.0,6.25,2005-06-24,45.36256,24.25,13.0,2001-08-28,72628.0,45.36256,24.25,13.0,2001-08-28,72628.0
32,Telangana ,2,A,BSF,N,ST,2,4,4,4,4,0,0,0,322AN2,73.41454,21.0,10.25,2002-08-07,84.7301,31.25,20.75,2002-10-14,51177.0,84.7301,31.25,20.75,2002-10-14,51177.0
32,Telangana ,2,A,BSF,N,ESM,3,7,7,7,0,7,0,0,322AN3,,,,,,,,,,,,,,
32,Telangana ,2,A,BSF,N,OBC,6,18,18,18,0,18,0,0,322AN6,40.31783,19.75,13.0,2006-04-25,,,,,,,,,,
32,Telangana ,2,A,BSF,N,UR,9,26,26,26,2,24,0,0,322AN9,49.7453,24.25,8.5,2002-08-03,58.55443,19.25,13.0,2003-04-12,70027.0,58.55443,19.25,13.0,2003-04-12,70027.0
32,Telangana ,2,B,CISF,G,EWS,0,21,21,21,18,3,0,0,322BG0,43.53757,10.75,6.25,2006-02-05,45.04258,6.25,10.75,2004-01-18,72670.0,45.04258,6.25,10.75,2004-01-18,72670.0
32,Telangana ,2,B,CISF,G,SC,1,34,34,34,34,0,0,0,322BG1,63.59915,33.25,1.75,2004-06-06,75.29422,26.5,22.0,2006-06-13,60168.0,75.29422,26.5,22.0,2006-06-13,60168.0
32,Telangana ,2,B,CISF,G,ST,2,15,15,15,15,0,0,0,322BG2,86.27449,29.0,13.5,1999-03-07,103.71676,35.5,13.5,2000-04-16,31886.0,103.71676,35.5,13.5,2000-04-16,31886.0
32,Telangana ,2,B,CISF,G,ESM,3,21,21,21,1,20,0,0,322BG3,35.22405,12.25,6.25,1984-11-08,35.56468,16.0,7.25,1983-07-12,73383.0,35.56468,16.0,7.25,1983-07-12,73383.0
32,Telangana ,2,B,CISF,G,OBC,6,58,58,57,57,0,1,1,322BG6,70.75093,22.0,13.0,2005-02-28,88.91078,35.5,18.0,2001-12-21,46686.0,88.91078,35.5,18.0,2001-12-21,46686.0
32,Telangana ,2,B,CISF,G,UR,9,86,86,86,86,0,0,0,322BG9,71.94409,31.5,12.25,2002-05-18,90.72166,31.75,14.5,2002-01-12,44776.0,90.72166,31.75,14.5,2002-01-12,44776.0
32,Telangana ,2,B,CISF,N,EWS,0,5,5,5,0,5,0,0,322BN0,,,,,,,,,,,,,,
32,Telangana ,2,B,CISF,N,SC,1,9,9,9,5,4,0,0,322BN1,39.52471,13.0,6.25,2005-06-24,39.52471,13.0,6.25,2005-06-24,73191.0,39.52471,13.0,6.25,2005-06-24,73191.0
32,Telangana ,2,B,CISF,N,ST,2,4,4,4,4,0,0,0,322BN2,73.41454,21.0,10.25,2002-08-07,97.61407,29.25,14.5,2001-08-12,37608.0,97.61407,29.25,14.5,2001-08-12,37608.0
32,Telangana ,2,B,CISF,N,ESM,3,5,5,5,0,5,0,0,322BN3,,,,,,,,,,,,,,
32,Telangana ,2,B,CISF,N,OBC,6,14,14,14,9,5,0,0,322BN6,40.31783,19.75,13.0,2006-04-25,50.42406,31.0,1.25,2001-09-17,71752.0,50.42406,31.0,1.25,2001-09-17,71752.0
32,Telangana ,2,B,CISF,N,UR,9,22,22,22,10,12,0,0,322BN9,49.7453,24.25,8.5,2002-08-03,49.7453,24.25,8.5,2002-08-03,71901.0,49.7453,24.25,8.5,2002-08-03,71901.0
32,Telangana ,2,C,CRPF,G,EWS,0,20,20,20,3,17,0,0,322CG0,43.53757,10.75,6.25,2006-02-05,45.05272,10.75,6.25,2003-07-01,72668.0,45.05272,10.75,6.25,2003-07-01,72668.0
32,Telangana ,2,C,CRPF,G,SC,1,32,32,32,25,7,0,0,322CG1,63.59915,33.25,1.75,2004-06-06,63.59915,33.25,1.75,2004-06-06,68219.0,63.59915,33.25,1.75,2004-06-06,68219.0
32,Telangana ,2,C,CRPF,G,ST,2,14,14,14,14,0,0,0,322CG2,86.27449,29.0,13.5,1999-03-07,97.72698,34.0,9.25,2002-05-17,37537.0,97.72698,34.0,9.25,2002-05-17,37537.0
32,Telangana ,2,C,CRPF,G,ESM,3,20,20,20,0,20,0,0,322CG3,35.22405,12.25,6.25,1984-11-08,,,,,,,,,,
32,Telangana ,2,C,CRPF,G,OBC,6,54,54,54,42,12,0,0,322CG6,70.75093,22.0,13.0,2005-02-28,70.75093,22.0,13.0,2005-02-28,63765.0,70.75093,22.0,13.0,2005-02-28,63765.0
32,Telangana ,2,C,CRPF,G,UR,9,80,80,80,76,4,0,0,322CG9,71.94409,31.5,12.25,2002-05-18,71.94409,31.5,12.25,2002-05-18,62791.0,71.94409,31.5,12.25,2002-05-18,62791.0
32,Telangana ,2,C,CRPF,N,EWS,0,5,5,5,0,5,0,0,322CN0,,,,,,,,,,,,,,
32,Telangana ,2,C,CRPF,N,SC,1,8,8,8,0,8,0,0,322CN1,39.52471,13.0,6.25,2005-06-24,,,,,,,,,,
32,Telangana ,2,C,CRPF,N,ST,2,3,3,3,3,0,0,0,322CN2,73.41454,21.0,10.25,2002-08-07,83.80045,29.0,13.5,1999-02-03,52222.0,83.80045,29.0,13.5,1999-02-03,52222.0
32,Telangana ,2,C,CRPF,N,ESM,3,5,5,5,0,5,0,0,322CN3,,,,,,,,,,,,,,
32,Telangana ,2,C,CRPF,N,OBC,6,13,13,13,3,10,0,0,322CN6,40.31783,19.75,13.0,2006-04-25,40.31783,19.75,13.0,2006-04-25,73139.0,40.31783,19.75,13.0,2006-04-25,73139.0
32,Telangana ,2,C,CRPF,N,UR,9,20,20,20,0,20,0,0,322CN9,49.7453,24.25,8.5,2002-08-03,,,,,,,,,,
32,Telangana ,2,D,SSB,G,EWS,0,1,1,1,1,0,0,0,322DG0,43.53757,10.75,6.25,2006-02-05,80.76273,31.0,15.25,2002-07-20,55211.0,80.76273,31.0,15.25,2002-07-20,55211.0
32,Telangana ,2,D,SSB,G,SC,1,2,2,2,2,0,0,0,322DG1,63.59915,33.25,1.75,2004-06-06,74.47712,29.0,22.5,2000-06-16,60829.0,74.47712,29.0,22.5,2000-06-16,60829.0
32,Telangana ,2,D,SSB,G,ST,2,1,1,1,1,0,0,0,322DG2,86.27449,29.0,13.5,1999-03-07,113.50458,33.25,13.0,2004-02-18,23879.0,113.50458,33.25,13.0,2004-02-18,23879.0
32,Telangana ,2,D,SSB,G,ESM,3,1,1,1,0,1,0,0,322DG3,35.22405,12.25,6.25,1984-11-08,,,,,,,,,,
32,Telangana ,2,D,SSB,G,OBC,6,3,3,3,3,0,0,0,322DG6,70.75093,22.0,13.0,2005-02-28,100.91474,35.5,8.5,2000-07-29,34442.0,100.91474,35.5,8.5,2000-07-29,34442.0
32,Telangana ,2,D,SSB,G,UR,9,5,5,5,5,0,0,0,322DG9,71.94409,31.5,12.25,2002-05-18,101.4763,28.75,15.25,2003-05-24,33890.0,101.4763,28.75,15.25,2003-05-24,33890.0
32,Telangana ,2,D,SSB,N,ST,2,2,2,2,2,0,0,0,322DN2,73.41454,21.0,10.25,2002-08-07,92.11672,38.0,11.5,1997-04-25,43297.0,92.11672,38.0,11.5,1997-04-25,43297.0
32,Telangana ,2,D,SSB,N,OBC,6,1,1,1,1,0,0,0,322DN6,40.31783,19.75,13.0,2006-04-25,85.85187,31.0,18.0,2002-01-01,50000.0,85.85187,31.0,18.0,2002-01-01,50000.0
32,Telangana ,2,D,SSB,N,UR,9,1,1,1,1,0,0,0,322DN9,49.7453,24.25,8.5,2002-08-03,86.78184,31.25,9.0,2002-03-10,49008.0,86.78184,31.25,9.0,2002-03-10,49008.0
32,Telangana ,2,E,ITBP,G,EWS,0,4,4,4,1,3,0,0,322EG0,43.53757,10.75,6.25,2006-02-05,70.42968,28.75,4.0,2005-05-12,64021.0,70.42968,28.75,4.0,2005-05-12,64021.0
32,Telangana ,2,E,ITBP,G,SC,1,7,7,7,7,0,0,0,322EG1,63.59915,33.25,1.75,2004-06-06,66.74445,29.75,6.5,2000-04-11,66456.0,66.74445,29.75,6.5,2000-04-11,66456.0
32,Telangana ,2,E,ITBP,G,ST,2,3,3,3,3,0,0,0,322EG2,86.27449,29.0,13.5,1999-03-07,95.3945,40.0,13.75,1999-09-11,39904.0,95.3945,40.0,13.75,1999-09-11,39904.0
32,Telangana ,2,E,ITBP,G,ESM,3,4,4,4,0,4,0,0,322EG3,35.22405,12.25,6.25,1984-11-08,,,,,,,,,,
32,Telangana ,2,E,ITBP,G,OBC,6,11,11,11,11,0,0,0,322EG6,70.75093,22.0,13.0,2005-02-28,82.40675,37.75,13.25,2000-10-12,53614.0,82.40675,37.75,13.25,2000-10-12,53614.0
32,Telangana ,2,E,ITBP,G,UR,9,18,18,18,18,0,0,0,322EG9,71.94409,31.5,12.25,2002-05-18,84.46583,24.25,19.75,2004-10-08,51423.0,84.46583,24.25,19.75,2004-10-08,51423.0
32,Telangana ,2,E,ITBP,N,EWS,0,1,1,1,0,1,0,0,322EN0,,,,,,,,,,,,,,
32,Telangana ,2,E,ITBP,N,SC,1,2,2,2,0,2,0,0,322EN1,39.52471,13.0,6.25,2005-06-24,,,,,,,,,,
32,Telangana ,2,E,ITBP,N,ST,2,1,1,1,1,0,0,0,322EN2,73.41454,21.0,10.25,2002-08-07,91.79872,31.25,10.75,2000-08-01,43622.0,91.79872,31.25,10.75,2000-08-01,43622.0
32,Telangana ,2,E,ITBP,N,ESM,3,1,1,1,0,1,0,0,322EN3,,,,,,,,,,,,,,
32,Telangana ,2,E,ITBP,N,OBC,6,3,3,3,0,3,0,0,322EN6,40.31783,19.75,13.0,2006-04-25,,,,,,,,,,
32,Telangana ,2,E,ITBP,N,UR,9,6,6,6,0,6,0,0,322EN9,49.7453,24.25,8.5,2002-08-03,,,,,,,,,,
32,Telangana ,2,F,AR,G,EWS,0,3,3,3,3,0,0,0,322FG0,43.53757,10.75,6.25,2006-02-05,50.16692,17.5,-0.5,2005-09-08,71819.0,50.16692,17.5,-0.5,2005-09-08,71819.0
32,Telangana ,2,F,AR,G,SC,1,4,4,4,1,3,0,0,322FG1,63.59915,33.25,1.75,2004-06-06,77.19701,31.0,17.5,1997-09-24,58650.0,77.19701,31.0,17.5,1997-09-24,58650.0
32,Telangana ,2,F,AR,G,ST,2,1,1,1,1,0,0,0,322FG2,86.27449,29.0,13.5,1999-03-07,100.50715,31.0,17.0,2001-07-25,34939.0,100.50715,31.0,17.0,2001-07-25,34939.0
32,Telangana ,2,F,AR,G,ESM,3,2,2,2,0,2,0,0,322FG3,35.22405,12.25,6.25,1984-11-08,,,,,,,,,,
32,Telangana ,2,F,AR,G,OBC,6,7,7,7,7,0,0,0,322FG6,70.75093,22.0,13.0,2005-02-28,84.46199,31.0,10.75,2002-09-04,51436.0,84.46199,31.0,10.75,2002-09-04,51436.0
32,Telangana ,2,F,AR,G,UR,9,9,9,9,9,0,0,0,322FG9,71.94409,31.5,12.25,2002-05-18,87.92493,33.25,19.75,2002-12-02,47718.0,87.92493,33.25,19.75,2002-12-02,47718.0
32,Telangana ,2,F,AR,N,SC,1,1,1,1,0,1,0,0,322FN1,39.52471,13.0,6.25,2005-06-24,,,,,,,,,,
32,Telangana ,2,F,AR,N,ESM,3,1,1,1,0,1,0,0,322FN3,,,,,,,,,,,,,,
32,Telangana ,2,F,AR,N,OBC,6,2,2,2,0,2,0,0,322FN6,40.31783,19.75,13.0,2006-04-25,,,,,,,,,,
32,Telangana ,2,F,AR,N,UR,9,3,3,3,1,2,0,0,322FN9,49.7453,24.25,8.5,2002-08-03,78.66046,28.75,6.25,2004-01-01,57252.0,78.66046,28.75,6.25,2004-01-01,57252.0
33,Tripura,1,A,BSF,B,EWS,0,3,3,3,0,3,0,0,331AB0,,,,,,,,,,,,,,
33,Tripura,1,A,BSF,B,SC,1,5,5,5,5,0,0,0,331AB1,42.67795,17.75,7.75,2002-12-25,57.99372,21.0,9.25,2004-12-27,70199.0,57.99372,21.0,9.25,2004-12-27,70199.0
33,Tripura,1,A,BSF,B,ST,2,10,10,10,10,0,0,0,331AB2,42.31733,12.0,16.5,2002-01-25,45.53477,22.0,13.0,2003-10-14,72616.0,45.53477,22.0,13.0,2003-10-14,72616.0
33,Tripura,1,A,BSF,B,ESM,3,3,3,3,0,3,0,0,331AB3,,,,,,,,,,,,,,
33,Tripura,1,A,BSF,B,UR,9,12,12,12,12,0,0,0,331AB9,51.47933,28.75,10.75,2006-04-04,66.42068,28.75,10.75,2004-11-13,66660.0,66.42068,28.75,10.75,2004-11-13,66660.0
33,Tripura,1,A,BSF,G,SC,1,2,2,2,0,2,0,0,331AG1,,,,,,,,,,,,,,
33,Tripura,1,A,BSF,G,ST,2,2,2,2,2,0,0,0,331AG2,41.55634,15.25,8.5,2006-11-10,44.58976,11.0,15.5,2000-06-08,72730.0,44.58976,11.0,15.5,2000-06-08,72730.0
33,Tripura,1,A,BSF,G,ESM,3,1,1,1,0,1,0,0,331AG3,,,,,,,,,,,,,,
33,Tripura,1,A,BSF,G,UR,9,3,3,3,3,0,0,0,331AG9,50.41486,13.0,1.75,2002-07-01,64.52698,24.25,8.5,2006-05-21,67745.0,64.52698,24.25,8.5,2006-05-21,67745.0
33,Tripura,1,A,BSF,N,EWS,0,2,2,2,0,2,0,0,331AN0,42.82459,20.5,3.5,2005-06-08,,,,,,,,,,
33,Tripura,1,A,BSF,N,SC,1,4,4,4,4,0,0,0,331AN1,48.5833,17.5,10.75,1998-08-20,68.02801,29.0,11.25,2001-07-18,65681.0,68.02801,29.0,11.25,2001-07-18,65681.0
33,Tripura,1,A,BSF,N,ST,2,7,7,7,7,0,0,0,331AN2,48.45702,19.75,6.5,2003-01-09,53.92592,18.25,8.5,1998-04-02,71084.0,53.92592,18.25,8.5,1998-04-02,71084.0
33,Tripura,1,A,BSF,N,ESM,3,2,2,2,0,2,0,0,331AN3,,,,,,,,,,,,,,
33,Tripura,1,A,BSF,N,OBC,6,1,1,1,0,1,0,0,331AN6,,,,,,,,,,,,,,
33,Tripura,1,A,BSF,N,UR,9,9,9,9,9,0,0,0,331AN9,63.54643,22.25,13.0,2004-01-01,72.48301,31.25,1.75,2005-07-25,62417.0,72.48301,31.25,1.75,2005-07-25,62417.0
33,Tripura,1,B,CISF,B,EWS,0,1,1,1,0,1,0,0,331BB0,,,,,,,,,,,,,,
33,Tripura,1,B,CISF,B,SC,1,2,2,2,2,0,0,0,331BB1,42.67795,17.75,7.75,2002-12-25,74.48732,31.0,7.25,2004-12-31,60823.0,74.48732,31.0,7.25,2004-12-31,60823.0
33,Tripura,1,B,CISF,B,ST,2,3,3,3,3,0,0,0,331BB2,42.31733,12.0,16.5,2002-01-25,52.31326,24.25,13.25,2000-03-08,71379.0,52.31326,24.25,13.25,2000-03-08,71379.0
33,Tripura,1,B,CISF,B,ESM,3,1,1,1,0,1,0,0,331BB3,,,,,,,,,,,,,,
33,Tripura,1,B,CISF,B,UR,9,5,5,5,5,0,0,0,331BB9,51.47933,28.75,10.75,2006-04-04,79.27689,29.0,11.5,2002-07-29,56646.0,79.27689,29.0,11.5,2002-07-29,56646.0
33,Tripura,1,B,CISF,G,EWS,0,1,1,1,0,1,0,0,331BG0,,,,,,,,,,,,,,
33,Tripura,1,B,CISF,G,ST,2,2,2,2,2,0,0,0,331BG2,41.55634,15.25,8.5,2006-11-10,50.73065,15.75,8.5,2000-01-12,71693.0,50.73065,15.75,8.5,2000-01-12,71693.0
33,Tripura,1,B,CISF,G,ESM,3,1,1,1,0,1,0,0,331BG3,,,,,,,,,,,,,,
33,Tripura,1,B,CISF,G,UR,9,2,2,2,2,0,0,0,331BG9,50.41486,13.0,1.75,2002-07-01,77.87315,19.75,8.5,2004-08-22,58029.0,77.87315,19.75,8.5,2004-08-22,58029.0
33,Tripura,1,B,CISF,N,EWS,0,2,2,2,1,1,0,0,331BN0,42.82459,20.5,3.5,2005-06-08,42.82459,20.5,3.5,2005-06-08,72915.0,42.82459,20.5,3.5,2005-06-08,72915.0
33,Tripura,1,B,CISF,N,SC,1,3,3,3,3,0,0,0,331BN1,48.5833,17.5,10.75,1998-08-20,79.08768,26.5,13.0,2001-04-29,56835.0,79.08768,26.5,13.0,2001-04-29,56835.0
33,Tripura,1,B,CISF,N,ST,2,5,5,5,5,0,0,0,331BN2,48.45702,19.75,6.5,2003-01-09,64.20797,31.0,10.25,2004-05-07,67921.0,64.20797,31.0,10.25,2004-05-07,67921.0
33,Tripura,1,B,CISF,N,ESM,3,2,2,2,0,2,0,0,331BN3,,,,,,,,,,,,,,
33,Tripura,1,B,CISF,N,UR,9,6,6,6,6,0,0,0,331BN9,63.54643,22.25,13.0,2004-01-01,84.45383,27.5,15.5,2004-07-15,51445.0,84.45383,27.5,15.5,2004-07-15,51445.0
33,Tripura,1,C,CRPF,B,SC,1,1,1,1,1,0,0,0,331CB1,42.67795,17.75,7.75,2002-12-25,73.91012,29.5,8.75,2002-01-01,61249.0,73.91012,29.5,8.75,2002-01-01,61249.0
33,Tripura,1,C,CRPF,B,ST,2,1,1,1,1,0,0,0,331CB2,42.31733,12.0,16.5,2002-01-25,45.62993,22.0,-0.5,2003-09-05,72604.0,45.62993,22.0,-0.5,2003-09-05,72604.0
33,Tripura,1,C,CRPF,B,UR,9,2,2,2,2,0,0,0,331CB9,51.47933,28.75,10.75,2006-04-04,71.3885,31.5,7.25,2002-12-20,63221.0,71.3885,31.5,7.25,2002-12-20,63221.0
33,Tripura,1,C,CRPF,G,UR,9,1,1,1,1,0,0,0,331CG9,50.41486,13.0,1.75,2002-07-01,69.34941,22.5,11.5,2004-10-24,64691.0,69.34941,22.5,11.5,2004-10-24,64691.0
33,Tripura,1,C,CRPF,N,EWS,0,1,1,1,0,1,0,0,331CN0,42.82459,20.5,3.5,2005-06-08,,,,,,,,,,
33,Tripura,1,C,CRPF,N,SC,1,1,1,1,1,0,0,0,331CN1,48.5833,17.5,10.75,1998-08-20,81.08716,37.75,11.0,2001-12-01,54916.0,81.08716,37.75,11.0,2001-12-01,54916.0
33,Tripura,1,C,CRPF,N,ST,2,2,2,2,2,0,0,0,331CN2,48.45702,19.75,6.5,2003-01-09,51.86634,14.0,12.75,2002-02-21,71463.0,51.86634,14.0,12.75,2002-02-21,71463.0
33,Tripura,1,C,CRPF,N,ESM,3,1,1,1,0,1,0,0,331CN3,,,,,,,,,,,,,,
33,Tripura,1,C,CRPF,N,UR,9,2,2,2,2,0,0,0,331CN9,63.54643,22.25,13.0,2004-01-01,75.14067,20.0,12.75,2002-06-16,60297.0,75.14067,20.0,12.75,2002-06-16,60297.0
33,Tripura,1,E,ITBP,N,SC,1,1,1,1,1,0,0,0,331EN1,48.5833,17.5,10.75,1998-08-20,89.80118,35.5,14.25,1998-08-15,45743.0,89.80118,35.5,14.25,1998-08-15,45743.0
33,Tripura,1,E,ITBP,N,ST,2,1,1,1,1,0,0,0,331EN2,48.45702,19.75,6.5,2003-01-09,56.79822,24.25,15.25,1999-01-06,70483.0,56.79822,24.25,15.25,1999-01-06,70483.0
33,Tripura,1,E,ITBP,N,UR,9,2,2,2,2,0,0,0,331EN9,63.54643,22.25,13.0,2004-01-01,83.68911,28.75,13.5,2005-10-28,52314.0,83.68911,28.75,13.5,2005-10-28,52314.0
33,Tripura,1,F,AR,N,UR,9,1,1,1,1,0,0,0,331FN9,63.54643,22.25,13.0,2004-01-01,79.00037,19.75,17.5,2003-01-02,56974.0,79.00037,19.75,17.5,2003-01-02,56974.0
33,Tripura,2,A,BSF,B,EWS,0,16,16,16,0,16,0,0,332AB0,,,,,,,,,,,,,,
33,Tripura,2,A,BSF,B,SC,1,27,27,27,27,0,0,0,332AB1,36.8777,13.0,8.5,2003-10-06,48.4703,6.25,15.25,2005-08-20,72121.0,48.4703,6.25,15.25,2005-08-20,72121.0
33,Tripura,2,A,BSF,B,ST,2,50,50,50,50,0,0,0,332AB2,36.13772,8.5,2.75,2006-07-08,47.17141,19.75,8.75,2005-11-28,72337.0,47.17141,19.75,8.75,2005-11-28,72337.0
33,Tripura,2,A,BSF,B,ESM,3,16,16,16,0,16,0,0,332AB3,,,,,,,,,,,,,,
33,Tripura,2,A,BSF,B,OBC,6,3,3,3,3,0,0,0,332AB6,72.71594,27.0,13.0,1999-06-10,72.71594,27.0,13.0,1999-06-10,62233.0,72.71594,27.0,13.0,1999-06-10,62233.0
33,Tripura,2,A,BSF,B,UR,9,64,64,64,64,0,0,0,332AB9,48.82757,19.0,9.75,2002-01-10,61.14475,15.25,10.75,2006-07-20,69256.0,61.14475,15.25,10.75,2006-07-20,69256.0
33,Tripura,2,A,BSF,G,EWS,0,4,4,4,0,4,0,0,332AG0,,,,,,,,,,,,,,
33,Tripura,2,A,BSF,G,SC,1,7,7,7,7,0,0,0,332AG1,34.60126,17.75,2.75,2004-12-24,46.19842,8.5,8.5,2005-05-28,72514.0,46.19842,8.5,8.5,2005-05-28,72514.0
33,Tripura,2,A,BSF,G,ST,2,13,13,13,13,0,0,0,332AG2,35.06767,15.25,1.75,2003-06-02,45.34608,-0.25,19.75,2002-10-05,72631.0,45.34608,-0.25,19.75,2002-10-05,72631.0
33,Tripura,2,A,BSF,G,ESM,3,4,4,4,0,4,0,0,332AG3,,,,,,,,,,,,,,
33,Tripura,2,A,BSF,G,OBC,6,1,1,1,0,1,0,0,332AG6,70.31862,22.25,10.75,2000-10-16,,,,,,,,,,
33,Tripura,2,A,BSF,G,UR,9,16,16,16,16,0,0,0,332AG9,48.01558,26.5,6.75,2004-06-27,57.95904,20.0,15.25,2003-01-04,70210.0,57.95904,20.0,15.25,2003-01-04,70210.0
33,Tripura,2,A,BSF,N,EWS,0,13,13,13,2,11,0,0,332AN0,41.60585,25.5,4.0,2003-11-15,41.60585,25.5,4.0,2003-11-15,73025.0,41.60585,25.5,4.0,2003-11-15,73025.0
33,Tripura,2,A,BSF,N,SC,1,22,22,22,22,0,0,0,332AN1,45.47643,22.0,10.75,2004-06-15,56.72851,28.75,7.75,2005-04-16,70504.0,56.72851,28.75,7.75,2005-04-16,70504.0
33,Tripura,2,A,BSF,N,ST,2,41,41,41,41,0,0,0,332AN2,43.78877,17.75,5.75,1998-12-09,52.80426,19.75,8.5,2001-07-15,71271.0,52.80426,19.75,8.5,2001-07-15,71271.0
33,Tripura,2,A,BSF,N,ESM,3,13,13,13,0,13,0,0,332AN3,,,,,,,,,,,,,,
33,Tripura,2,A,BSF,N,OBC,6,3,3,3,0,3,0,0,332AN6,79.89778,24.5,17.5,2001-12-30,,,,,,,,,,
33,Tripura,2,A,BSF,N,UR,9,52,52,52,52,0,0,0,332AN9,61.8933,24.75,8.75,2004-04-05,72.02604,24.5,13.5,2003-05-25,62743.0,72.02604,24.5,13.5,2003-05-25,62743.0
33,Tripura,2,B,CISF,B,EWS,0,10,10,10,0,10,0,0,332BB0,,,,,,,,,,,,,,
33,Tripura,2,B,CISF,B,SC,1,16,16,16,16,0,0,0,332BB1,36.8777,13.0,8.5,2003-10-06,61.35484,13.0,24.25,2002-05-31,69179.0,61.35484,13.0,24.25,2002-05-31,69179.0
33,Tripura,2,B,CISF,B,ST,2,30,30,30,30,0,0,0,332BB2,36.13772,8.5,2.75,2006-07-08,51.3613,6.0,19.75,2004-02-14,71566.0,51.3613,6.0,19.75,2004-02-14,71566.0
33,Tripura,2,B,CISF,B,ESM,3,10,10,10,0,10,0,0,332BB3,,,,,,,,,,,,,,
33,Tripura,2,B,CISF,B,OBC,6,2,2,2,2,0,0,0,332BB6,72.71594,27.0,13.0,1999-06-10,84.44563,31.0,4.0,1999-11-01,51457.0,84.44563,31.0,4.0,1999-11-01,51457.0
33,Tripura,2,B,CISF,B,UR,9,39,39,39,39,0,0,0,332BB9,48.82757,19.0,9.75,2002-01-10,72.39126,35.75,3.75,2003-09-27,62488.0,72.39126,35.75,3.75,2003-09-27,62488.0
33,Tripura,2,B,CISF,G,EWS,0,2,2,2,0,2,0,0,332BG0,,,,,,,,,,,,,,
33,Tripura,2,B,CISF,G,SC,1,4,4,4,4,0,0,0,332BG1,34.60126,17.75,2.75,2004-12-24,59.06528,24.5,10.75,2003-12-24,69892.0,59.06528,24.5,10.75,2003-12-24,69892.0
33,Tripura,2,B,CISF,G,ST,2,7,7,7,7,0,0,0,332BG2,35.06767,15.25,1.75,2003-06-02,50.09865,3.25,18.75,2005-07-03,71842.0,50.09865,3.25,18.75,2005-07-03,71842.0
33,Tripura,2,B,CISF,G,ESM,3,2,2,2,0,2,0,0,332BG3,,,,,,,,,,,,,,
33,Tripura,2,B,CISF,G,UR,9,9,9,9,9,0,0,0,332BG9,48.01558,26.5,6.75,2004-06-27,70.47988,22.0,8.5,2004-02-25,63992.0,70.47988,22.0,8.5,2004-02-25,63992.0
33,Tripura,2,B,CISF,N,EWS,0,15,15,15,8,7,0,0,332BN0,41.60585,25.5,4.0,2003-11-15,43.37877,28.75,11.0,2004-12-20,72857.0,43.37877,28.75,11.0,2004-12-20,72857.0
33,Tripura,2,B,CISF,N,SC,1,25,25,25,25,0,0,0,332BN1,45.47643,22.0,10.75,2004-06-15,67.27433,35.5,1.75,2003-08-16,66116.0,67.27433,35.5,1.75,2003-08-16,66116.0
33,Tripura,2,B,CISF,N,ST,2,45,45,45,45,0,0,0,332BN2,43.78877,17.75,5.75,1998-12-09,58.52728,37.75,8.5,2002-01-15,70042.0,58.52728,37.75,8.5,2002-01-15,70042.0
33,Tripura,2,B,CISF,N,ESM,3,15,15,15,0,15,0,0,332BN3,,,,,,,,,,,,,,
33,Tripura,2,B,CISF,N,OBC,6,3,3,3,3,0,0,0,332BN6,79.89778,24.5,17.5,2001-12-30,94.9701,33.5,20.0,2000-03-23,40289.0,94.9701,33.5,20.0,2000-03-23,40289.0
33,Tripura,2,B,CISF,N,UR,9,58,58,58,58,0,0,0,332BN9,61.8933,24.75,8.75,2004-04-05,82.4473,33.25,2.25,2005-02-05,53601.0,82.4473,33.25,2.25,2005-02-05,53601.0
33,Tripura,2,C,CRPF,B,EWS,0,9,9,9,0,9,0,0,332CB0,,,,,,,,,,,,,,
33,Tripura,2,C,CRPF,B,SC,1,15,15,15,15,0,0,0,332CB1,36.8777,13.0,8.5,2003-10-06,54.07813,12.5,10.75,2006-09-19,71051.0,54.07813,12.5,10.75,2006-09-19,71051.0
33,Tripura,2,C,CRPF,B,ST,2,28,28,28,28,0,0,0,332CB2,36.13772,8.5,2.75,2006-07-08,45.26465,22.0,4.0,1999-12-25,72642.0,45.26465,22.0,4.0,1999-12-25,72642.0
33,Tripura,2,C,CRPF,B,ESM,3,9,9,9,0,9,0,0,332CB3,,,,,,,,,,,,,,
33,Tripura,2,C,CRPF,B,OBC,6,2,2,2,1,1,0,0,332CB6,72.71594,27.0,13.0,1999-06-10,73.0967,29.25,10.75,1999-11-04,61928.0,73.0967,29.25,10.75,1999-11-04,61928.0
33,Tripura,2,C,CRPF,B,UR,9,36,36,36,36,0,0,0,332CB9,48.82757,19.0,9.75,2002-01-10,68.05257,28.75,2.0,2005-01-25,65674.0,68.05257,28.75,2.0,2005-01-25,65674.0
33,Tripura,2,C,CRPF,G,EWS,0,2,2,2,0,2,0,0,332CG0,,,,,,,,,,,,,,
33,Tripura,2,C,CRPF,G,SC,1,4,4,4,4,0,0,0,332CG1,34.60126,17.75,2.75,2004-12-24,51.80487,10.75,4.0,2005-01-21,71477.0,51.80487,10.75,4.0,2005-01-21,71477.0
33,Tripura,2,C,CRPF,G,ST,2,7,7,7,7,0,0,0,332CG2,35.06767,15.25,1.75,2003-06-02,44.9978,15.25,4.0,2000-01-04,72682.0,44.9978,15.25,4.0,2000-01-04,72682.0
33,Tripura,2,C,CRPF,G,ESM,3,2,2,2,0,2,0,0,332CG3,,,,,,,,,,,,,,
33,Tripura,2,C,CRPF,G,UR,9,8,8,8,8,0,0,0,332CG9,48.01558,26.5,6.75,2004-06-27,66.69386,31.25,17.25,2004-01-12,66481.0,66.69386,31.25,17.25,2004-01-12,66481.0
33,Tripura,2,C,CRPF,N,EWS,0,14,14,14,4,10,0,0,332CN0,41.60585,25.5,4.0,2003-11-15,46.12206,13.0,13.0,2004-02-11,72524.0,46.12206,13.0,13.0,2004-02-11,72524.0
33,Tripura,2,C,CRPF,N,SC,1,23,23,23,23,0,0,0,332CN1,45.47643,22.0,10.75,2004-06-15,65.73714,33.25,6.25,1998-05-24,67143.0,65.73714,33.25,6.25,1998-05-24,67143.0
33,Tripura,2,C,CRPF,N,ST,2,42,42,42,42,0,0,0,332CN2,43.78877,17.75,5.75,1998-12-09,52.52119,13.0,8.5,2006-02-22,71339.0,52.52119,13.0,8.5,2006-02-22,71339.0
33,Tripura,2,C,CRPF,N,ESM,3,14,14,14,0,14,0,0,332CN3,,,,,,,,,,,,,,
33,Tripura,2,C,CRPF,N,OBC,6,3,3,3,2,1,0,0,332CN6,79.89778,24.5,17.5,2001-12-30,79.89778,24.5,17.5,2001-12-30,56021.0,79.89778,24.5,17.5,2001-12-30,56021.0
33,Tripura,2,C,CRPF,N,UR,9,54,54,54,54,0,0,0,332CN9,61.8933,24.75,8.75,2004-04-05,77.67909,26.5,8.25,2003-12-15,58208.0,77.67909,26.5,8.25,2003-12-15,58208.0
33,Tripura,2,D,SSB,G,UR,9,1,1,1,1,0,0,0,332DG9,48.01558,26.5,6.75,2004-06-27,116.53796,28.75,26.5,2004-11-15,21915.0,116.53796,28.75,26.5,2004-11-15,21915.0
33,Tripura,2,D,SSB,N,EWS,0,1,1,1,1,0,0,0,332DN0,41.60585,25.5,4.0,2003-11-15,82.10447,22.75,15.25,2003-03-06,53909.0,82.10447,22.75,15.25,2003-03-06,53909.0
33,Tripura,2,D,SSB,N,SC,1,1,1,1,1,0,0,0,332DN1,45.47643,22.0,10.75,2004-06-15,108.16298,38.0,15.25,2003-01-14,28013.0,108.16298,38.0,15.25,2003-01-14,28013.0
33,Tripura,2,D,SSB,N,ST,2,3,3,3,3,0,0,0,332DN2,43.78877,17.75,5.75,1998-12-09,64.08042,29.0,15.5,1998-10-29,67973.0,64.08042,29.0,15.5,1998-10-29,67973.0
33,Tripura,2,D,SSB,N,ESM,3,1,1,1,0,1,0,0,332DN3,,,,,,,,,,,,,,
33,Tripura,2,D,SSB,N,UR,9,3,3,3,3,0,0,0,332DN9,61.8933,24.75,8.75,2004-04-05,120.45969,40.0,13.0,2005-06-03,18964.0,120.45969,40.0,13.0,2005-06-03,18964.0
33,Tripura,2,E,ITBP,G,SC,1,1,1,1,1,0,0,0,332EG1,34.60126,17.75,2.75,2004-12-24,74.43779,31.0,8.5,2001-12-20,60849.0,74.43779,31.0,8.5,2001-12-20,60849.0
33,Tripura,2,E,ITBP,G,ST,2,1,1,1,1,0,0,0,332EG2,35.06767,15.25,1.75,2003-06-02,50.65652,22.25,4.0,2001-02-01,71711.0,50.65652,22.25,4.0,2001-02-01,71711.0
33,Tripura,2,E,ITBP,G,UR,9,2,2,2,2,0,0,0,332EG9,48.01558,26.5,6.75,2004-06-27,86.79234,37.75,4.0,2005-11-27,48951.0,86.79234,37.75,4.0,2005-11-27,48951.0
33,Tripura,2,E,ITBP,N,EWS,0,3,3,3,2,1,0,0,332EN0,41.60585,25.5,4.0,2003-11-15,51.28528,16.0,5.75,2005-06-25,71574.0,51.28528,16.0,5.75,2005-06-25,71574.0
33,Tripura,2,E,ITBP,N,SC,1,4,4,4,4,0,0,0,332EN1,45.47643,22.0,10.75,2004-06-15,75.18122,35.5,1.75,2002-01-25,60226.0,75.18122,35.5,1.75,2002-01-25,60226.0
33,Tripura,2,E,ITBP,N,ST,2,8,8,8,8,0,0,0,332EN2,43.78877,17.75,5.75,1998-12-09,50.79401,22.0,1.75,2001-01-05,71679.0,50.79401,22.0,1.75,2001-01-05,71679.0
33,Tripura,2,E,ITBP,N,ESM,3,3,3,3,0,3,0,0,332EN3,,,,,,,,,,,,,,
33,Tripura,2,E,ITBP,N,OBC,6,1,1,1,1,0,0,0,332EN6,79.89778,24.5,17.5,2001-12-30,86.25588,26.5,15.25,2000-04-09,49566.0,86.25588,26.5,15.25,2000-04-09,49566.0
33,Tripura,2,E,ITBP,N,UR,9,10,10,10,10,0,0,0,332EN9,61.8933,24.75,8.75,2004-04-05,87.82806,28.75,1.25,2003-10-10,47859.0,87.82806,28.75,1.25,2003-10-10,47859.0
33,Tripura,2,F,AR,G,ST,2,1,1,1,1,0,0,0,332FG2,35.06767,15.25,1.75,2003-06-02,81.59187,28.75,8.5,1999-10-31,54424.0,81.59187,28.75,8.5,1999-10-31,54424.0
33,Tripura,2,F,AR,G,UR,9,1,1,1,1,0,0,0,332FG9,48.01558,26.5,6.75,2004-06-27,100.93117,35.5,19.75,2003-01-15,34412.0,100.93117,35.5,19.75,2003-01-15,34412.0
33,Tripura,2,F,AR,N,EWS,0,1,1,1,1,0,0,0,332FN0,41.60585,25.5,4.0,2003-11-15,59.15893,31.25,1.5,2004-08-15,69852.0,59.15893,31.25,1.5,2004-08-15,69852.0
33,Tripura,2,F,AR,N,SC,1,2,2,2,2,0,0,0,332FN1,45.47643,22.0,10.75,2004-06-15,103.07068,38.0,15.25,1998-12-18,32570.0,103.07068,38.0,15.25,1998-12-18,32570.0
33,Tripura,2,F,AR,N,ST,2,4,4,4,4,0,0,0,332FN2,43.78877,17.75,5.75,1998-12-09,88.19618,28.75,12.5,2000-01-07,47420.0,88.19618,28.75,12.5,2000-01-07,47420.0
33,Tripura,2,F,AR,N,ESM,3,1,1,1,0,1,0,0,332FN3,,,,,,,,,,,,,,
33,Tripura,2,F,AR,N,UR,9,4,4,4,4,0,0,0,332FN9,61.8933,24.75,8.75,2004-04-05,103.17666,33.25,13.0,2005-02-05,32450.0,103.17666,33.25,13.0,2005-02-05,32450.0
34,Uttar Pradesh ,1,A,BSF,G,EWS,0,19,19,19,19,0,0,0,341AG0,121.51475,33.5,19.75,2005-04-01,128.54613,37.75,18.5,2006-12-10,11872.0,128.54613,37.75,18.5,2006-12-10,11872.0
34,Uttar Pradesh ,1,A,BSF,G,SC,1,41,41,41,41,0,0,0,341AG1,115.27443,33.5,18.5,2001-11-13,120.21345,35.5,8.5,2006-02-18,19223.0,120.21345,35.5,8.5,2006-02-18,19223.0
34,Uttar Pradesh ,1,A,BSF,G,ST,2,2,2,2,0,2,0,0,341AG2,114.08286,37.75,13.75,2004-05-10,,,,,,,,,,
34,Uttar Pradesh ,1,A,BSF,G,ESM,3,19,19,19,0,19,0,0,341AG3,,,,,,,,,,,,,,
34,Uttar Pradesh ,1,A,BSF,G,OBC,6,52,52,52,52,0,0,0,341AG6,125.95815,37.75,24.25,2003-07-01,130.57347,31.0,24.5,2004-11-07,9486.0,130.57347,31.0,24.5,2004-11-07,9486.0
34,Uttar Pradesh ,1,A,BSF,G,UR,9,80,80,80,80,0,0,0,341AG9,127.24414,35.75,13.75,2004-11-20,131.32981,37.75,17.75,2003-01-01,8729.0,131.32981,37.75,17.75,2003-01-01,8729.0
34,Uttar Pradesh ,1,B,CISF,B,EWS,0,5,5,5,5,0,0,0,341BB0,105.76935,28.75,17.5,2002-07-11,118.1975,35.5,19.75,2005-07-05,20658.0,118.1975,35.5,19.75,2005-07-05,20658.0
34,Uttar Pradesh ,1,B,CISF,B,SC,1,11,11,11,11,0,0,0,341BB1,96.04939,31.25,13.0,2006-09-09,101.01456,33.25,8.5,1998-05-14,34358.0,101.01456,33.25,8.5,1998-05-14,34358.0
34,Uttar Pradesh ,1,B,CISF,B,ST,2,1,1,1,1,0,0,0,341BB2,110.73635,37.75,11.75,2001-05-17,122.14567,27.0,21.0,1999-01-04,17730.0,122.14567,27.0,21.0,1999-01-04,17730.0
34,Uttar Pradesh ,1,B,CISF,B,ESM,3,5,5,5,0,5,0,0,341BB3,,,,,,,,,,,,,,
34,Uttar Pradesh ,1,B,CISF,B,OBC,6,14,14,14,14,0,0,0,341BB6,111.82237,36.0,13.5,2003-10-11,121.23606,31.0,22.0,2006-06-13,18500.0,121.23606,31.0,22.0,2006-06-13,18500.0
34,Uttar Pradesh ,1,B,CISF,B,UR,9,22,22,22,22,0,0,0,341BB9,112.95271,35.75,15.25,2002-07-05,124.56688,36.0,15.25,2004-12-10,15677.0,124.56688,36.0,15.25,2004-12-10,15677.0
34,Uttar Pradesh ,1,B,CISF,G,EWS,0,14,14,14,14,0,0,0,341BG0,121.51475,33.5,19.75,2005-04-01,134.32661,35.5,22.0,2003-10-23,5902.0,134.32661,35.5,22.0,2003-10-23,5902.0
34,Uttar Pradesh ,1,B,CISF,G,SC,1,28,28,28,28,0,0,0,341BG1,115.27443,33.5,18.5,2001-11-13,126.02335,40.0,10.75,2002-06-13,14427.0,126.02335,40.0,10.75,2002-06-13,14427.0
34,Uttar Pradesh ,1,B,CISF,G,ST,2,1,1,1,1,0,0,0,341BG2,114.08286,37.75,13.75,2004-05-10,120.32567,28.75,22.0,2005-08-05,19072.0,120.32567,28.75,22.0,2005-08-05,19072.0
34,Uttar Pradesh ,1,B,CISF,G,ESM,3,14,14,14,0,14,0,0,341BG3,,,,,,,,,,,,,,
34,Uttar Pradesh ,1,B,CISF,G,OBC,6,37,37,37,37,0,0,0,341BG6,125.95815,37.75,24.25,2003-07-01,135.26918,40.0,11.0,2005-08-15,4990.0,135.26918,40.0,11.0,2005-08-15,4990.0
34,Uttar Pradesh ,1,B,CISF,G,UR,9,55,55,55,55,0,0,0,341BG9,127.24414,35.75,13.75,2004-11-20,137.5697,35.5,24.25,2005-08-30,3300.0,137.5697,35.5,24.25,2005-08-30,3300.0
34,Uttar Pradesh ,1,C,CRPF,B,EWS,0,2,2,2,2,0,0,0,341CB0,105.76935,28.75,17.5,2002-07-11,117.15018,35.5,19.75,2004-05-08,21438.0,117.15018,35.5,19.75,2004-05-08,21438.0
34,Uttar Pradesh ,1,C,CRPF,B,SC,1,4,4,4,4,0,0,0,341CB1,96.04939,31.25,13.0,2006-09-09,102.1001,35.5,22.5,2003-08-10,33388.0,102.1001,35.5,22.5,2003-08-10,33388.0
34,Uttar Pradesh ,1,C,CRPF,B,ESM,3,2,2,2,0,2,0,0,341CB3,,,,,,,,,,,,,,
34,Uttar Pradesh ,1,C,CRPF,B,OBC,6,5,5,5,5,0,0,0,341CB6,111.82237,36.0,13.5,2003-10-11,118.83063,35.5,11.75,2005-08-17,20345.0,118.83063,35.5,11.75,2005-08-17,20345.0
34,Uttar Pradesh ,1,C,CRPF,B,UR,9,8,8,8,8,0,0,0,341CB9,112.95271,35.75,15.25,2002-07-05,119.8208,35.5,15.25,2005-03-28,19551.0,119.8208,35.5,15.25,2005-03-28,19551.0
34,Uttar Pradesh ,1,C,CRPF,G,EWS,0,5,5,5,5,0,0,0,341CG0,121.51475,33.5,19.75,2005-04-01,133.46096,37.75,24.5,2005-07-08,6714.0,133.46096,37.75,24.5,2005-07-08,6714.0
34,Uttar Pradesh ,1,C,CRPF,G,SC,1,10,10,10,10,0,0,0,341CG1,115.27443,33.5,18.5,2001-11-13,123.85622,37.75,13.0,2004-03-02,16406.0,123.85622,37.75,13.0,2004-03-02,16406.0
34,Uttar Pradesh ,1,C,CRPF,G,ESM,3,5,5,5,0,5,0,0,341CG3,,,,,,,,,,,,,,
34,Uttar Pradesh ,1,C,CRPF,G,OBC,6,13,13,13,13,0,0,0,341CG6,125.95815,37.75,24.25,2003-07-01,133.82021,38.0,20.0,2006-07-17,6416.0,133.82021,38.0,20.0,2006-07-17,6416.0
34,Uttar Pradesh ,1,C,CRPF,G,UR,9,19,19,19,19,0,0,0,341CG9,127.24414,35.75,13.75,2004-11-20,135.07015,40.0,15.25,2002-02-20,5169.0,135.07015,40.0,15.25,2002-02-20,5169.0
34,Uttar Pradesh ,1,E,ITBP,G,EWS,0,4,4,4,4,0,0,0,341EG0,121.51475,33.5,19.75,2005-04-01,131.32709,37.75,15.25,2004-08-08,8760.0,131.32709,37.75,15.25,2004-08-08,8760.0
34,Uttar Pradesh ,1,E,ITBP,G,SC,1,8,8,8,8,0,0,0,341EG1,115.27443,33.5,18.5,2001-11-13,121.2433,40.0,18.0,2005-11-01,18478.0,121.2433,40.0,18.0,2005-11-01,18478.0
34,Uttar Pradesh ,1,E,ITBP,G,ESM,3,4,4,4,0,4,0,0,341EG3,,,,,,,,,,,,,,
34,Uttar Pradesh ,1,E,ITBP,G,OBC,6,10,10,10,10,0,0,0,341EG6,125.95815,37.75,24.25,2003-07-01,132.43377,40.0,19.0,2006-10-24,7595.0,132.43377,40.0,19.0,2006-10-24,7595.0
34,Uttar Pradesh ,1,E,ITBP,G,UR,9,15,15,15,15,0,0,0,341EG9,127.24414,35.75,13.75,2004-11-20,132.8618,37.75,15.25,2002-07-07,7205.0,132.8618,37.75,15.25,2002-07-07,7205.0
34,Uttar Pradesh ,1,F,AR,G,EWS,0,1,1,1,1,0,0,0,341FG0,121.51475,33.5,19.75,2005-04-01,132.47349,33.25,22.0,2003-08-20,7574.0,132.47349,33.25,22.0,2003-08-20,7574.0
34,Uttar Pradesh ,1,F,AR,G,SC,1,2,2,2,2,0,0,0,341FG1,115.27443,33.5,18.5,2001-11-13,123.35339,37.75,17.5,2000-12-02,16775.0,123.35339,37.75,17.5,2000-12-02,16775.0
34,Uttar Pradesh ,1,F,AR,G,ESM,3,1,1,1,0,1,0,0,341FG3,,,,,,,,,,,,,,
34,Uttar Pradesh ,1,F,AR,G,OBC,6,2,2,2,2,0,0,0,341FG6,125.95815,37.75,24.25,2003-07-01,133.81703,37.75,26.75,2002-07-19,6422.0,133.81703,37.75,26.75,2002-07-19,6422.0
34,Uttar Pradesh ,1,F,AR,G,UR,9,3,3,3,3,0,0,0,341FG9,127.24414,35.75,13.75,2004-11-20,133.86444,35.5,15.25,2004-11-02,6397.0,133.86444,35.5,15.25,2004-11-02,6397.0
34,Uttar Pradesh ,2,A,BSF,G,EWS,0,110,110,110,110,0,0,0,342AG0,122.07169,35.5,6.25,2003-03-10,128.66841,40.0,23.25,2005-01-04,11705.0,128.66841,40.0,23.25,2005-01-04,11705.0
34,Uttar Pradesh ,2,A,BSF,G,SC,1,231,231,231,231,0,0,0,342AG1,117.8565,40.0,15.25,2003-06-15,122.57296,35.5,19.75,2000-01-26,17350.0,122.57296,35.5,19.75,2000-01-26,17350.0
34,Uttar Pradesh ,2,A,BSF,G,ST,2,11,11,11,11,0,0,0,342AG2,110.82747,40.0,13.0,2005-05-15,113.23083,26.5,24.5,2002-09-19,24092.0,113.23083,26.5,24.5,2002-09-19,24092.0
34,Uttar Pradesh ,2,A,BSF,G,ESM,3,110,110,110,8,102,0,0,342AG3,32.10758,6.25,6.25,1978-07-05,40.03443,4.5,14.25,1983-07-20,73164.0,40.03443,4.5,14.25,1983-07-20,73164.0
34,Uttar Pradesh ,2,A,BSF,G,OBC,6,296,296,292,292,0,4,4,342AG6,126.69505,33.5,26.5,2005-06-18,131.58443,33.25,22.0,2002-05-25,8497.0,131.58443,33.25,22.0,2002-05-25,8497.0
34,Uttar Pradesh ,2,A,BSF,G,UR,9,450,450,446,446,0,4,4,342AG9,127.31295,40.0,15.25,2004-11-07,132.10576,38.0,19.75,2006-06-15,7925.0,132.10576,38.0,19.75,2006-06-15,7925.0
34,Uttar Pradesh ,2,B,CISF,B,EWS,0,48,48,48,48,0,0,0,342BB0,89.74712,31.0,8.5,2005-02-01,113.77064,35.5,9.5,2003-07-10,23727.0,113.77064,35.5,9.5,2003-07-10,23727.0
34,Uttar Pradesh ,2,B,CISF,B,SC,1,100,100,100,100,0,0,0,342BB1,91.16203,28.75,10.75,2003-12-10,103.95366,31.25,26.75,2001-05-17,31687.0,103.95366,31.25,26.75,2001-05-17,31687.0
34,Uttar Pradesh ,2,B,CISF,B,ST,2,5,5,5,5,0,0,0,342BB2,99.12138,33.5,4.0,2003-07-05,107.93881,31.75,12.25,2001-04-01,28255.0,107.93881,31.75,12.25,2001-04-01,28255.0
34,Uttar Pradesh ,2,B,CISF,B,ESM,3,48,48,48,1,47,0,0,342BB3,33.45317,8.75,-0.5,1983-07-16,33.45317,8.75,-0.5,1983-07-16,73449.0,33.45317,8.75,-0.5,1983-07-16,73449.0
34,Uttar Pradesh ,2,B,CISF,B,OBC,6,129,129,128,128,0,1,1,342BB6,105.60709,40.0,6.25,2005-04-20,119.75609,37.75,17.0,2000-07-08,19612.0,119.75609,37.75,17.0,2000-07-08,19612.0
34,Uttar Pradesh ,2,B,CISF,B,UR,9,195,195,195,195,0,0,0,342BB9,107.91718,26.5,13.0,2004-03-02,121.55591,40.0,17.5,2005-06-17,18217.0,121.55591,40.0,17.5,2005-06-17,18217.0
34,Uttar Pradesh ,2,B,CISF,G,EWS,0,122,122,122,122,0,0,0,342BG0,122.07169,35.5,6.25,2003-03-10,134.70553,31.25,15.25,2002-06-11,5554.0,134.70553,31.25,15.25,2002-06-11,5554.0
34,Uttar Pradesh ,2,B,CISF,G,SC,1,255,255,254,254,0,1,1,342BG1,117.8565,40.0,15.25,2003-06-15,128.6606,33.25,20.0,2001-06-04,11726.0,128.6606,33.25,20.0,2001-06-04,11726.0
34,Uttar Pradesh ,2,B,CISF,G,ST,2,12,12,12,12,0,0,0,342BG2,110.82747,40.0,13.0,2005-05-15,120.1499,40.0,8.5,2006-01-02,19278.0,120.1499,40.0,8.5,2006-01-02,19278.0
34,Uttar Pradesh ,2,B,CISF,G,ESM,3,122,122,122,69,53,0,0,342BG3,32.10758,6.25,6.25,1978-07-05,33.3187,11.75,6.75,1980-06-02,73452.0,33.3187,11.75,6.75,1980-06-02,73452.0
34,Uttar Pradesh ,2,B,CISF,G,OBC,6,329,329,307,307,0,22,22,342BG6,126.69505,33.5,26.5,2005-06-18,137.43648,40.0,24.25,2002-07-01,3365.0,137.43648,40.0,24.25,2002-07-01,3365.0
34,Uttar Pradesh ,2,B,CISF,G,UR,9,499,499,453,453,0,46,46,342BG9,127.31295,40.0,15.25,2004-11-07,139.01706,40.0,15.25,2002-04-24,2472.0,139.01706,40.0,15.25,2002-04-24,2472.0
34,Uttar Pradesh ,2,C,CRPF,B,EWS,0,44,44,44,44,0,0,0,342CB0,89.74712,31.0,8.5,2005-02-01,108.14881,28.75,13.0,2002-01-30,28035.0,108.14881,28.75,13.0,2002-01-30,28035.0
34,Uttar Pradesh ,2,C,CRPF,B,SC,1,93,93,93,93,0,0,0,342CB1,91.16203,28.75,10.75,2003-12-10,99.64467,40.0,4.0,2003-01-08,35655.0,99.64467,40.0,4.0,2003-01-08,35655.0
34,Uttar Pradesh ,2,C,CRPF,B,ST,2,4,4,4,4,0,0,0,342CB2,99.12138,33.5,4.0,2003-07-05,101.59776,27.0,19.75,2000-06-25,33806.0,101.59776,27.0,19.75,2000-06-25,33806.0
34,Uttar Pradesh ,2,C,CRPF,B,ESM,3,44,44,44,0,44,0,0,342CB3,33.45317,8.75,-0.5,1983-07-16,,,,,,,,,,
34,Uttar Pradesh ,2,C,CRPF,B,OBC,6,119,119,119,119,0,0,0,342CB6,105.60709,40.0,6.25,2005-04-20,114.27856,33.25,22.0,2001-09-15,23424.0,114.27856,33.25,22.0,2001-09-15,23424.0
34,Uttar Pradesh ,2,C,CRPF,B,UR,9,182,182,182,182,0,0,0,342CB9,107.91718,26.5,13.0,2004-03-02,115.14005,35.5,15.25,2002-04-02,22759.0,115.14005,35.5,15.25,2002-04-02,22759.0
34,Uttar Pradesh ,2,C,CRPF,G,EWS,0,113,113,113,113,0,0,0,342CG0,122.07169,35.5,6.25,2003-03-10,129.69489,31.25,17.5,2005-06-05,10448.0,129.69489,31.25,17.5,2005-06-05,10448.0
34,Uttar Pradesh ,2,C,CRPF,G,SC,1,238,238,238,238,0,0,0,342CG1,117.8565,40.0,15.25,2003-06-15,123.87005,35.75,15.75,2003-05-10,16389.0,123.87005,35.75,15.75,2003-05-10,16389.0
34,Uttar Pradesh ,2,C,CRPF,G,ST,2,11,11,11,11,0,0,0,342CG2,110.82747,40.0,13.0,2005-05-15,113.18276,40.0,10.75,2002-11-17,24122.0,113.18276,40.0,10.75,2002-11-17,24122.0
34,Uttar Pradesh ,2,C,CRPF,G,ESM,3,113,113,113,0,113,0,0,342CG3,32.10758,6.25,6.25,1978-07-05,,,,,,,,,,
34,Uttar Pradesh ,2,C,CRPF,G,OBC,6,306,306,306,306,0,0,0,342CG6,126.69505,33.5,26.5,2005-06-18,132.49137,37.75,22.5,2003-10-05,7541.0,132.49137,37.75,22.5,2003-10-05,7541.0
34,Uttar Pradesh ,2,C,CRPF,G,UR,9,466,466,466,466,0,0,0,342CG9,127.31295,40.0,15.25,2004-11-07,133.38212,35.5,26.5,2004-01-07,6782.0,133.38212,35.5,26.5,2004-01-07,6782.0
34,Uttar Pradesh ,2,D,SSB,B,EWS,0,7,7,7,7,0,0,0,342DB0,89.74712,31.0,8.5,2005-02-01,115.30764,28.75,10.75,2002-10-20,22669.0,115.30764,28.75,10.75,2002-10-20,22669.0
34,Uttar Pradesh ,2,D,SSB,B,SC,1,14,14,14,14,0,0,0,342DB1,91.16203,28.75,10.75,2003-12-10,108.47312,33.25,13.0,2002-12-08,27756.0,108.47312,33.25,13.0,2002-12-08,27756.0
34,Uttar Pradesh ,2,D,SSB,B,ST,2,1,1,1,1,0,0,0,342DB2,99.12138,33.5,4.0,2003-07-05,112.79481,33.5,24.25,1999-07-09,24483.0,112.79481,33.5,24.25,1999-07-09,24483.0
34,Uttar Pradesh ,2,D,SSB,B,ESM,3,7,7,7,0,7,0,0,342DB3,33.45317,8.75,-0.5,1983-07-16,,,,,,,,,,
34,Uttar Pradesh ,2,D,SSB,B,OBC,6,19,19,19,19,0,0,0,342DB6,105.60709,40.0,6.25,2005-04-20,122.68788,31.0,17.5,2002-01-01,17176.0,122.68788,31.0,17.5,2002-01-01,17176.0
34,Uttar Pradesh ,2,D,SSB,B,UR,9,28,28,28,28,0,0,0,342DB9,107.91718,26.5,13.0,2004-03-02,124.63361,29.25,21.75,2003-08-01,15636.0,124.63361,29.25,21.75,2003-08-01,15636.0
34,Uttar Pradesh ,2,D,SSB,G,EWS,0,7,7,7,7,0,0,0,342DG0,122.07169,35.5,6.25,2003-03-10,138.23987,38.0,23.0,2002-08-03,2933.0,138.23987,38.0,23.0,2002-08-03,2933.0
34,Uttar Pradesh ,2,D,SSB,G,SC,1,14,14,14,14,0,0,0,342DG1,117.8565,40.0,15.25,2003-06-15,133.66774,40.0,23.0,2001-10-14,6570.0,133.66774,40.0,23.0,2001-10-14,6570.0
34,Uttar Pradesh ,2,D,SSB,G,ST,2,1,1,1,1,0,0,0,342DG2,110.82747,40.0,13.0,2005-05-15,135.08597,37.75,26.5,2000-06-20,5151.0,135.08597,37.75,26.5,2000-06-20,5151.0
34,Uttar Pradesh ,2,D,SSB,G,ESM,3,7,7,7,6,1,0,0,342DG3,32.10758,6.25,6.25,1978-07-05,57.34738,19.75,15.25,1983-05-01,70348.0,57.34738,19.75,15.25,1983-05-01,70348.0
34,Uttar Pradesh ,2,D,SSB,G,OBC,6,18,18,16,16,0,2,2,342DG6,126.69505,33.5,26.5,2005-06-18,141.57575,37.75,22.0,2003-06-25,1390.0,141.57575,37.75,22.0,2003-06-25,1390.0
34,Uttar Pradesh ,2,D,SSB,G,UR,9,27,27,23,23,0,4,4,342DG9,127.31295,40.0,15.25,2004-11-07,142.61141,37.75,22.5,2005-08-01,1071.0,142.61141,37.75,22.5,2005-08-01,1071.0
34,Uttar Pradesh ,2,E,ITBP,G,EWS,0,21,21,21,21,0,0,0,342EG0,122.07169,35.5,6.25,2003-03-10,132.68413,38.0,15.5,2002-06-06,7346.0,132.68413,38.0,15.5,2002-06-06,7346.0
34,Uttar Pradesh ,2,E,ITBP,G,SC,1,45,45,45,45,0,0,0,342EG1,117.8565,40.0,15.25,2003-06-15,124.47756,40.0,15.25,2003-06-03,15747.0,124.47756,40.0,15.25,2003-06-03,15747.0
34,Uttar Pradesh ,2,E,ITBP,G,ST,2,2,2,2,2,0,0,0,342EG2,110.82747,40.0,13.0,2005-05-15,121.16883,33.75,22.0,2004-10-01,18595.0,121.16883,33.75,22.0,2004-10-01,18595.0
34,Uttar Pradesh ,2,E,ITBP,G,ESM,3,21,21,21,0,21,0,0,342EG3,32.10758,6.25,6.25,1978-07-05,,,,,,,,,,
34,Uttar Pradesh ,2,E,ITBP,G,OBC,6,58,58,58,58,0,0,0,342EG6,126.69505,33.5,26.5,2005-06-18,134.30951,37.75,26.5,2006-04-13,5960.0,134.30951,37.75,26.5,2006-04-13,5960.0
34,Uttar Pradesh ,2,E,ITBP,G,UR,9,87,87,87,87,0,0,0,342EG9,127.31295,40.0,15.25,2004-11-07,134.71723,37.75,22.0,2002-04-18,5525.0,134.71723,37.75,22.0,2002-04-18,5525.0
34,Uttar Pradesh ,2,F,AR,G,EWS,0,9,9,9,9,0,0,0,342FG0,122.07169,35.5,6.25,2003-03-10,132.69823,34.0,18.25,2005-10-21,7336.0,132.69823,34.0,18.25,2005-10-21,7336.0
34,Uttar Pradesh ,2,F,AR,G,SC,1,20,20,20,20,0,0,0,342FG1,117.8565,40.0,15.25,2003-06-15,125.94217,33.5,23.0,2002-08-12,14537.0,125.94217,33.5,23.0,2002-08-12,14537.0
34,Uttar Pradesh ,2,F,AR,G,ST,2,1,1,1,1,0,0,0,342FG2,110.82747,40.0,13.0,2005-05-15,117.8706,28.75,13.0,2002-05-27,20937.0,117.8706,28.75,13.0,2002-05-27,20937.0
34,Uttar Pradesh ,2,F,AR,G,ESM,3,10,10,10,0,10,0,0,342FG3,32.10758,6.25,6.25,1978-07-05,,,,,,,,,,
34,Uttar Pradesh ,2,F,AR,G,OBC,6,26,26,26,26,0,0,0,342FG6,126.69505,33.5,26.5,2005-06-18,134.79563,37.75,17.5,2000-12-31,5408.0,134.79563,37.75,17.5,2000-12-31,5408.0
34,Uttar Pradesh ,2,F,AR,G,UR,9,39,39,39,39,0,0,0,342FG9,127.31295,40.0,15.25,2004-11-07,134.68556,37.75,19.75,2003-01-01,5564.0,134.68556,37.75,19.75,2003-01-01,5564.0
35,Uttrakhand,1,A,BSF,G,EWS,0,1,1,1,1,0,0,0,351AG0,114.10968,31.5,20.25,2004-04-10,120.6955,33.75,21.75,2002-04-23,18822.0,120.6955,33.75,21.75,2002-04-23,18822.0
35,Uttrakhand,1,A,BSF,G,SC,1,3,3,3,3,0,0,0,351AG1,105.75602,33.75,12.5,2004-12-12,110.17331,40.0,10.75,2003-01-05,26432.0,110.17331,40.0,10.75,2003-01-05,26432.0
35,Uttrakhand,1,A,BSF,G,ESM,3,1,1,1,0,1,0,0,351AG3,,,,,,,,,,,,,,
35,Uttrakhand,1,A,BSF,G,OBC,6,1,1,1,1,0,0,0,351AG6,120.06292,33.25,20.25,2003-09-19,127.48741,35.75,20.5,1999-05-15,12938.0,127.48741,35.75,20.5,1999-05-15,12938.0
35,Uttrakhand,1,A,BSF,G,UR,9,6,6,6,6,0,0,0,351AG9,122.69898,37.75,17.5,2002-03-28,127.25592,31.0,17.5,2003-05-13,13248.0,127.25592,31.0,17.5,2003-05-13,13248.0
35,Uttrakhand,1,B,CISF,B,EWS,0,1,1,1,1,0,0,0,351BB0,112.70408,35.5,17.5,2003-07-01,124.25941,35.75,22.0,2004-04-12,15956.0,124.25941,35.75,22.0,2004-04-12,15956.0
35,Uttrakhand,1,B,CISF,B,SC,1,2,2,2,2,0,0,0,351BB1,103.43371,31.0,18.5,2005-07-02,113.43038,28.75,19.75,2001-07-01,23968.0,113.43038,28.75,19.75,2001-07-01,23968.0
35,Uttrakhand,1,B,CISF,B,ESM,3,1,1,1,0,1,0,0,351BB3,,,,,,,,,,,,,,
35,Uttrakhand,1,B,CISF,B,OBC,6,1,1,1,1,0,0,0,351BB6,117.66297,37.75,14.5,2000-08-12,119.21163,33.5,17.5,2002-07-08,20023.0,119.21163,33.5,17.5,2002-07-08,20023.0
35,Uttrakhand,1,B,CISF,B,UR,9,5,5,5,5,0,0,0,351BB9,118.3098,38.0,24.75,2004-09-11,124.69914,37.75,17.5,2002-03-28,15556.0,124.69914,37.75,17.5,2002-03-28,15556.0
35,Uttrakhand,1,B,CISF,G,EWS,0,1,1,1,1,0,0,0,351BG0,114.10968,31.5,20.25,2004-04-10,129.58771,33.25,19.75,2003-12-13,10627.0,129.58771,33.25,19.75,2003-12-13,10627.0
35,Uttrakhand,1,B,CISF,G,SC,1,1,1,1,1,0,0,0,351BG1,105.75602,33.75,12.5,2004-12-12,120.01198,28.75,10.75,2003-02-01,19412.0,120.01198,28.75,10.75,2003-02-01,19412.0
35,Uttrakhand,1,B,CISF,G,ESM,3,1,1,1,0,1,0,0,351BG3,,,,,,,,,,,,,,
35,Uttrakhand,1,B,CISF,G,OBC,6,1,1,1,1,0,0,0,351BG6,120.06292,33.25,20.25,2003-09-19,133.1878,40.0,18.75,2005-03-24,6949.0,133.1878,40.0,18.75,2005-03-24,6949.0
35,Uttrakhand,1,B,CISF,G,UR,9,4,4,4,4,0,0,0,351BG9,122.69898,37.75,17.5,2002-03-28,133.92916,37.75,17.5,2005-04-18,6306.0,133.92916,37.75,17.5,2005-04-18,6306.0
35,Uttrakhand,1,C,CRPF,B,SC,1,1,1,1,1,0,0,0,351CB1,103.43371,31.0,18.5,2005-07-02,111.07158,35.75,20.5,2000-06-15,25712.0,111.07158,35.75,20.5,2000-06-15,25712.0
35,Uttrakhand,1,C,CRPF,B,UR,9,2,2,2,2,0,0,0,351CB9,118.3098,38.0,24.75,2004-09-11,121.78993,38.0,19.75,2004-07-25,18005.0,121.78993,38.0,19.75,2004-07-25,18005.0
35,Uttrakhand,1,C,CRPF,G,UR,9,2,2,2,2,0,0,0,351CG9,122.69898,37.75,17.5,2002-03-28,129.69922,38.0,25.0,2003-04-02,10438.0,129.69922,38.0,25.0,2003-04-02,10438.0
35,Uttrakhand,1,E,ITBP,B,EWS,0,6,6,6,2,4,0,0,351EB0,112.70408,35.5,17.5,2003-07-01,113.60725,33.25,18.25,2004-03-29,23822.0,113.60725,33.25,18.25,2004-03-29,23822.0
35,Uttrakhand,1,E,ITBP,B,SC,1,11,11,11,11,0,0,0,351EB1,103.43371,31.0,18.5,2005-07-02,103.43371,31.0,18.5,2005-07-02,32177.0,103.43371,31.0,18.5,2005-07-02,32177.0
35,Uttrakhand,1,E,ITBP,B,ST,2,2,2,2,2,0,0,0,351EB2,114.39901,33.25,24.25,1999-07-10,127.42495,40.0,11.5,1999-07-07,13016.0,127.42495,40.0,11.5,1999-07-07,13016.0
35,Uttrakhand,1,E,ITBP,B,ESM,3,6,6,6,0,6,0,0,351EB3,,,,,,,,,,,,,,
35,Uttrakhand,1,E,ITBP,B,OBC,6,9,9,9,3,6,0,0,351EB6,117.66297,37.75,14.5,2000-08-12,117.66297,37.75,14.5,2000-08-12,21102.0,117.66297,37.75,14.5,2000-08-12,21102.0
35,Uttrakhand,1,E,ITBP,B,UR,9,33,33,33,13,20,0,0,351EB9,118.3098,38.0,24.75,2004-09-11,118.3098,38.0,24.75,2004-09-11,20601.0,118.3098,38.0,24.75,2004-09-11,20601.0
35,Uttrakhand,1,E,ITBP,G,UR,9,1,1,1,1,0,0,0,351EG9,122.69898,37.75,17.5,2002-03-28,129.02883,33.25,22.0,2003-08-01,11243.0,129.02883,33.25,22.0,2003-08-01,11243.0
35,Uttrakhand,2,A,BSF,G,EWS,0,5,5,5,5,0,0,0,352AG0,115.45968,31.5,23.25,2004-08-17,125.67597,35.5,13.0,2003-06-15,14744.0,125.67597,35.5,13.0,2003-06-15,14744.0
35,Uttrakhand,2,A,BSF,G,SC,1,10,10,10,10,0,0,0,352AG1,108.03751,35.5,10.75,2006-09-11,117.02513,33.25,15.25,2001-09-23,21562.0,117.02513,33.25,15.25,2001-09-23,21562.0
35,Uttrakhand,2,A,BSF,G,ST,2,2,2,2,2,0,0,0,352AG2,118.56936,35.5,17.5,1996-12-02,124.67415,33.75,24.25,2005-02-10,15577.0,124.67415,33.75,24.25,2005-02-10,15577.0
35,Uttrakhand,2,A,BSF,G,ESM,3,6,6,6,1,5,0,0,352AG3,48.22415,13.0,4.0,1983-05-13,48.22415,13.0,4.0,1983-05-13,72166.0,48.22415,13.0,4.0,1983-05-13,72166.0
35,Uttrakhand,2,A,BSF,G,OBC,6,7,7,7,7,0,0,0,352AG6,116.3227,37.75,17.5,2004-04-10,124.61475,33.25,24.25,2005-09-23,15652.0,124.61475,33.25,24.25,2005-09-23,15652.0
35,Uttrakhand,2,A,BSF,G,UR,9,31,31,30,30,0,1,1,352AG9,119.96222,33.25,26.5,2002-02-03,127.89593,33.25,17.5,2004-09-29,12556.0,127.89593,33.25,17.5,2004-09-29,12556.0
35,Uttrakhand,2,B,CISF,B,EWS,0,8,8,8,8,0,0,0,352BB0,111.3386,31.0,19.75,2002-12-07,126.16319,37.75,19.75,2005-03-28,14359.0,126.16319,37.75,19.75,2005-03-28,14359.0
35,Uttrakhand,2,B,CISF,B,SC,1,15,15,15,15,0,0,0,352BB1,103.23894,24.75,11.75,2006-06-15,115.7664,37.75,18.0,2003-11-29,22328.0,115.7664,37.75,18.0,2003-11-29,22328.0
35,Uttrakhand,2,B,CISF,B,ST,2,2,2,2,2,0,0,0,352BB2,117.45453,33.25,22.0,2000-03-15,126.24999,40.0,19.75,2003-03-15,14300.0,126.24999,40.0,19.75,2003-03-15,14300.0
35,Uttrakhand,2,B,CISF,B,ESM,3,8,8,8,0,8,0,0,352BB3,42.37286,6.25,11.0,1979-08-07,,,,,,,,,,
35,Uttrakhand,2,B,CISF,B,OBC,6,11,11,11,11,0,0,0,352BB6,109.83694,36.0,15.25,2005-05-18,121.73849,35.5,17.5,2005-12-02,18058.0,121.73849,35.5,17.5,2005-12-02,18058.0
35,Uttrakhand,2,B,CISF,B,UR,9,46,46,46,46,0,0,0,352BB9,115.31006,33.25,17.75,2003-03-22,127.68561,31.25,19.25,2005-08-24,12741.0,127.68561,31.25,19.25,2005-08-24,12741.0
35,Uttrakhand,2,B,CISF,G,EWS,0,6,6,6,6,0,0,0,352BG0,115.45968,31.5,23.25,2004-08-17,131.36325,33.5,28.75,2002-01-23,8663.0,131.36325,33.5,28.75,2002-01-23,8663.0
35,Uttrakhand,2,B,CISF,G,SC,1,11,11,11,11,0,0,0,352BG1,108.03751,35.5,10.75,2006-09-11,123.35599,38.0,18.0,2006-04-07,16771.0,123.35599,38.0,18.0,2006-04-07,16771.0
35,Uttrakhand,2,B,CISF,G,ST,2,2,2,2,2,0,0,0,352BG2,118.56936,35.5,17.5,1996-12-02,127.82146,40.0,15.75,2004-05-03,12637.0,127.82146,40.0,15.75,2004-05-03,12637.0
35,Uttrakhand,2,B,CISF,G,ESM,3,6,6,6,3,3,0,0,352BG3,48.22415,13.0,4.0,1983-05-13,71.47637,15.75,8.5,1979-03-28,63186.0,71.47637,15.75,8.5,1979-03-28,63186.0
35,Uttrakhand,2,B,CISF,G,OBC,6,8,8,8,8,0,0,0,352BG6,116.3227,37.75,17.5,2004-04-10,131.65452,37.75,19.75,1999-12-17,8410.0,131.65452,37.75,19.75,1999-12-17,8410.0
35,Uttrakhand,2,B,CISF,G,UR,9,34,34,31,31,0,3,3,352BG9,119.96222,33.25,26.5,2002-02-03,135.2308,37.75,24.25,2002-08-12,5021.0,135.2308,37.75,24.25,2002-08-12,5021.0
35,Uttrakhand,2,C,CRPF,B,EWS,0,8,8,8,8,0,0,0,352CB0,111.3386,31.0,19.75,2002-12-07,118.11734,35.75,8.5,2005-11-08,20742.0,118.11734,35.75,8.5,2005-11-08,20742.0
35,Uttrakhand,2,C,CRPF,B,SC,1,14,14,14,14,0,0,0,352CB1,103.23894,24.75,11.75,2006-06-15,111.45889,33.25,9.0,2006-01-01,25419.0,111.45889,33.25,9.0,2006-01-01,25419.0
35,Uttrakhand,2,C,CRPF,B,ST,2,2,2,2,2,0,0,0,352CB2,117.45453,33.25,22.0,2000-03-15,119.9196,37.75,8.5,1997-01-10,19489.0,119.9196,37.75,8.5,1997-01-10,19489.0
35,Uttrakhand,2,C,CRPF,B,ESM,3,8,8,8,0,8,0,0,352CB3,42.37286,6.25,11.0,1979-08-07,,,,,,,,,,
35,Uttrakhand,2,C,CRPF,B,OBC,6,10,10,10,10,0,0,0,352CB6,109.83694,36.0,15.25,2005-05-18,116.9455,33.25,20.25,2006-01-01,21605.0,116.9455,33.25,20.25,2006-01-01,21605.0
35,Uttrakhand,2,C,CRPF,B,UR,9,42,42,42,42,0,0,0,352CB9,115.31006,33.25,17.75,2003-03-22,120.57553,33.25,19.75,2002-06-24,18890.0,120.57553,33.25,19.75,2002-06-24,18890.0
35,Uttrakhand,2,C,CRPF,G,EWS,0,6,6,6,6,0,0,0,352CG0,115.45968,31.5,23.25,2004-08-17,125.45487,38.0,22.75,2002-02-05,14888.0,125.45487,38.0,22.75,2002-02-05,14888.0
35,Uttrakhand,2,C,CRPF,G,SC,1,10,10,10,10,0,0,0,352CG1,108.03751,35.5,10.75,2006-09-11,117.51045,33.25,13.0,2003-10-06,21208.0,117.51045,33.25,13.0,2003-10-06,21208.0
35,Uttrakhand,2,C,CRPF,G,ST,2,2,2,2,2,0,0,0,352CG2,118.56936,35.5,17.5,1996-12-02,122.1202,37.75,17.5,2006-07-05,17761.0,122.1202,37.75,17.5,2006-07-05,17761.0
35,Uttrakhand,2,C,CRPF,G,ESM,3,6,6,6,0,6,0,0,352CG3,48.22415,13.0,4.0,1983-05-13,,,,,,,,,,
35,Uttrakhand,2,C,CRPF,G,OBC,6,7,7,7,7,0,0,0,352CG6,116.3227,37.75,17.5,2004-04-10,122.65897,33.5,23.25,2002-04-18,17203.0,122.65897,33.5,23.25,2002-04-18,17203.0
35,Uttrakhand,2,C,CRPF,G,UR,9,32,32,32,32,0,0,0,352CG9,119.96222,33.25,26.5,2002-02-03,128.56688,31.0,24.25,2002-04-24,11850.0,128.56688,31.0,24.25,2002-04-24,11850.0
35,Uttrakhand,2,D,SSB,B,EWS,0,1,1,1,1,0,0,0,352DB0,111.3386,31.0,19.75,2002-12-07,129.21484,33.5,22.25,2003-08-21,10989.0,129.21484,33.5,22.25,2003-08-21,10989.0
35,Uttrakhand,2,D,SSB,B,SC,1,2,2,2,2,0,0,0,352DB1,103.23894,24.75,11.75,2006-06-15,124.02707,35.5,13.0,2003-03-25,16189.0,124.02707,35.5,13.0,2003-03-25,16189.0
35,Uttrakhand,2,D,SSB,B,ESM,3,1,1,1,0,1,0,0,352DB3,42.37286,6.25,11.0,1979-08-07,,,,,,,,,,
35,Uttrakhand,2,D,SSB,B,OBC,6,1,1,1,1,0,0,0,352DB6,109.83694,36.0,15.25,2005-05-18,128.39446,37.75,22.0,2001-02-07,11975.0,128.39446,37.75,22.0,2001-02-07,11975.0
35,Uttrakhand,2,D,SSB,B,UR,9,5,5,5,5,0,0,0,352DB9,115.31006,33.25,17.75,2003-03-22,133.37806,33.5,29.0,2002-03-23,6797.0,133.37806,33.5,29.0,2002-03-23,6797.0
35,Uttrakhand,2,D,SSB,G,SC,1,1,1,1,1,0,0,0,352DG1,108.03751,35.5,10.75,2006-09-11,123.42538,38.0,19.75,2000-07-02,16735.0,123.42538,38.0,19.75,2000-07-02,16735.0
35,Uttrakhand,2,D,SSB,G,UR,9,2,2,2,2,0,0,0,352DG9,119.96222,33.25,26.5,2002-02-03,141.76363,37.75,26.5,2002-05-12,1340.0,141.76363,37.75,26.5,2002-05-12,1340.0
35,Uttrakhand,2,E,ITBP,B,EWS,0,34,34,34,34,0,0,0,352EB0,111.3386,31.0,19.75,2002-12-07,112.32451,37.75,13.0,2005-04-12,24892.0,112.32451,37.75,13.0,2005-04-12,24892.0
35,Uttrakhand,2,E,ITBP,B,SC,1,62,62,62,62,0,0,0,352EB1,103.23894,24.75,11.75,2006-06-15,104.47386,27.0,17.75,2003-08-28,31271.0,104.47386,27.0,17.75,2003-08-28,31271.0
35,Uttrakhand,2,E,ITBP,B,ST,2,10,10,10,10,0,0,0,352EB2,117.45453,33.25,22.0,2000-03-15,117.45453,33.25,22.0,2000-03-15,21248.0,117.45453,33.25,22.0,2000-03-15,21248.0
35,Uttrakhand,2,E,ITBP,B,ESM,3,34,34,34,0,34,0,0,352EB3,42.37286,6.25,11.0,1979-08-07,,,,,,,,,,
35,Uttrakhand,2,E,ITBP,B,OBC,6,45,45,45,42,3,0,0,352EB6,109.83694,36.0,15.25,2005-05-18,109.83694,36.0,15.25,2005-05-18,26745.0,109.83694,36.0,15.25,2005-05-18,26745.0
35,Uttrakhand,2,E,ITBP,B,UR,9,192,192,192,155,37,0,0,352EB9,115.31006,33.25,17.75,2003-03-22,115.31006,33.25,17.75,2003-03-22,22665.0,115.31006,33.25,17.75,2003-03-22,22665.0
35,Uttrakhand,2,E,ITBP,G,EWS,0,1,1,1,1,0,0,0,352EG0,115.45968,31.5,23.25,2004-08-17,133.6665,40.0,13.0,2003-01-20,6584.0,133.6665,40.0,13.0,2003-01-20,6584.0
35,Uttrakhand,2,E,ITBP,G,SC,1,2,2,2,2,0,0,0,352EG1,108.03751,35.5,10.75,2006-09-11,122.62009,31.0,19.75,2003-04-05,17272.0,122.62009,31.0,19.75,2003-04-05,17272.0
35,Uttrakhand,2,E,ITBP,G,ESM,3,1,1,1,0,1,0,0,352EG3,48.22415,13.0,4.0,1983-05-13,,,,,,,,,,
35,Uttrakhand,2,E,ITBP,G,OBC,6,1,1,1,1,0,0,0,352EG6,116.3227,37.75,17.5,2004-04-10,132.28848,40.0,15.5,2005-09-16,7767.0,132.28848,40.0,15.5,2005-09-16,7767.0
35,Uttrakhand,2,E,ITBP,G,UR,9,6,6,6,6,0,0,0,352EG9,119.96222,33.25,26.5,2002-02-03,133.72931,35.5,18.75,2004-03-23,6521.0,133.72931,35.5,18.75,2004-03-23,6521.0
35,Uttrakhand,2,F,AR,G,SC,1,1,1,1,1,0,0,0,352FG1,108.03751,35.5,10.75,2006-09-11,133.14047,37.75,17.25,2006-08-04,6972.0,133.14047,37.75,17.25,2006-08-04,6972.0
35,Uttrakhand,2,F,AR,G,ESM,3,1,1,1,0,1,0,0,352FG3,48.22415,13.0,4.0,1983-05-13,,,,,,,,,,
35,Uttrakhand,2,F,AR,G,OBC,6,1,1,1,1,0,0,0,352FG6,116.3227,37.75,17.5,2004-04-10,130.0026,35.5,18.25,2002-03-09,10123.0,130.0026,35.5,18.25,2002-03-09,10123.0
35,Uttrakhand,2,F,AR,G,UR,9,3,3,3,3,0,0,0,352FG9,119.96222,33.25,26.5,2002-02-03,134.84959,35.5,23.0,2003-02-15,5319.0,134.84959,35.5,23.0,2003-02-15,5319.0
36,West Bengal ,1,A,BSF,B,EWS,0,39,39,39,30,9,0,0,361AB0,45.74222,23.25,3.5,2002-02-28,45.74222,23.25,3.5,2002-02-28,72580.0,45.74222,23.25,3.5,2002-02-28,72580.0
36,West Bengal ,1,A,BSF,B,SC,1,89,89,89,89,0,0,0,361AB1,77.18039,25.0,8.5,2002-12-20,86.78184,33.25,15.25,1998-09-23,49000.0,86.78184,33.25,15.25,1998-09-23,49000.0
36,West Bengal ,1,A,BSF,B,ST,2,19,19,19,19,0,0,0,361AB2,88.27234,33.25,3.75,2000-07-31,95.96867,26.5,19.75,2006-10-30,39393.0,95.96867,26.5,19.75,2006-10-30,39393.0
36,West Bengal ,1,A,BSF,B,ESM,3,39,39,39,0,39,0,0,361AB3,,,,,,,,,,,,,,
36,West Bengal ,1,A,BSF,B,OBC,6,85,85,85,85,0,0,0,361AB6,67.15069,27.5,4.25,2001-11-15,80.84823,35.5,6.75,2003-07-30,55133.0,80.84823,35.5,6.75,2003-07-30,55133.0
36,West Bengal ,1,A,BSF,B,UR,9,154,154,154,154,0,0,0,361AB9,81.47708,31.25,10.0,2002-10-22,90.89924,33.75,7.25,2003-09-22,44608.0,90.89924,33.75,7.25,2003-09-22,44608.0
36,West Bengal ,1,A,BSF,G,EWS,0,9,9,9,9,0,0,0,361AG0,81.70211,29.0,12.5,2005-01-01,90.55873,33.5,7.5,2003-03-01,44910.0,90.55873,33.5,7.5,2003-03-01,44910.0
36,West Bengal ,1,A,BSF,G,SC,1,20,20,20,20,0,0,0,361AG1,85.05999,29.0,5.0,2002-08-26,94.30954,31.0,9.0,2002-05-05,41001.0,94.30954,31.0,9.0,2002-05-05,41001.0
36,West Bengal ,1,A,BSF,G,ST,2,4,4,4,4,0,0,0,361AG2,90.288,35.5,9.5,2001-08-05,95.84389,34.0,2.0,2003-02-03,39482.0,95.84389,34.0,2.0,2003-02-03,39482.0
36,West Bengal ,1,A,BSF,G,ESM,3,9,9,9,0,9,0,0,361AG3,,,,,,,,,,,,,,
36,West Bengal ,1,A,BSF,G,OBC,6,20,20,20,20,0,0,0,361AG6,91.35922,22.75,10.0,1999-11-08,100.14876,37.75,6.25,2003-11-30,35239.0,100.14876,37.75,6.25,2003-11-30,35239.0
36,West Bengal ,1,A,BSF,G,UR,9,36,36,36,36,0,0,0,361AG9,97.62645,28.75,10.75,2004-08-05,103.63275,37.75,13.75,2003-05-12,31971.0,103.63275,37.75,13.75,2003-05-12,31971.0
36,West Bengal ,1,A,BSF,N,EWS,0,1,1,1,0,1,0,0,361AN0,62.09638,22.5,6.75,2005-10-25,,,,,,,,,,
36,West Bengal ,1,A,BSF,N,SC,1,2,2,2,1,1,0,0,361AN1,42.88852,17.5,13.0,2004-11-07,42.88852,17.5,13.0,2004-11-07,72900.0,42.88852,17.5,13.0,2004-11-07,72900.0
36,West Bengal ,1,A,BSF,N,ESM,3,1,1,1,0,1,0,0,361AN3,,,,,,,,,,,,,,
36,West Bengal ,1,A,BSF,N,OBC,6,1,1,1,1,0,0,0,361AN6,97.9185,31.25,11.5,2001-11-17,98.7759,31.5,9.0,2001-01-18,36498.0,98.7759,31.5,9.0,2001-01-18,36498.0
36,West Bengal ,1,A,BSF,N,UR,9,3,3,3,3,0,0,0,361AN9,66.19572,24.25,9.0,2002-07-18,76.30655,29.75,6.5,2003-03-19,59343.0,76.30655,29.75,6.5,2003-03-19,59343.0
36,West Bengal ,1,B,CISF,B,EWS,0,15,15,15,15,0,0,0,361BB0,45.74222,23.25,3.5,2002-02-28,68.95066,22.0,13.0,2005-02-15,64976.0,68.95066,22.0,13.0,2005-02-15,64976.0
36,West Bengal ,1,B,CISF,B,SC,1,33,33,33,33,0,0,0,361BB1,77.18039,25.0,8.5,2002-12-20,100.26035,35.5,8.5,2001-05-07,35133.0,100.26035,35.5,8.5,2001-05-07,35133.0
36,West Bengal ,1,B,CISF,B,ST,2,7,7,7,7,0,0,0,361BB2,88.27234,33.25,3.75,2000-07-31,109.25645,33.25,13.0,2000-05-09,27198.0,109.25645,33.25,13.0,2000-05-09,27198.0
36,West Bengal ,1,B,CISF,B,ESM,3,14,14,14,0,14,0,0,361BB3,,,,,,,,,,,,,,
36,West Bengal ,1,B,CISF,B,OBC,6,31,31,31,31,0,0,0,361BB6,67.15069,27.5,4.25,2001-11-15,96.80397,33.5,17.5,2000-06-09,38402.0,96.80397,33.5,17.5,2000-06-09,38402.0
36,West Bengal ,1,B,CISF,B,UR,9,57,57,57,57,0,0,0,361BB9,81.47708,31.25,10.0,2002-10-22,104.57463,35.75,15.75,2005-02-14,31134.0,104.57463,35.75,15.75,2005-02-14,31134.0
36,West Bengal ,1,B,CISF,G,EWS,0,6,6,6,6,0,0,0,361BG0,81.70211,29.0,12.5,2005-01-01,99.396,35.5,6.0,2005-11-15,35899.0,99.396,35.5,6.0,2005-11-15,35899.0
36,West Bengal ,1,B,CISF,G,SC,1,14,14,14,14,0,0,0,361BG1,85.05999,29.0,5.0,2002-08-26,105.3711,37.75,17.5,2001-11-17,30534.0,105.3711,37.75,17.5,2001-11-17,30534.0
36,West Bengal ,1,B,CISF,G,ST,2,3,3,3,3,0,0,0,361BG2,90.288,35.5,9.5,2001-08-05,109.78902,35.75,13.25,2004-03-29,26791.0,109.78902,35.75,13.25,2004-03-29,26791.0
36,West Bengal ,1,B,CISF,G,ESM,3,6,6,6,0,6,0,0,361BG3,,,,,,,,,,,,,,
36,West Bengal ,1,B,CISF,G,OBC,6,14,14,14,14,0,0,0,361BG6,91.35922,22.75,10.0,1999-11-08,111.21186,33.5,15.0,2002-10-06,25609.0,111.21186,33.5,15.0,2002-10-06,25609.0
36,West Bengal ,1,B,CISF,G,UR,9,25,25,25,25,0,0,0,361BG9,97.62645,28.75,10.75,2004-08-05,119.13802,35.75,15.25,2003-08-26,20100.0,119.13802,35.75,15.25,2003-08-26,20100.0
36,West Bengal ,1,B,CISF,N,EWS,0,1,1,1,1,0,0,0,361BN0,62.09638,22.5,6.75,2005-10-25,64.39382,22.25,17.5,2003-10-01,67828.0,64.39382,22.25,17.5,2003-10-01,67828.0
36,West Bengal ,1,B,CISF,N,SC,1,1,1,1,1,0,0,0,361BN1,42.88852,17.5,13.0,2004-11-07,55.20375,26.5,4.75,2001-04-08,70801.0,55.20375,26.5,4.75,2001-04-08,70801.0
36,West Bengal ,1,B,CISF,N,ESM,3,1,1,1,0,1,0,0,361BN3,,,,,,,,,,,,,,
36,West Bengal ,1,B,CISF,N,OBC,6,1,1,1,1,0,0,0,361BN6,97.9185,31.25,11.5,2001-11-17,119.02074,35.5,17.5,2000-03-22,20186.0,119.02074,35.5,17.5,2000-03-22,20186.0
36,West Bengal ,1,B,CISF,N,UR,9,2,2,2,2,0,0,0,361BN9,66.19572,24.25,9.0,2002-07-18,85.24716,29.5,5.75,2002-10-21,50668.0,85.24716,29.5,5.75,2002-10-21,50668.0
36,West Bengal ,1,C,CRPF,B,EWS,0,5,5,5,5,0,0,0,361CB0,45.74222,23.25,3.5,2002-02-28,66.6678,26.5,17.5,2002-12-25,66514.0,66.6678,26.5,17.5,2002-12-25,66514.0
36,West Bengal ,1,C,CRPF,B,SC,1,12,12,12,12,0,0,0,361CB1,77.18039,25.0,8.5,2002-12-20,97.57797,27.0,7.5,2003-06-30,37641.0,97.57797,27.0,7.5,2003-06-30,37641.0
36,West Bengal ,1,C,CRPF,B,ST,2,3,3,3,3,0,0,0,361CB2,88.27234,33.25,3.75,2000-07-31,106.02161,31.25,8.75,1998-08-22,29819.0,106.02161,31.25,8.75,1998-08-22,29819.0
36,West Bengal ,1,C,CRPF,B,ESM,3,5,5,5,0,5,0,0,361CB3,,,,,,,,,,,,,,
36,West Bengal ,1,C,CRPF,B,OBC,6,11,11,11,11,0,0,0,361CB6,67.15069,27.5,4.25,2001-11-15,93.59913,33.25,10.75,2003-07-16,41774.0,93.59913,33.25,10.75,2003-07-16,41774.0
36,West Bengal ,1,C,CRPF,B,UR,9,19,19,19,19,0,0,0,361CB9,81.47708,31.25,10.0,2002-10-22,101.39978,36.0,20.5,2002-01-10,33968.0,101.39978,36.0,20.5,2002-01-10,33968.0
36,West Bengal ,1,C,CRPF,G,EWS,0,2,2,2,2,0,0,0,361CG0,81.70211,29.0,12.5,2005-01-01,97.25265,31.5,14.5,2002-07-29,37957.0,97.25265,31.5,14.5,2002-07-29,37957.0
36,West Bengal ,1,C,CRPF,G,SC,1,5,5,5,5,0,0,0,361CG1,85.05999,29.0,5.0,2002-08-26,98.27458,38.0,12.0,2001-12-11,37039.0,98.27458,38.0,12.0,2001-12-11,37039.0
36,West Bengal ,1,C,CRPF,G,ST,2,1,1,1,1,0,0,0,361CG2,90.288,35.5,9.5,2001-08-05,106.35145,26.5,10.75,1997-01-18,29519.0,106.35145,26.5,10.75,1997-01-18,29519.0
36,West Bengal ,1,C,CRPF,G,ESM,3,2,2,2,0,2,0,0,361CG3,,,,,,,,,,,,,,
36,West Bengal ,1,C,CRPF,G,OBC,6,5,5,5,5,0,0,0,361CG6,91.35922,22.75,10.0,1999-11-08,105.05485,38.0,8.75,2002-02-14,30825.0,105.05485,38.0,8.75,2002-02-14,30825.0
36,West Bengal ,1,C,CRPF,G,UR,9,9,9,9,9,0,0,0,361CG9,97.62645,28.75,10.75,2004-08-05,108.02444,33.5,16.5,2002-03-19,28165.0,108.02444,33.5,16.5,2002-03-19,28165.0
36,West Bengal ,1,C,CRPF,N,UR,9,2,2,2,2,0,0,0,361CN9,66.19572,24.25,9.0,2002-07-18,81.48706,19.25,11.25,2004-10-12,54523.0,81.48706,19.25,11.25,2004-10-12,54523.0
36,West Bengal ,1,E,ITBP,G,EWS,0,2,2,2,2,0,0,0,361EG0,81.70211,29.0,12.5,2005-01-01,96.07756,29.5,12.25,2003-08-05,39263.0,96.07756,29.5,12.25,2003-08-05,39263.0
36,West Bengal ,1,E,ITBP,G,SC,1,4,4,4,4,0,0,0,361EG1,85.05999,29.0,5.0,2002-08-26,100.48689,31.5,14.0,2000-09-06,34973.0,100.48689,31.5,14.0,2000-09-06,34973.0
36,West Bengal ,1,E,ITBP,G,ST,2,1,1,1,1,0,0,0,361EG2,90.288,35.5,9.5,2001-08-05,114.6333,31.75,17.5,2000-10-28,23172.0,114.6333,31.75,17.5,2000-10-28,23172.0
36,West Bengal ,1,E,ITBP,G,ESM,3,2,2,2,0,2,0,0,361EG3,,,,,,,,,,,,,,
36,West Bengal ,1,E,ITBP,G,OBC,6,4,4,4,4,0,0,0,361EG6,91.35922,22.75,10.0,1999-11-08,106.68728,40.0,7.25,2002-11-23,29253.0,106.68728,40.0,7.25,2002-11-23,29253.0
36,West Bengal ,1,E,ITBP,G,UR,9,7,7,7,7,0,0,0,361EG9,97.62645,28.75,10.75,2004-08-05,109.53062,35.5,9.5,2002-10-30,26998.0,109.53062,35.5,9.5,2002-10-30,26998.0
36,West Bengal ,1,F,AR,G,SC,1,1,1,1,1,0,0,0,361FG1,85.05999,29.0,5.0,2002-08-26,115.0155,31.5,14.25,2006-09-07,22882.0,115.0155,31.5,14.25,2006-09-07,22882.0
36,West Bengal ,1,F,AR,G,OBC,6,1,1,1,1,0,0,0,361FG6,91.35922,22.75,10.0,1999-11-08,121.51543,35.5,14.75,1999-09-28,18281.0,121.51543,35.5,14.75,1999-09-28,18281.0
36,West Bengal ,1,F,AR,G,UR,9,2,2,2,2,0,0,0,361FG9,97.62645,28.75,10.75,2004-08-05,118.82355,36.0,22.25,2004-04-22,20348.0,118.82355,36.0,22.25,2004-04-22,20348.0
36,West Bengal ,2,A,BSF,B,EWS,0,206,206,206,80,126,0,0,362AB0,40.32628,22.0,13.0,2002-03-05,41.83425,11.25,4.25,2003-10-13,72997.0,41.83425,11.25,4.25,2003-10-13,72997.0
36,West Bengal ,2,A,BSF,B,SC,1,473,473,473,473,0,0,0,362AB1,78.22208,18.5,19.75,1998-11-15,90.77601,28.75,17.5,2002-09-15,44728.0,90.77601,28.75,17.5,2002-09-15,44728.0
36,West Bengal ,2,A,BSF,B,ST,2,103,103,103,103,0,0,0,362AB2,82.94009,37.75,3.5,2002-09-08,90.71786,31.0,6.25,2001-07-14,44787.0,90.71786,31.0,6.25,2001-07-14,44787.0
36,West Bengal ,2,A,BSF,B,ESM,3,206,206,206,0,206,0,0,362AB3,57.24573,31.0,8.5,2000-08-10,,,,,,,,,,
36,West Bengal ,2,A,BSF,B,OBC,6,453,453,453,453,0,0,0,362AB6,64.52698,24.25,10.75,2001-01-07,84.67581,26.5,4.75,1999-12-20,51245.0,84.67581,26.5,4.75,1999-12-20,51245.0
36,West Bengal ,2,A,BSF,B,UR,9,823,823,823,823,0,0,0,362AB9,78.45982,35.5,10.75,2006-01-29,91.28282,33.25,1.75,2004-01-25,44231.0,91.28282,33.25,1.75,2004-01-25,44231.0
36,West Bengal ,2,A,BSF,G,EWS,0,50,50,50,50,0,0,0,362AG0,63.68679,28.75,5.25,2002-02-01,85.44634,26.5,10.75,2002-12-10,50451.0,85.44634,26.5,10.75,2002-12-10,50451.0
36,West Bengal ,2,A,BSF,G,SC,1,116,116,116,116,0,0,0,362AG1,83.42133,31.0,8.75,2003-11-02,94.54343,29.0,17.5,2001-10-04,40759.0,94.54343,29.0,17.5,2001-10-04,40759.0
36,West Bengal ,2,A,BSF,G,ST,2,25,25,25,25,0,0,0,362AG2,90.33592,28.75,8.75,2005-07-18,94.7755,35.5,15.25,1997-08-15,40512.0,94.7755,35.5,15.25,1997-08-15,40512.0
36,West Bengal ,2,A,BSF,G,ESM,3,50,50,50,0,50,0,0,362AG3,42.52647,15.25,6.25,1983-07-08,,,,,,,,,,
36,West Bengal ,2,A,BSF,G,OBC,6,110,110,110,110,0,0,0,362AG6,85.68669,28.75,8.0,2004-05-25,97.40839,31.75,10.75,2003-12-29,37781.0,97.40839,31.75,10.75,2003-12-29,37781.0
36,West Bengal ,2,A,BSF,G,UR,9,201,201,201,201,0,0,0,362AG9,91.16203,28.75,10.75,2006-03-20,101.14065,33.75,17.75,2006-09-03,34238.0,101.14065,33.75,17.75,2006-09-03,34238.0
36,West Bengal ,2,A,BSF,N,EWS,0,4,4,4,4,0,0,0,362AN0,57.02749,19.75,6.25,2004-10-17,57.02749,19.75,6.25,2004-10-17,70433.0,57.02749,19.75,6.25,2004-10-17,70433.0
36,West Bengal ,2,A,BSF,N,SC,1,10,10,10,10,0,0,0,362AN1,41.30321,17.5,1.75,2003-12-04,71.23353,22.0,15.25,2000-09-21,63365.0,71.23353,22.0,15.25,2000-09-21,63365.0
36,West Bengal ,2,A,BSF,N,ST,2,2,2,2,2,0,0,0,362AN2,93.15245,33.5,15.75,1999-02-02,112.23626,33.5,13.0,1998-08-04,24954.0,112.23626,33.5,13.0,1998-08-04,24954.0
36,West Bengal ,2,A,BSF,N,ESM,3,4,4,4,0,4,0,0,362AN3,,,,,,,,,,,,,,
36,West Bengal ,2,A,BSF,N,OBC,6,9,9,9,9,0,0,0,362AN6,56.04184,26.75,6.0,2003-03-28,81.03017,25.25,5.75,2000-12-25,54967.0,81.03017,25.25,5.75,2000-12-25,54967.0
36,West Bengal ,2,A,BSF,N,UR,9,16,16,16,16,0,0,0,362AN9,63.61231,31.75,7.0,2005-01-09,83.25827,29.0,15.5,2002-07-04,52810.0,83.25827,29.0,15.5,2002-07-04,52810.0
36,West Bengal ,2,B,CISF,B,EWS,0,129,129,129,129,0,0,0,362BB0,40.32628,22.0,13.0,2002-03-05,75.94613,31.0,6.25,2005-06-05,59625.0,75.94613,31.0,6.25,2005-06-05,59625.0
36,West Bengal ,2,B,CISF,B,SC,1,296,296,296,296,0,0,0,362BB1,78.22208,18.5,19.75,1998-11-15,105.47643,31.0,19.75,1999-09-10,30400.0,105.47643,31.0,19.75,1999-09-10,30400.0
36,West Bengal ,2,B,CISF,B,ST,2,64,64,64,64,0,0,0,362BB2,82.94009,37.75,3.5,2002-09-08,100.56347,28.75,15.25,2004-10-23,34854.0,100.56347,28.75,15.25,2004-10-23,34854.0
36,West Bengal ,2,B,CISF,B,ESM,3,129,129,129,0,129,0,0,362BB3,57.24573,31.0,8.5,2000-08-10,,,,,,,,,,
36,West Bengal ,2,B,CISF,B,OBC,6,283,283,283,283,0,0,0,362BB6,64.52698,24.25,10.75,2001-01-07,102.17897,29.5,16.75,2005-01-10,33314.0,102.17897,29.5,16.75,2005-01-10,33314.0
36,West Bengal ,2,B,CISF,B,UR,9,515,515,515,515,0,0,0,362BB9,78.45982,35.5,10.75,2006-01-29,108.05673,40.0,10.75,2004-07-31,28077.0,108.05673,40.0,10.75,2004-07-31,28077.0
36,West Bengal ,2,B,CISF,G,EWS,0,56,56,56,56,0,0,0,362BG0,63.68679,28.75,5.25,2002-02-01,99.28605,34.0,17.0,2004-01-02,36025.0,99.28605,34.0,17.0,2004-01-02,36025.0
36,West Bengal ,2,B,CISF,G,SC,1,128,128,127,127,0,1,1,362BG1,83.42133,31.0,8.75,2003-11-02,105.33704,35.5,13.0,2004-05-17,30608.0,105.33704,35.5,13.0,2004-05-17,30608.0
36,West Bengal ,2,B,CISF,G,ST,2,28,28,28,28,0,0,0,362BG2,90.33592,28.75,8.75,2005-07-18,100.38014,35.5,17.75,2001-10-26,35073.0,100.38014,35.5,17.75,2001-10-26,35073.0
36,West Bengal ,2,B,CISF,G,ESM,3,56,56,56,6,50,0,0,362BG3,42.52647,15.25,6.25,1983-07-08,42.52647,15.25,6.25,1983-07-08,72938.0,42.52647,15.25,6.25,1983-07-08,72938.0
36,West Bengal ,2,B,CISF,G,OBC,6,122,122,120,120,0,2,2,362BG6,85.68669,28.75,8.0,2004-05-25,109.7885,31.5,16.25,2001-03-21,26793.0,109.7885,31.5,16.25,2001-03-21,26793.0
36,West Bengal ,2,B,CISF,G,UR,9,222,222,219,219,0,3,3,362BG9,91.16203,28.75,10.75,2006-03-20,114.41442,35.5,13.0,2002-10-22,23354.0,114.41442,35.5,13.0,2002-10-22,23354.0
36,West Bengal ,2,B,CISF,N,EWS,0,5,5,5,5,0,0,0,362BN0,57.02749,19.75,6.25,2004-10-17,90.85457,33.25,4.0,2002-12-30,44650.0,90.85457,33.25,4.0,2002-12-30,44650.0
36,West Bengal ,2,B,CISF,N,SC,1,10,10,10,10,0,0,0,362BN1,41.30321,17.5,1.75,2003-12-04,86.711,29.5,5.25,2006-02-11,49077.0,86.711,29.5,5.25,2006-02-11,49077.0
36,West Bengal ,2,B,CISF,N,ST,2,2,2,2,2,0,0,0,362BN2,93.15245,33.5,15.75,1999-02-02,110.09587,35.5,15.25,1999-06-09,26535.0,110.09587,35.5,15.25,1999-06-09,26535.0
36,West Bengal ,2,B,CISF,N,ESM,3,5,5,5,0,5,0,0,362BN3,,,,,,,,,,,,,,
36,West Bengal ,2,B,CISF,N,OBC,6,10,10,10,10,0,0,0,362BN6,56.04184,26.75,6.0,2003-03-28,99.48136,31.25,17.5,2002-05-10,35816.0,99.48136,31.25,17.5,2002-05-10,35816.0
36,West Bengal ,2,B,CISF,N,UR,9,18,18,18,18,0,0,0,362BN9,63.61231,31.75,7.0,2005-01-09,103.46161,33.5,22.0,2004-05-24,32150.0,103.46161,33.5,22.0,2004-05-24,32150.0
36,West Bengal ,2,C,CRPF,B,EWS,0,119,119,119,103,16,0,0,362CB0,40.32628,22.0,13.0,2002-03-05,40.32628,22.0,13.0,2002-03-05,73138.0,40.32628,22.0,13.0,2002-03-05,73138.0
36,West Bengal ,2,C,CRPF,B,SC,1,274,274,274,274,0,0,0,362CB1,78.22208,18.5,19.75,1998-11-15,96.49908,35.5,11.25,2004-09-23,38710.0,96.49908,35.5,11.25,2004-09-23,38710.0
36,West Bengal ,2,C,CRPF,B,ST,2,60,60,60,60,0,0,0,362CB2,82.94009,37.75,3.5,2002-09-08,95.05188,31.25,14.25,2002-10-07,40196.0,95.05188,31.25,14.25,2002-10-07,40196.0
36,West Bengal ,2,C,CRPF,B,ESM,3,119,119,119,0,119,0,0,362CB3,57.24573,31.0,8.5,2000-08-10,,,,,,,,,,
36,West Bengal ,2,C,CRPF,B,OBC,6,262,262,262,262,0,0,0,362CB6,64.52698,24.25,10.75,2001-01-07,90.9547,31.25,8.75,2002-11-07,44555.0,90.9547,31.25,8.75,2002-11-07,44555.0
36,West Bengal ,2,C,CRPF,B,UR,9,478,478,478,478,0,0,0,362CB9,78.45982,35.5,10.75,2006-01-29,97.90262,31.75,19.0,2002-03-10,37376.0,97.90262,31.75,19.0,2002-03-10,37376.0
36,West Bengal ,2,C,CRPF,G,EWS,0,52,52,52,52,0,0,0,362CG0,63.68679,28.75,5.25,2002-02-01,83.35009,26.5,9.0,2003-05-10,52746.0,83.35009,26.5,9.0,2003-05-10,52746.0
36,West Bengal ,2,C,CRPF,G,SC,1,119,119,119,119,0,0,0,362CG1,83.42133,31.0,8.75,2003-11-02,96.04048,28.75,8.5,2004-04-29,39297.0,96.04048,28.75,8.5,2004-04-29,39297.0
36,West Bengal ,2,C,CRPF,G,ST,2,26,26,26,26,0,0,0,362CG2,90.33592,28.75,8.75,2005-07-18,95.49948,30.0,18.5,2004-01-25,39792.0,95.49948,30.0,18.5,2004-01-25,39792.0
36,West Bengal ,2,C,CRPF,G,ESM,3,52,52,52,0,52,0,0,362CG3,42.52647,15.25,6.25,1983-07-08,,,,,,,,,,
36,West Bengal ,2,C,CRPF,G,OBC,6,114,114,114,114,0,0,0,362CG6,85.68669,28.75,8.0,2004-05-25,97.25326,29.5,19.25,2002-10-18,37954.0,97.25326,29.5,19.25,2002-10-18,37954.0
36,West Bengal ,2,C,CRPF,G,UR,9,207,207,207,207,0,0,0,362CG9,91.16203,28.75,10.75,2006-03-20,101.54088,31.0,20.0,2003-12-23,33834.0,101.54088,31.0,20.0,2003-12-23,33834.0
36,West Bengal ,2,C,CRPF,N,EWS,0,4,4,4,4,0,0,0,362CN0,57.02749,19.75,6.25,2004-10-17,70.89017,40.0,8.5,2004-06-07,63627.0,70.89017,40.0,8.5,2004-06-07,63627.0
36,West Bengal ,2,C,CRPF,N,SC,1,10,10,10,10,0,0,0,362CN1,41.30321,17.5,1.75,2003-12-04,67.11524,20.25,13.0,2002-03-09,66204.0,67.11524,20.25,13.0,2002-03-09,66204.0
36,West Bengal ,2,C,CRPF,N,ST,2,2,2,2,2,0,0,0,362CN2,93.15245,33.5,15.75,1999-02-02,94.17809,37.75,15.25,2001-10-26,41099.0,94.17809,37.75,15.25,2001-10-26,41099.0
36,West Bengal ,2,C,CRPF,N,ESM,3,4,4,4,0,4,0,0,362CN3,,,,,,,,,,,,,,
36,West Bengal ,2,C,CRPF,N,OBC,6,9,9,9,9,0,0,0,362CN6,56.04184,26.75,6.0,2003-03-28,83.38051,19.75,13.0,2002-07-13,52706.0,83.38051,19.75,13.0,2002-07-13,52706.0
36,West Bengal ,2,C,CRPF,N,UR,9,17,17,17,17,0,0,0,362CN9,63.61231,31.75,7.0,2005-01-09,85.07176,28.75,2.5,2006-07-16,50870.0,85.07176,28.75,2.5,2006-07-16,50870.0
36,West Bengal ,2,D,SSB,B,EWS,0,2,2,2,2,0,0,0,362DB0,40.32628,22.0,13.0,2002-03-05,119.41728,37.75,15.25,2003-12-10,19830.0,119.41728,37.75,15.25,2003-12-10,19830.0
36,West Bengal ,2,D,SSB,B,SC,1,5,5,5,5,0,0,0,362DB1,78.22208,18.5,19.75,1998-11-15,128.85965,37.75,28.75,2006-05-05,11515.0,128.85965,37.75,28.75,2006-05-05,11515.0
36,West Bengal ,2,D,SSB,B,ST,2,1,1,1,1,0,0,0,362DB2,82.94009,37.75,3.5,2002-09-08,119.76285,40.0,31.0,2002-12-02,19589.0,119.76285,40.0,31.0,2002-12-02,19589.0
36,West Bengal ,2,D,SSB,B,ESM,3,2,2,2,0,2,0,0,362DB3,57.24573,31.0,8.5,2000-08-10,,,,,,,,,,
36,West Bengal ,2,D,SSB,B,OBC,6,5,5,5,5,0,0,0,362DB6,64.52698,24.25,10.75,2001-01-07,127.05643,31.0,15.25,2004-03-08,13504.0,127.05643,31.0,15.25,2004-03-08,13504.0
36,West Bengal ,2,D,SSB,B,UR,9,9,9,9,9,0,0,0,362DB9,78.45982,35.5,10.75,2006-01-29,129.39703,35.5,25.5,2002-11-03,10868.0,129.39703,35.5,25.5,2002-11-03,10868.0
36,West Bengal ,2,D,SSB,G,EWS,0,3,3,3,3,0,0,0,362DG0,63.68679,28.75,5.25,2002-02-01,124.56809,37.75,16.0,2004-10-08,15672.0,124.56809,37.75,16.0,2004-10-08,15672.0
36,West Bengal ,2,D,SSB,G,SC,1,7,7,7,7,0,0,0,362DG1,83.42133,31.0,8.75,2003-11-02,124.9623,40.0,17.5,2004-04-25,15286.0,124.9623,40.0,17.5,2004-04-25,15286.0
36,West Bengal ,2,D,SSB,G,ST,2,2,2,2,2,0,0,0,362DG2,90.33592,28.75,8.75,2005-07-18,119.68943,35.75,16.25,2002-07-28,19666.0,119.68943,35.75,16.25,2002-07-28,19666.0
36,West Bengal ,2,D,SSB,G,ESM,3,3,3,3,0,3,0,0,362DG3,42.52647,15.25,6.25,1983-07-08,,,,,,,,,,
36,West Bengal ,2,D,SSB,G,OBC,6,7,7,7,7,0,0,0,362DG6,85.68669,28.75,8.0,2004-05-25,124.29326,37.75,19.75,2005-06-02,15943.0,124.29326,37.75,19.75,2005-06-02,15943.0
36,West Bengal ,2,D,SSB,G,UR,9,12,12,12,12,0,0,0,362DG9,91.16203,28.75,10.75,2006-03-20,129.84514,36.0,22.5,2003-10-20,10288.0,129.84514,36.0,22.5,2003-10-20,10288.0
36,West Bengal ,2,E,ITBP,G,EWS,0,10,10,10,10,0,0,0,362EG0,63.68679,28.75,5.25,2002-02-01,102.84467,31.0,8.5,2005-08-09,32813.0,102.84467,31.0,8.5,2005-08-09,32813.0
36,West Bengal ,2,E,ITBP,G,SC,1,22,22,22,22,0,0,0,362EG1,83.42133,31.0,8.75,2003-11-02,109.31903,37.75,17.5,2001-08-13,27152.0,109.31903,37.75,17.5,2001-08-13,27152.0
36,West Bengal ,2,E,ITBP,G,ST,2,5,5,5,5,0,0,0,362EG2,90.33592,28.75,8.75,2005-07-18,104.15071,35.5,10.75,1999-01-16,31487.0,104.15071,35.5,10.75,1999-01-16,31487.0
36,West Bengal ,2,E,ITBP,G,ESM,3,10,10,10,0,10,0,0,362EG3,42.52647,15.25,6.25,1983-07-08,,,,,,,,,,
36,West Bengal ,2,E,ITBP,G,OBC,6,21,21,21,21,0,0,0,362EG6,85.68669,28.75,8.0,2004-05-25,109.12996,35.5,11.0,2002-01-19,27270.0,109.12996,35.5,11.0,2002-01-19,27270.0
36,West Bengal ,2,E,ITBP,G,UR,9,38,38,38,38,0,0,0,362EG9,91.16203,28.75,10.75,2006-03-20,113.31957,35.5,17.5,2002-05-15,24049.0,113.31957,35.5,17.5,2002-05-15,24049.0
36,West Bengal ,2,E,ITBP,N,UR,9,1,1,1,1,0,0,0,362EN9,63.61231,31.75,7.0,2005-01-09,88.14869,29.0,9.75,2002-11-05,47474.0,88.14869,29.0,9.75,2002-11-05,47474.0
36,West Bengal ,2,F,AR,G,EWS,0,4,4,4,4,0,0,0,362FG0,63.68679,28.75,5.25,2002-02-01,115.43565,37.75,10.75,2005-07-02,22571.0,115.43565,37.75,10.75,2005-07-02,22571.0
36,West Bengal ,2,F,AR,G,SC,1,10,10,10,10,0,0,0,362FG1,83.42133,31.0,8.75,2003-11-02,123.0526,40.0,7.75,2002-03-06,16956.0,123.0526,40.0,7.75,2002-03-06,16956.0
36,West Bengal ,2,F,AR,G,ST,2,2,2,2,2,0,0,0,362FG2,90.33592,28.75,8.75,2005-07-18,119.72534,35.5,24.25,2002-04-26,19625.0,119.72534,35.5,24.25,2002-04-26,19625.0
36,West Bengal ,2,F,AR,G,ESM,3,4,4,4,0,4,0,0,362FG3,42.52647,15.25,6.25,1983-07-08,,,,,,,,,,
36,West Bengal ,2,F,AR,G,OBC,6,10,10,10,10,0,0,0,362FG6,85.68669,28.75,8.0,2004-05-25,121.63489,40.0,13.0,2001-02-23,18156.0,121.63489,40.0,13.0,2001-02-23,18156.0
36,West Bengal ,2,F,AR,G,UR,9,17,17,17,17,0,0,0,362FG9,91.16203,28.75,10.75,2006-03-20,126.05504,37.75,14.0,2003-11-24,14393.0,126.05504,37.75,14.0,2003-11-24,14393.0
36,West Bengal ,2,F,AR,N,SC,1,1,1,1,1,0,0,0,362FN1,41.30321,17.5,1.75,2003-12-04,84.92844,31.5,7.25,2001-01-03,51037.0,84.92844,31.5,7.25,2001-01-03,51037.0
36,West Bengal ,2,F,AR,N,OBC,6,1,1,1,1,0,0,0,362FN6,56.04184,26.75,6.0,2003-03-28,94.82769,29.75,15.25,2000-03-05,40446.0,94.82769,29.75,15.25,2000-03-05,40446.0
36,West Bengal ,2,F,AR,N,UR,9,2,2,2,2,0,0,0,362FN9,63.61231,31.75,7.0,2005-01-09,98.27458,35.5,15.25,2002-04-28,37042.0,98.27458,35.5,15.25,2002-04-28,37042.0
37,Ladakh,1,A,BSF,N,UR,9,1,1,1,1,0,0,0,371AN9,58.96043,14.75,6.75,2002-05-12,69.83995,27.0,7.25,2003-09-12,64401.0,69.83995,27.0,7.25,2003-09-12,64401.0
37,Ladakh,1,B,CISF,B,UR,9,1,1,1,1,0,0,0,371BB9,59.07727,19.75,8.5,2002-01-17,61.29723,24.25,13.0,2002-11-08,69200.0,61.29723,24.25,13.0,2002-11-08,69200.0
37,Ladakh,1,B,CISF,N,UR,9,1,1,1,1,0,0,0,371BN9,58.96043,14.75,6.75,2002-05-12,66.92438,26.75,15.25,2003-06-22,66336.0,66.92438,26.75,15.25,2003-06-22,66336.0
37,Ladakh,1,E,ITBP,B,EWS,0,1,1,1,0,1,0,0,371EB0,,,,,,,,,,,,,,
37,Ladakh,1,E,ITBP,B,SC,1,2,2,2,0,2,0,0,371EB1,,,,,,,,,,,,,,
37,Ladakh,1,E,ITBP,B,ST,2,1,1,1,1,0,0,0,371EB2,98.54317,40.0,9.0,1997-05-10,98.99954,24.75,24.5,1998-02-21,36287.0,98.99954,24.75,24.5,1998-02-21,36287.0
37,Ladakh,1,E,ITBP,B,ESM,3,1,1,1,0,1,0,0,371EB3,,,,,,,,,,,,,,
37,Ladakh,1,E,ITBP,B,OBC,6,6,6,6,0,6,0,0,371EB6,,,,,,,,,,,,,,
37,Ladakh,1,E,ITBP,B,UR,9,4,4,4,4,0,0,0,371EB9,59.07727,19.75,8.5,2002-01-17,72.86019,22.0,13.0,2006-05-20,62111.0,72.86019,22.0,13.0,2006-05-20,62111.0
37,Ladakh,2,A,BSF,G,ESM,3,1,1,1,0,1,0,0,372AG3,,,,,,,,,,,,,,
37,Ladakh,2,A,BSF,G,OBC,6,3,3,3,0,3,0,0,372AG6,,,,,,,,,,,,,,
37,Ladakh,2,A,BSF,G,UR,9,8,8,8,0,8,0,0,372AG9,,,,,,,,,,,,,,
37,Ladakh,2,A,BSF,N,EWS,0,1,1,1,0,1,0,0,372AN0,,,,,,,,,,,,,,
37,Ladakh,2,A,BSF,N,SC,1,1,1,1,0,1,0,0,372AN1,,,,,,,,,,,,,,
37,Ladakh,2,A,BSF,N,ST,2,1,1,1,1,0,0,0,372AN2,50.1655,15.25,9.0,2001-12-08,50.7655,21.25,7.75,2003-03-01,71685.0,50.7655,21.25,7.75,2003-03-01,71685.0
37,Ladakh,2,A,BSF,N,ESM,3,1,1,1,0,1,0,0,372AN3,,,,,,,,,,,,,,
37,Ladakh,2,A,BSF,N,OBC,6,3,3,3,0,3,0,0,372AN6,,,,,,,,,,,,,,
37,Ladakh,2,A,BSF,N,UR,9,4,4,4,4,0,0,0,372AN9,48.77466,13.0,15.25,2003-03-02,48.86168,13.0,15.25,2006-05-06,72067.0,48.86168,13.0,15.25,2006-05-06,72067.0
37,Ladakh,2,B,CISF,B,EWS,0,1,1,1,0,1,0,0,372BB0,,,,,,,,,,,,,,
37,Ladakh,2,B,CISF,B,ST,2,1,1,1,1,0,0,0,372BB2,46.80131,22.25,4.0,2001-06-01,53.58161,15.25,6.25,2000-08-07,71130.0,53.58161,15.25,6.25,2000-08-07,71130.0
37,Ladakh,2,B,CISF,B,ESM,3,1,1,1,0,1,0,0,372BB3,,,,,,,,,,,,,,
37,Ladakh,2,B,CISF,B,OBC,6,5,5,5,0,5,0,0,372BB6,45.05272,15.25,4.0,2006-02-02,,,,,,,,,,
37,Ladakh,2,B,CISF,B,UR,9,7,7,7,0,7,0,0,372BB9,49.34049,6.25,18.25,2005-12-03,,,,,,,,,,
37,Ladakh,2,B,CISF,G,ESM,3,1,1,1,0,1,0,0,372BG3,,,,,,,,,,,,,,
37,Ladakh,2,B,CISF,G,OBC,6,3,3,3,0,3,0,0,372BG6,,,,,,,,,,,,,,
37,Ladakh,2,B,CISF,G,UR,9,5,5,5,0,5,0,0,372BG9,,,,,,,,,,,,,,
37,Ladakh,2,B,CISF,N,EWS,0,1,1,1,0,1,0,0,372BN0,,,,,,,,,,,,,,
37,Ladakh,2,B,CISF,N,SC,1,1,1,1,0,1,0,0,372BN1,,,,,,,,,,,,,,
37,Ladakh,2,B,CISF,N,ST,2,1,1,1,1,0,0,0,372BN2,50.1655,15.25,9.0,2001-12-08,60.08117,23.25,16.5,1999-02-02,69571.0,60.08117,23.25,16.5,1999-02-02,69571.0
37,Ladakh,2,B,CISF,N,ESM,3,1,1,1,0,1,0,0,372BN3,,,,,,,,,,,,,,
37,Ladakh,2,B,CISF,N,OBC,6,3,3,3,0,3,0,0,372BN6,,,,,,,,,,,,,,
37,Ladakh,2,B,CISF,N,UR,9,5,5,5,2,3,0,0,372BN9,48.77466,13.0,15.25,2003-03-02,49.31647,21.75,4.0,2003-06-21,71989.0,49.31647,21.75,4.0,2003-06-21,71989.0
37,Ladakh,2,C,CRPF,B,EWS,0,1,1,1,0,1,0,0,372CB0,,,,,,,,,,,,,,
37,Ladakh,2,C,CRPF,B,ST,2,1,1,1,0,1,0,0,372CB2,46.80131,22.25,4.0,2001-06-01,,,,,,,,,,
37,Ladakh,2,C,CRPF,B,ESM,3,2,2,2,0,2,0,0,372CB3,,,,,,,,,,,,,,
37,Ladakh,2,C,CRPF,B,OBC,6,6,6,6,0,6,0,0,372CB6,45.05272,15.25,4.0,2006-02-02,,,,,,,,,,
37,Ladakh,2,C,CRPF,B,UR,9,8,8,8,0,8,0,0,372CB9,49.34049,6.25,18.25,2005-12-03,,,,,,,,,,
37,Ladakh,2,C,CRPF,G,ESM,3,1,1,1,0,1,0,0,372CG3,,,,,,,,,,,,,,
37,Ladakh,2,C,CRPF,G,OBC,6,4,4,4,0,4,0,0,372CG6,,,,,,,,,,,,,,
37,Ladakh,2,C,CRPF,G,UR,9,7,7,7,0,7,0,0,372CG9,,,,,,,,,,,,,,
37,Ladakh,2,C,CRPF,N,EWS,0,1,1,1,0,1,0,0,372CN0,,,,,,,,,,,,,,
37,Ladakh,2,C,CRPF,N,SC,1,1,1,1,0,1,0,0,372CN1,,,,,,,,,,,,,,
37,Ladakh,2,C,CRPF,N,ST,2,1,1,1,1,0,0,0,372CN2,50.1655,15.25,9.0,2001-12-08,55.76999,15.25,8.5,2002-01-01,70710.0,55.76999,15.25,8.5,2002-01-01,70710.0
37,Ladakh,2,C,CRPF,N,ESM,3,1,1,1,0,1,0,0,372CN3,,,,,,,,,,,,,,
37,Ladakh,2,C,CRPF,N,OBC,6,3,3,3,0,3,0,0,372CN6,,,,,,,,,,,,,,
37,Ladakh,2,C,CRPF,N,UR,9,4,4,4,0,4,0,0,372CN9,48.77466,13.0,15.25,2003-03-02,,,,,,,,,,
37,Ladakh,2,D,SSB,G,SC,1,1,1,1,0,1,0,0,372DG1,,,,,,,,,,,,,,
37,Ladakh,2,D,SSB,N,UR,9,1,1,1,0,1,0,0,372DN9,48.77466,13.0,15.25,2003-03-02,,,,,,,,,,
37,Ladakh,2,E,ITBP,B,EWS,0,9,9,9,0,9,0,0,372EB0,,,,,,,,,,,,,,
37,Ladakh,2,E,ITBP,B,SC,1,9,9,9,0,9,0,0,372EB1,,,,,,,,,,,,,,
37,Ladakh,2,E,ITBP,B,ST,2,5,5,5,4,1,0,0,372EB2,46.80131,22.25,4.0,2001-06-01,46.80131,22.25,4.0,2001-06-01,72415.0,46.80131,22.25,4.0,2001-06-01,72415.0
37,Ladakh,2,E,ITBP,B,ESM,3,9,9,9,0,9,0,0,372EB3,,,,,,,,,,,,,,
37,Ladakh,2,E,ITBP,B,OBC,6,34,34,34,0,34,0,0,372EB6,45.05272,15.25,4.0,2006-02-02,,,,,,,,,,
37,Ladakh,2,E,ITBP,B,UR,9,36,36,36,5,31,0,0,372EB9,49.34049,6.25,18.25,2005-12-03,49.34049,6.25,18.25,2005-12-03,71980.0,49.34049,6.25,18.25,2005-12-03,71980.0
37,Ladakh,2,F,AR,G,UR,9,3,3,3,0,3,0,0,372FG9,,,,,,,,,,,,,,
37,Ladakh,2,F,AR,N,UR,9,1,1,1,0,1,0,0,372FN9,48.77466,13.0,15.25,2003-03-02,,,,,,,,,,
39,Any Part of India,1,G,NCB,G,EWS,0,1,1,1,1,0,0,0,391GG0,142.6058,37.75,28.75,2006-07-03,144.9314,40.0,24.25,2002-01-16,581.0,144.9314,40.0,24.25,2002-01-16,581.0
39,Any Part of India,1,G,NCB,G,ESM,3,1,1,1,0,1,0,0,391GG3,,,,,,,,,,,,,,
39,Any Part of India,1,G,NCB,G,OBC,6,4,4,4,4,0,0,0,391GG6,142.71019,37.75,31.25,2002-01-10,147.10565,40.0,22.0,2006-06-15,319.0,147.10565,40.0,22.0,2006-06-15,319.0
39,Any Part of India,1,G,NCB,G,UR,9,6,6,6,6,0,0,0,391GG9,143.75341,37.75,28.75,2006-07-20,149.12554,40.0,28.75,2004-09-01,164.0,149.12554,40.0,28.75,2004-09-01,164.0
39,Any Part of India,2,G,NCB,G,ST,2,1,1,1,1,0,0,0,392GG2,137.23612,35.5,24.5,2005-05-07,144.22978,40.0,22.0,2001-06-18,690.0,144.22978,40.0,22.0,2001-06-18,690.0
39,Any Part of India,2,G,NCB,G,ESM,3,1,1,1,1,0,0,0,392GG3,103.09718,31.5,16.25,1984-12-26,109.38111,31.0,17.5,1987-08-16,27119.0,109.38111,31.0,17.5,1987-08-16,27119.0
39,Any Part of India,2,G,NCB,G,OBC,6,5,5,5,5,0,0,0,392GG6,145.99092,37.75,28.75,2000-05-06,151.67957,40.0,19.75,2000-03-01,63.0,151.67957,40.0,19.75,2000-03-01,63.0
39,Any Part of India,2,G,NCB,G,UR,9,5,5,4,4,0,1,1,392GG9,147.47214,40.0,22.0,2006-10-22,152.04221,37.75,33.25,2005-10-07,50.0,152.04221,37.75,33.25,2005-10-07,50.0
39,Any Part of India,2,H,SSF,G,EWS,0,13,13,13,13,0,0,0,392HG0,144.69906,40.0,24.5,2003-12-10,148.26714,40.0,33.25,2002-03-02,239.0,148.26714,40.0,33.25,2002-03-02,239.0
39,Any Part of India,2,H,SSF,G,SC,1,20,20,20,20,0,0,0,392HG1,138.82272,40.0,19.75,2005-01-07,142.6058,40.0,28.75,2003-11-09,1077.0,142.6058,40.0,28.75,2003-11-09,1077.0
39,Any Part of India,2,H,SSF,G,ST,2,10,10,10,10,0,0,0,392HG2,137.23612,35.5,24.5,2005-05-07,143.01681,38.0,29.25,2003-04-05,994.0,143.01681,38.0,29.25,2003-04-05,994.0
39,Any Part of India,2,H,SSF,G,ESM,3,13,13,13,12,1,0,0,392HG3,103.09718,31.5,16.25,1984-12-26,104.50641,31.25,22.5,1985-08-10,31253.0,104.50641,31.25,22.5,1985-08-10,31253.0
39,Any Part of India,2,H,SSF,G,OBC,6,36,36,29,29,0,7,7,392HG6,145.99092,37.75,28.75,2000-05-06,149.78594,40.0,19.75,2002-08-02,125.0,149.78594,40.0,19.75,2002-08-02,125.0
39,Any Part of India,2,H,SSF,G,UR,9,53,53,48,48,0,5,5,392HG9,147.47214,40.0,22.0,2006-10-22,150.75218,40.0,31.0,2003-10-29,86.0,150.75218,40.0,31.0,2003-10-29,86.0
4,Assam,1,A,BSF,B,EWS,0,3,3,3,0,3,0,0,41AB0,,,,,,,,,,,,,,
4,Assam,1,A,BSF,B,SC,1,2,2,2,2,0,0,0,41AB1,61.31931,24.25,6.25,1998-07-20,71.40969,35.5,10.0,2004-03-17,63213.0,71.40969,35.5,10.0,2004-03-17,63213.0
4,Assam,1,A,BSF,B,ST,2,4,4,4,4,0,0,0,41AB2,66.07475,13.0,10.75,2000-08-15,73.01484,10.75,15.25,2000-11-05,61983.0,73.01484,10.75,15.25,2000-11-05,61983.0
4,Assam,1,A,BSF,B,ESM,3,3,3,3,0,3,0,0,41AB3,,,,,,,,,,,,,,
4,Assam,1,A,BSF,B,OBC,6,9,9,9,9,0,0,0,41AB6,62.19119,19.75,10.75,1999-03-09,71.01078,16.25,17.5,2002-09-18,63528.0,71.01078,16.25,17.5,2002-09-18,63528.0
4,Assam,1,A,BSF,B,UR,9,15,15,15,15,0,0,0,41AB9,64.08042,27.0,8.5,2003-07-31,72.29195,22.5,13.0,2002-09-12,62573.0,72.29195,22.5,13.0,2002-09-12,62573.0
4,Assam,1,A,BSF,G,EWS,0,3,3,3,0,3,0,0,41AG0,,,,,,,,,,,,,,
4,Assam,1,A,BSF,G,SC,1,2,2,2,2,0,0,0,41AG1,64.79393,22.0,4.0,2006-10-28,73.99925,19.75,6.5,2005-01-15,61194.0,73.99925,19.75,6.5,2005-01-15,61194.0
4,Assam,1,A,BSF,G,ST,2,4,4,4,4,0,0,0,41AG2,67.15069,27.0,7.5,2003-11-08,75.16815,22.25,13.0,2000-06-15,60257.0,75.16815,22.25,13.0,2000-06-15,60257.0
4,Assam,1,A,BSF,G,ESM,3,3,3,3,0,3,0,0,41AG3,,,,,,,,,,,,,,
4,Assam,1,A,BSF,G,OBC,6,8,8,8,8,0,0,0,41AG6,65.54592,27.25,8.75,2002-07-30,72.2699,24.5,10.75,2003-03-24,62582.0,72.2699,24.5,10.75,2003-03-24,62582.0
4,Assam,1,A,BSF,G,UR,9,13,13,13,13,0,0,0,41AG9,66.6678,17.5,13.0,2006-01-31,74.73885,23.0,16.5,2002-02-02,60640.0,74.73885,23.0,16.5,2002-02-02,60640.0
4,Assam,1,A,BSF,N,EWS,0,20,20,20,20,0,0,0,41AN0,42.64635,10.75,8.5,2005-01-02,55.42297,17.5,4.0,2004-12-31,70766.0,55.42297,17.5,4.0,2004-12-31,70766.0
4,Assam,1,A,BSF,N,SC,1,14,14,14,14,0,0,0,41AN1,63.84551,22.0,10.75,1999-08-14,74.40596,28.75,6.25,2002-05-15,60868.0,74.40596,28.75,6.25,2002-05-15,60868.0
4,Assam,1,A,BSF,N,ST,2,23,23,23,23,0,0,0,41AN2,67.9951,30.0,9.0,2000-01-03,76.56804,22.0,17.5,1998-08-06,59122.0,76.56804,22.0,17.5,1998-08-06,59122.0
4,Assam,1,A,BSF,N,ESM,3,20,20,20,0,20,0,0,41AN3,,,,,,,,,,,,,,
4,Assam,1,A,BSF,N,OBC,6,53,53,53,53,0,0,0,41AN6,65.92348,29.25,11.75,2004-08-07,73.11938,33.5,8.75,2000-12-21,61903.0,73.11938,33.5,8.75,2000-12-21,61903.0
4,Assam,1,A,BSF,N,UR,9,87,87,87,87,0,0,0,41AN9,67.09267,26.75,-0.25,2002-08-05,75.60361,25.0,0.0,2003-07-06,59927.0,75.60361,25.0,0.0,2003-07-06,59927.0
4,Assam,1,B,CISF,B,EWS,0,2,2,2,0,2,0,0,41BB0,,,,,,,,,,,,,,
4,Assam,1,B,CISF,B,SC,1,2,2,2,2,0,0,0,41BB1,61.31931,24.25,6.25,1998-07-20,75.2121,28.75,10.0,1999-03-30,60223.0,75.2121,28.75,10.0,1999-03-30,60223.0
4,Assam,1,B,CISF,B,ST,2,3,3,3,3,0,0,0,41BB2,66.07475,13.0,10.75,2000-08-15,78.51183,31.0,13.0,1997-08-07,57452.0,78.51183,31.0,13.0,1997-08-07,57452.0
4,Assam,1,B,CISF,B,ESM,3,2,2,2,0,2,0,0,41BB3,,,,,,,,,,,,,,
4,Assam,1,B,CISF,B,OBC,6,6,6,6,6,0,0,0,41BB6,62.19119,19.75,10.75,1999-03-09,75.18122,26.5,13.25,2000-10-16,60234.0,75.18122,26.5,13.25,2000-10-16,60234.0
4,Assam,1,B,CISF,B,UR,9,11,11,11,11,0,0,0,41BB9,64.08042,27.0,8.5,2003-07-31,76.21696,24.25,10.75,2003-02-27,59382.0,76.21696,24.25,10.75,2003-02-27,59382.0
4,Assam,1,B,CISF,G,EWS,0,2,2,2,0,2,0,0,41BG0,,,,,,,,,,,,,,
4,Assam,1,B,CISF,G,SC,1,1,1,1,1,0,0,0,41BG1,64.79393,22.0,4.0,2006-10-28,80.37286,28.75,4.0,2005-02-28,55592.0,80.37286,28.75,4.0,2005-02-28,55592.0
4,Assam,1,B,CISF,G,ST,2,3,3,3,3,0,0,0,41BG2,67.15069,27.0,7.5,2003-11-08,81.07447,31.75,7.5,2000-01-08,54918.0,81.07447,31.75,7.5,2000-01-08,54918.0
4,Assam,1,B,CISF,G,ESM,3,2,2,2,0,2,0,0,41BG3,,,,,,,,,,,,,,
4,Assam,1,B,CISF,G,OBC,6,6,6,6,6,0,0,0,41BG6,65.54592,27.25,8.75,2002-07-30,80.5513,25.0,9.75,2003-07-20,55418.0,80.5513,25.0,9.75,2003-07-20,55418.0
4,Assam,1,B,CISF,G,UR,9,9,9,9,9,0,0,0,41BG9,66.6678,17.5,13.0,2006-01-31,83.59477,26.75,11.5,2006-12-24,52425.0,83.59477,26.75,11.5,2006-12-24,52425.0
4,Assam,1,B,CISF,N,EWS,0,14,14,14,14,0,0,0,41BN0,42.64635,10.75,8.5,2005-01-02,62.16424,19.75,6.5,2003-12-27,68853.0,62.16424,19.75,6.5,2003-12-27,68853.0
4,Assam,1,B,CISF,N,SC,1,10,10,10,10,0,0,0,41BN1,63.84551,22.0,10.75,1999-08-14,80.9149,24.25,8.5,2003-05-02,55094.0,80.9149,24.25,8.5,2003-05-02,55094.0
4,Assam,1,B,CISF,N,ST,2,16,16,16,16,0,0,0,41BN2,67.9951,30.0,9.0,2000-01-03,82.38483,23.5,18.5,2004-01-10,53659.0,82.38483,23.5,18.5,2004-01-10,53659.0
4,Assam,1,B,CISF,N,ESM,3,14,14,14,0,14,0,0,41BN3,,,,,,,,,,,,,,
4,Assam,1,B,CISF,N,OBC,6,37,37,37,37,0,0,0,41BN6,65.92348,29.25,11.75,2004-08-07,81.33127,29.25,12.75,2001-03-20,54703.0,81.33127,29.25,12.75,2001-03-20,54703.0
4,Assam,1,B,CISF,N,UR,9,61,61,61,61,0,0,0,41BN9,67.09267,26.75,-0.25,2002-08-05,85.45023,29.0,15.75,2003-06-09,50429.0,85.45023,29.0,15.75,2003-06-09,50429.0
4,Assam,1,C,CRPF,B,EWS,0,1,1,1,0,1,0,0,41CB0,,,,,,,,,,,,,,
4,Assam,1,C,CRPF,B,SC,1,1,1,1,1,0,0,0,41CB1,61.31931,24.25,6.25,1998-07-20,77.06388,27.0,6.25,2005-04-23,58715.0,77.06388,27.0,6.25,2005-04-23,58715.0
4,Assam,1,C,CRPF,B,ST,2,1,1,1,1,0,0,0,41CB2,66.07475,13.0,10.75,2000-08-15,76.83126,27.5,13.75,1997-12-20,58935.0,76.83126,27.5,13.75,1997-12-20,58935.0
4,Assam,1,C,CRPF,B,ESM,3,1,1,1,0,1,0,0,41CB3,,,,,,,,,,,,,,
4,Assam,1,C,CRPF,B,OBC,6,2,2,2,2,0,0,0,41CB6,62.19119,19.75,10.75,1999-03-09,75.23502,29.0,10.75,2000-03-01,60195.0,75.23502,29.0,10.75,2000-03-01,60195.0
4,Assam,1,C,CRPF,B,UR,9,4,4,4,4,0,0,0,41CB9,64.08042,27.0,8.5,2003-07-31,77.42633,37.75,13.5,2003-05-22,58435.0,77.42633,37.75,13.5,2003-05-22,58435.0
4,Assam,1,C,CRPF,G,EWS,0,1,1,1,0,1,0,0,41CG0,,,,,,,,,,,,,,
4,Assam,1,C,CRPF,G,ST,2,1,1,1,1,0,0,0,41CG2,67.15069,27.0,7.5,2003-11-08,77.87315,37.75,17.5,2001-01-14,58014.0,77.87315,37.75,17.5,2001-01-14,58014.0
4,Assam,1,C,CRPF,G,ESM,3,1,1,1,0,1,0,0,41CG3,,,,,,,,,,,,,,
4,Assam,1,C,CRPF,G,OBC,6,2,2,2,2,0,0,0,41CG6,65.54592,27.25,8.75,2002-07-30,77.71768,25.25,13.0,2002-02-23,58174.0,77.71768,25.25,13.0,2002-02-23,58174.0
4,Assam,1,C,CRPF,G,UR,9,3,3,3,3,0,0,0,41CG9,66.6678,17.5,13.0,2006-01-31,80.63326,33.25,4.0,2003-09-07,55352.0,80.63326,33.25,4.0,2003-09-07,55352.0
4,Assam,1,C,CRPF,N,EWS,0,5,5,5,5,0,0,0,41CN0,42.64635,10.75,8.5,2005-01-02,56.87229,16.0,15.75,2002-02-15,70461.0,56.87229,16.0,15.75,2002-02-15,70461.0
4,Assam,1,C,CRPF,N,SC,1,3,3,3,3,0,0,0,41CN1,63.84551,22.0,10.75,1999-08-14,78.5065,29.5,17.25,2003-06-16,57464.0,78.5065,29.5,17.25,2003-06-16,57464.0
4,Assam,1,C,CRPF,N,ST,2,6,6,6,6,0,0,0,41CN2,67.9951,30.0,9.0,2000-01-03,77.99387,33.75,8.5,2001-09-29,57928.0,77.99387,33.75,8.5,2001-09-29,57928.0
4,Assam,1,C,CRPF,N,ESM,3,5,5,5,0,5,0,0,41CN3,,,,,,,,,,,,,,
4,Assam,1,C,CRPF,N,OBC,6,13,13,13,13,0,0,0,41CN6,65.92348,29.25,11.75,2004-08-07,79.53324,33.25,13.0,2001-08-15,56426.0,79.53324,33.25,13.0,2001-08-15,56426.0
4,Assam,1,C,CRPF,N,UR,9,21,21,21,21,0,0,0,41CN9,67.09267,26.75,-0.25,2002-08-05,80.93509,31.0,13.0,2003-02-17,55070.0,80.93509,31.0,13.0,2003-02-17,55070.0
4,Assam,1,E,ITBP,G,EWS,0,1,1,1,0,1,0,0,41EG0,,,,,,,,,,,,,,
4,Assam,1,E,ITBP,G,ST,2,1,1,1,1,0,0,0,41EG2,67.15069,27.0,7.5,2003-11-08,79.08184,27.5,7.5,1998-01-18,56852.0,79.08184,27.5,7.5,1998-01-18,56852.0
4,Assam,1,E,ITBP,G,ESM,3,1,1,1,0,1,0,0,41EG3,,,,,,,,,,,,,,
4,Assam,1,E,ITBP,G,OBC,6,2,2,2,2,0,0,0,41EG6,65.54592,27.25,8.75,2002-07-30,72.41067,11.75,15.5,2002-01-03,62463.0,72.41067,11.75,15.5,2002-01-03,62463.0
4,Assam,1,E,ITBP,G,UR,9,3,3,3,3,0,0,0,41EG9,66.6678,17.5,13.0,2006-01-31,75.24053,16.25,12.25,2002-07-21,60187.0,75.24053,16.25,12.25,2002-07-21,60187.0
4,Assam,1,E,ITBP,N,EWS,0,4,4,4,4,0,0,0,41EN0,42.64635,10.75,8.5,2005-01-02,60.32237,20.75,6.0,2004-01-22,69523.0,60.32237,20.75,6.0,2004-01-22,69523.0
4,Assam,1,E,ITBP,N,SC,1,3,3,3,3,0,0,0,41EN1,63.84551,22.0,10.75,1999-08-14,75.23502,28.75,15.25,2000-07-02,60196.0,75.23502,28.75,15.25,2000-07-02,60196.0
4,Assam,1,E,ITBP,N,ST,2,5,5,5,5,0,0,0,41EN2,67.9951,30.0,9.0,2000-01-03,79.80672,27.5,15.0,1999-07-11,56142.0,79.80672,27.5,15.0,1999-07-11,56142.0
4,Assam,1,E,ITBP,N,ESM,3,4,4,4,0,4,0,0,41EN3,,,,,,,,,,,,,,
4,Assam,1,E,ITBP,N,OBC,6,11,11,11,11,0,0,0,41EN6,65.92348,29.25,11.75,2004-08-07,73.81787,28.75,10.75,2004-07-12,61330.0,73.81787,28.75,10.75,2004-07-12,61330.0
4,Assam,1,E,ITBP,N,UR,9,17,17,17,17,0,0,0,41EN9,67.09267,26.75,-0.25,2002-08-05,75.9366,17.5,15.25,2005-06-13,59653.0,75.9366,17.5,15.25,2005-06-13,59653.0
4,Assam,1,F,AR,G,UR,9,1,1,1,1,0,0,0,41FG9,66.6678,17.5,13.0,2006-01-31,96.36495,37.75,10.75,2005-01-28,38865.0,96.36495,37.75,10.75,2005-01-28,38865.0
4,Assam,1,F,AR,N,EWS,0,1,1,1,1,0,0,0,41FN0,42.64635,10.75,8.5,2005-01-02,91.1452,33.5,17.25,2003-10-18,44347.0,91.1452,33.5,17.25,2003-10-18,44347.0
4,Assam,1,F,AR,N,SC,1,1,1,1,1,0,0,0,41FN1,63.84551,22.0,10.75,1999-08-14,98.83527,37.75,5.75,1997-03-04,36435.0,98.83527,37.75,5.75,1997-03-04,36435.0
4,Assam,1,F,AR,N,ST,2,1,1,1,1,0,0,0,41FN2,67.9951,30.0,9.0,2000-01-03,95.56332,33.5,13.25,1998-12-30,39754.0,95.56332,33.5,13.25,1998-12-30,39754.0
4,Assam,1,F,AR,N,ESM,3,1,1,1,0,1,0,0,41FN3,,,,,,,,,,,,,,
4,Assam,1,F,AR,N,OBC,6,2,2,2,2,0,0,0,41FN6,65.92348,29.25,11.75,2004-08-07,103.43408,33.5,15.75,2000-08-17,32176.0,103.43408,33.5,15.75,2000-08-17,32176.0
4,Assam,1,F,AR,N,UR,9,4,4,4,4,0,0,0,41FN9,67.09267,26.75,-0.25,2002-08-05,97.37271,35.75,16.75,2002-12-25,37804.0,97.37271,35.75,16.75,2002-12-25,37804.0
4,Assam,2,A,BSF,B,EWS,0,18,18,18,0,18,0,0,42AB0,93.01463,33.75,10.75,2004-06-05,,,,,,,,,,
4,Assam,2,A,BSF,B,SC,1,13,13,13,13,0,0,0,42AB1,58.57047,24.5,10.75,1997-01-02,70.25838,31.0,10.75,2000-10-03,64153.0,70.25838,31.0,10.75,2000-10-03,64153.0
4,Assam,2,A,BSF,B,ST,2,22,22,22,22,0,0,0,42AB2,59.83515,10.75,13.0,1998-11-30,69.20432,33.25,8.5,2001-05-05,64793.0,69.20432,33.25,8.5,2001-05-05,64793.0
4,Assam,2,A,BSF,B,ESM,3,18,18,18,0,18,0,0,42AB3,,,,,,,,,,,,,,
4,Assam,2,A,BSF,B,OBC,6,50,50,50,50,0,0,0,42AB6,54.72416,25.5,5.5,2004-01-01,67.04991,28.75,4.0,2003-02-22,66263.0,67.04991,28.75,4.0,2003-02-22,66263.0
4,Assam,2,A,BSF,B,UR,9,81,81,81,81,0,0,0,42AB9,60.53075,16.0,18.25,2006-04-05,72.69342,33.25,17.5,2005-01-01,62237.0,72.69342,33.25,17.5,2005-01-01,62237.0
4,Assam,2,A,BSF,G,EWS,0,17,17,17,0,17,0,0,42AG0,93.02184,31.0,6.25,2003-07-07,,,,,,,,,,
4,Assam,2,A,BSF,G,SC,1,12,12,12,12,0,0,0,42AG1,60.56944,13.0,8.5,1999-05-10,71.85876,29.25,11.75,2000-11-01,62863.0,71.85876,29.25,11.75,2000-11-01,62863.0
4,Assam,2,A,BSF,G,ST,2,21,21,21,21,0,0,0,42AG2,62.89006,19.75,10.75,2005-08-28,71.57358,14.0,13.0,2000-12-08,63070.0,71.57358,14.0,13.0,2000-12-08,63070.0
4,Assam,2,A,BSF,G,ESM,3,17,17,17,0,17,0,0,42AG3,,,,,,,,,,,,,,
4,Assam,2,A,BSF,G,OBC,6,46,46,46,46,0,0,0,42AG6,58.20016,20.25,15.25,2002-01-01,69.46483,26.75,6.25,2001-04-01,64611.0,69.46483,26.75,6.25,2001-04-01,64611.0
4,Assam,2,A,BSF,G,UR,9,75,75,75,75,0,0,0,42AG9,65.53208,22.75,3.75,2006-02-06,75.42314,22.5,10.75,2003-01-11,60058.0,75.42314,22.5,10.75,2003-01-11,60058.0
4,Assam,2,A,BSF,N,EWS,0,111,111,111,111,0,0,0,42AN0,40.47737,22.0,2.0,2003-12-30,64.06784,28.75,-0.5,2005-05-10,67978.0,64.06784,28.75,-0.5,2005-05-10,67978.0
4,Assam,2,A,BSF,N,SC,1,78,78,78,78,0,0,0,42AN1,61.50163,13.0,8.5,1999-05-22,72.57782,19.25,5.5,1998-01-24,62335.0,72.57782,19.25,5.5,1998-01-24,62335.0
4,Assam,2,A,BSF,N,ST,2,134,134,134,134,0,0,0,42AN2,63.93746,31.0,13.0,2004-01-17,72.0347,31.25,9.0,1999-07-01,62727.0,72.0347,31.25,9.0,1999-07-01,62727.0
4,Assam,2,A,BSF,N,ESM,3,111,111,111,0,111,0,0,42AN3,39.34432,8.5,8.5,1976-05-07,,,,,,,,,,
4,Assam,2,A,BSF,N,OBC,6,301,301,301,301,0,0,0,42AN6,59.25739,22.25,10.75,2000-07-26,70.91007,31.0,5.75,2004-02-23,63590.0,70.91007,31.0,5.75,2004-02-23,63590.0
4,Assam,2,A,BSF,N,UR,9,490,490,490,490,0,0,0,42AN9,68.95066,33.25,4.0,2002-08-02,77.59314,33.5,8.5,2006-08-17,58270.0,77.59314,33.5,8.5,2006-08-17,58270.0
4,Assam,2,B,CISF,B,EWS,0,21,21,21,0,21,0,0,42BB0,93.01463,33.75,10.75,2004-06-05,,,,,,,,,,
4,Assam,2,B,CISF,B,SC,1,15,15,15,15,0,0,0,42BB1,58.57047,24.5,10.75,1997-01-02,74.40596,17.25,11.25,2000-12-25,60873.0,74.40596,17.25,11.25,2000-12-25,60873.0
4,Assam,2,B,CISF,B,ST,2,26,26,26,26,0,0,0,42BB2,59.83515,10.75,13.0,1998-11-30,74.13571,8.5,17.5,2000-01-21,61084.0,74.13571,8.5,17.5,2000-01-21,61084.0
4,Assam,2,B,CISF,B,OBC,6,57,57,57,57,0,0,0,42BB6,54.72416,25.5,5.5,2004-01-01,71.3405,28.75,13.0,2001-03-19,63247.0,71.3405,28.75,13.0,2001-03-19,63247.0
4,Assam,2,B,CISF,B,UR,9,94,94,94,94,0,0,0,42BB9,60.53075,16.0,18.25,2006-04-05,78.90927,34.0,5.75,2002-01-24,57035.0,78.90927,34.0,5.75,2002-01-24,57035.0
4,Assam,2,B,CISF,G,EWS,0,19,19,19,0,19,0,0,42BG0,93.02184,31.0,6.25,2003-07-07,,,,,,,,,,
4,Assam,2,B,CISF,G,SC,1,13,13,13,13,0,0,0,42BG1,60.56944,13.0,8.5,1999-05-10,79.86004,31.0,6.25,2000-08-31,56078.0,79.86004,31.0,6.25,2000-08-31,56078.0
4,Assam,2,B,CISF,G,ST,2,23,23,23,23,0,0,0,42BG2,62.89006,19.75,10.75,2005-08-28,76.26905,31.5,-1.25,2003-01-01,59357.0,76.26905,31.5,-1.25,2003-01-01,59357.0
4,Assam,2,B,CISF,G,ESM,3,19,19,19,0,19,0,0,42BG3,,,,,,,,,,,,,,
4,Assam,2,B,CISF,G,OBC,6,51,51,51,51,0,0,0,42BG6,58.20016,20.25,15.25,2002-01-01,75.591,26.75,5.5,2004-03-29,59947.0,75.591,26.75,5.5,2004-03-29,59947.0
4,Assam,2,B,CISF,G,UR,9,84,84,84,84,0,0,0,42BG9,65.53208,22.75,3.75,2006-02-06,82.81027,24.5,10.75,2002-03-05,53277.0,82.81027,24.5,10.75,2002-03-05,53277.0
4,Assam,2,B,CISF,N,EWS,0,125,125,125,125,0,0,0,42BN0,40.47737,22.0,2.0,2003-12-30,71.92222,19.75,6.25,2003-07-28,62814.0,71.92222,19.75,6.25,2003-07-28,62814.0
4,Assam,2,B,CISF,N,SC,1,87,87,87,87,0,0,0,42BN1,61.50163,13.0,8.5,1999-05-22,82.13778,31.0,22.0,2004-01-19,53866.0,82.13778,31.0,22.0,2004-01-19,53866.0
4,Assam,2,B,CISF,N,ST,2,149,149,149,149,0,0,0,42BN2,63.93746,31.0,13.0,2004-01-17,78.58941,27.0,8.5,2000-09-18,57338.0,78.58941,27.0,8.5,2000-09-18,57338.0
4,Assam,2,B,CISF,N,ESM,3,124,124,124,0,124,0,0,42BN3,39.34432,8.5,8.5,1976-05-07,,,,,,,,,,
4,Assam,2,B,CISF,N,OBC,6,336,336,336,336,0,0,0,42BN6,59.25739,22.25,10.75,2000-07-26,77.96259,31.75,1.75,2006-02-28,57959.0,77.96259,31.75,1.75,2006-02-28,57959.0
4,Assam,2,B,CISF,N,UR,9,547,547,547,547,0,0,0,42BN9,68.95066,33.25,4.0,2002-08-02,85.03717,29.0,10.75,2004-01-01,50922.0,85.03717,29.0,10.75,2004-01-01,50922.0
4,Assam,2,C,CRPF,B,EWS,0,21,21,21,0,21,0,0,42CB0,93.01463,33.75,10.75,2004-06-05,,,,,,,,,,
4,Assam,2,C,CRPF,B,SC,1,14,14,14,14,0,0,0,42CB1,58.57047,24.5,10.75,1997-01-02,70.91704,27.0,6.5,2000-10-27,63588.0,70.91704,27.0,6.5,2000-10-27,63588.0
4,Assam,2,C,CRPF,B,ST,2,25,25,25,25,0,0,0,42CB2,59.83515,10.75,13.0,1998-11-30,69.92698,29.5,15.5,2003-06-29,64354.0,69.92698,29.5,15.5,2003-06-29,64354.0
4,Assam,2,C,CRPF,B,ESM,3,21,21,21,0,21,0,0,42CB3,,,,,,,,,,,,,,
4,Assam,2,C,CRPF,B,OBC,6,56,56,56,56,0,0,0,42CB6,54.72416,25.5,5.5,2004-01-01,66.42068,17.5,10.75,2004-07-08,66667.0,66.42068,17.5,10.75,2004-07-08,66667.0
4,Assam,2,C,CRPF,B,UR,9,91,91,91,91,0,0,0,42CB9,60.53075,16.0,18.25,2006-04-05,73.36168,35.5,15.25,2003-01-29,61705.0,73.36168,35.5,15.25,2003-01-29,61705.0
4,Assam,2,C,CRPF,G,EWS,0,18,18,18,0,18,0,0,42CG0,93.02184,31.0,6.25,2003-07-07,,,,,,,,,,
4,Assam,2,C,CRPF,G,SC,1,12,12,12,12,0,0,0,42CG1,60.56944,13.0,8.5,1999-05-10,73.22439,24.25,10.75,2000-08-31,61834.0,73.22439,24.25,10.75,2000-08-31,61834.0
4,Assam,2,C,CRPF,G,ST,2,21,21,21,21,0,0,0,42CG2,62.89006,19.75,10.75,2005-08-28,72.15035,24.5,18.25,2001-12-23,62639.0,72.15035,24.5,18.25,2001-12-23,62639.0
4,Assam,2,C,CRPF,G,ESM,3,18,18,18,0,18,0,0,42CG3,,,,,,,,,,,,,,
4,Assam,2,C,CRPF,G,OBC,6,48,48,48,48,0,0,0,42CG6,58.20016,20.25,15.25,2002-01-01,69.42033,29.0,13.0,2001-01-17,64650.0,69.42033,29.0,13.0,2001-01-17,64650.0
4,Assam,2,C,CRPF,G,UR,9,78,78,78,78,0,0,0,42CG9,65.53208,22.75,3.75,2006-02-06,76.1673,35.5,12.5,2003-12-09,59440.0,76.1673,35.5,12.5,2003-12-09,59440.0
4,Assam,2,C,CRPF,N,EWS,0,115,115,115,115,0,0,0,42CN0,40.47737,22.0,2.0,2003-12-30,65.6001,33.25,6.25,2004-01-04,67207.0,65.6001,33.25,6.25,2004-01-04,67207.0
4,Assam,2,C,CRPF,N,SC,1,81,81,81,81,0,0,0,42CN1,61.50163,13.0,8.5,1999-05-22,74.61697,28.75,10.75,1999-04-24,60733.0,74.61697,28.75,10.75,1999-04-24,60733.0
4,Assam,2,C,CRPF,N,ST,2,138,138,137,137,0,1,1,42CN2,63.93746,31.0,13.0,2004-01-17,73.55465,38.0,13.75,2002-03-10,61559.0,73.55465,38.0,13.75,2002-03-10,61559.0
4,Assam,2,C,CRPF,N,ESM,3,115,115,115,1,114,0,0,42CN3,39.34432,8.5,8.5,1976-05-07,39.81641,7.75,12.75,1983-07-07,73175.0,39.81641,7.75,12.75,1983-07-07,73175.0
4,Assam,2,C,CRPF,N,OBC,6,311,311,311,311,0,0,0,42CN6,59.25739,22.25,10.75,2000-07-26,71.01409,33.25,7.0,2000-06-04,63520.0,71.01409,33.25,7.0,2000-06-04,63520.0
4,Assam,2,C,CRPF,N,UR,9,507,507,507,507,0,0,0,42CN9,68.95066,33.25,4.0,2002-08-02,78.73011,20.75,11.5,2002-10-27,57197.0,78.73011,20.75,11.5,2002-10-27,57197.0
4,Assam,2,D,SSB,B,EWS,0,1,1,1,1,0,0,0,42DB0,93.01463,33.75,10.75,2004-06-05,95.54519,33.5,17.5,2002-11-22,39773.0,95.54519,33.5,17.5,2002-11-22,39773.0
4,Assam,2,D,SSB,B,SC,1,1,1,1,1,0,0,0,42DB1,58.57047,24.5,10.75,1997-01-02,100.7975,33.25,17.5,2003-09-01,34588.0,100.7975,33.25,17.5,2003-09-01,34588.0
4,Assam,2,D,SSB,B,ST,2,2,2,2,2,0,0,0,42DB2,59.83515,10.75,13.0,1998-11-30,92.44807,31.0,6.25,2002-11-28,42921.0,92.44807,31.0,6.25,2002-11-28,42921.0
4,Assam,2,D,SSB,B,ESM,3,1,1,1,0,1,0,0,42DB3,,,,,,,,,,,,,,
4,Assam,2,D,SSB,B,OBC,6,4,4,4,4,0,0,0,42DB6,54.72416,25.5,5.5,2004-01-01,99.03649,33.25,22.0,2003-02-25,36262.0,99.03649,33.25,22.0,2003-02-25,36262.0
4,Assam,2,D,SSB,B,UR,9,6,6,6,6,0,0,0,42DB9,60.53075,16.0,18.25,2006-04-05,101.35842,37.75,13.0,2005-12-20,33999.0,101.35842,37.75,13.0,2005-12-20,33999.0
4,Assam,2,D,SSB,G,EWS,0,1,1,1,1,0,0,0,42DG0,93.02184,31.0,6.25,2003-07-07,95.28881,33.5,13.75,2006-09-30,39991.0,95.28881,33.5,13.75,2006-09-30,39991.0
4,Assam,2,D,SSB,G,SC,1,1,1,1,1,0,0,0,42DG1,60.56944,13.0,8.5,1999-05-10,101.44995,33.25,15.25,2004-11-26,33921.0,101.44995,33.25,15.25,2004-11-26,33921.0
4,Assam,2,D,SSB,G,ST,2,1,1,1,1,0,0,0,42DG2,62.89006,19.75,10.75,2005-08-28,96.47699,28.75,16.0,2005-04-17,38768.0,96.47699,28.75,16.0,2005-04-17,38768.0
4,Assam,2,D,SSB,G,ESM,3,1,1,1,0,1,0,0,42DG3,,,,,,,,,,,,,,
4,Assam,2,D,SSB,G,OBC,6,3,3,3,3,0,0,0,42DG6,58.20016,20.25,15.25,2002-01-01,100.52501,35.5,13.0,2003-12-14,34909.0,100.52501,35.5,13.0,2003-12-14,34909.0
4,Assam,2,D,SSB,G,UR,9,5,5,5,5,0,0,0,42DG9,65.53208,22.75,3.75,2006-02-06,102.54278,33.25,10.0,2005-05-22,33041.0,102.54278,33.25,10.0,2005-05-22,33041.0
4,Assam,2,D,SSB,N,EWS,0,7,7,7,7,0,0,0,42DN0,40.47737,22.0,2.0,2003-12-30,95.66543,40.0,8.5,2003-10-22,39653.0,95.66543,40.0,8.5,2003-10-22,39653.0
4,Assam,2,D,SSB,N,SC,1,5,5,5,5,0,0,0,42DN1,61.50163,13.0,8.5,1999-05-22,102.33037,31.5,22.0,2003-10-24,33187.0,102.33037,31.5,22.0,2003-10-24,33187.0
4,Assam,2,D,SSB,N,ST,2,8,8,8,8,0,0,0,42DN2,63.93746,31.0,13.0,2004-01-17,96.76436,33.25,8.5,2004-02-14,38481.0,96.76436,33.25,8.5,2004-02-14,38481.0
4,Assam,2,D,SSB,N,ESM,3,7,7,7,0,7,0,0,42DN3,39.34432,8.5,8.5,1976-05-07,,,,,,,,,,
4,Assam,2,D,SSB,N,OBC,6,19,19,19,19,0,0,0,42DN6,59.25739,22.25,10.75,2000-07-26,101.39978,33.75,13.0,1999-09-13,33970.0,101.39978,33.75,13.0,1999-09-13,33970.0
4,Assam,2,D,SSB,N,UR,9,31,31,31,31,0,0,0,42DN9,68.95066,33.25,4.0,2002-08-02,103.84582,31.25,24.5,2006-10-31,31757.0,103.84582,31.25,24.5,2006-10-31,31757.0
4,Assam,2,E,ITBP,G,EWS,0,3,3,3,0,3,0,0,42EG0,93.02184,31.0,6.25,2003-07-07,,,,,,,,,,
4,Assam,2,E,ITBP,G,SC,1,2,2,2,2,0,0,0,42EG1,60.56944,13.0,8.5,1999-05-10,80.44331,31.0,6.25,2001-05-13,55508.0,80.44331,31.0,6.25,2001-05-13,55508.0
4,Assam,2,E,ITBP,G,ST,2,4,4,4,4,0,0,0,42EG2,62.89006,19.75,10.75,2005-08-28,78.94782,31.25,6.25,1999-09-14,57008.0,78.94782,31.25,6.25,1999-09-14,57008.0
4,Assam,2,E,ITBP,G,ESM,3,3,3,3,0,3,0,0,42EG3,,,,,,,,,,,,,,
4,Assam,2,E,ITBP,G,OBC,6,9,9,9,9,0,0,0,42EG6,58.20016,20.25,15.25,2002-01-01,83.2259,36.0,4.0,2002-09-27,52829.0,83.2259,36.0,4.0,2002-09-27,52829.0
4,Assam,2,E,ITBP,G,UR,9,15,15,15,15,0,0,0,42EG9,65.53208,22.75,3.75,2006-02-06,88.72969,28.75,10.75,2004-10-22,46881.0,88.72969,28.75,10.75,2004-10-22,46881.0
4,Assam,2,E,ITBP,N,EWS,0,22,22,22,22,0,0,0,42EN0,40.47737,22.0,2.0,2003-12-30,73.2014,33.5,0.75,2003-04-08,61845.0,73.2014,33.5,0.75,2003-04-08,61845.0
4,Assam,2,E,ITBP,N,SC,1,15,15,15,15,0,0,0,42EN1,61.50163,13.0,8.5,1999-05-22,82.23522,35.75,6.25,2000-02-11,53763.0,82.23522,35.75,6.25,2000-02-11,53763.0
4,Assam,2,E,ITBP,N,ST,2,27,27,27,27,0,0,0,42EN2,63.93746,31.0,13.0,2004-01-17,79.89259,31.5,6.25,2003-01-11,56038.0,79.89259,31.5,6.25,2003-01-11,56038.0
4,Assam,2,E,ITBP,N,ESM,3,22,22,22,0,22,0,0,42EN3,39.34432,8.5,8.5,1976-05-07,,,,,,,,,,
4,Assam,2,E,ITBP,N,OBC,6,60,60,60,60,0,0,0,42EN6,59.25739,22.25,10.75,2000-07-26,84.45383,25.75,20.75,2005-02-07,51447.0,84.45383,25.75,20.75,2005-02-07,51447.0
4,Assam,2,E,ITBP,N,UR,9,98,98,98,98,0,0,0,42EN9,68.95066,33.25,4.0,2002-08-02,90.19748,31.5,15.75,2004-10-15,45314.0,90.19748,31.5,15.75,2004-10-15,45314.0
4,Assam,2,F,AR,G,EWS,0,1,1,1,1,0,0,0,42FG0,93.02184,31.0,6.25,2003-07-07,98.64991,33.25,8.5,2002-10-05,36634.0,98.64991,33.25,8.5,2002-10-05,36634.0
4,Assam,2,F,AR,G,SC,1,1,1,1,1,0,0,0,42FG1,60.56944,13.0,8.5,1999-05-10,104.02669,31.0,10.75,2002-02-26,31594.0,104.02669,31.0,10.75,2002-02-26,31594.0
4,Assam,2,F,AR,G,ST,2,2,2,2,2,0,0,0,42FG2,62.89006,19.75,10.75,2005-08-28,100.85778,38.0,26.5,2000-07-21,34536.0,100.85778,38.0,26.5,2000-07-21,34536.0
4,Assam,2,F,AR,G,ESM,3,2,2,2,0,2,0,0,42FG3,,,,,,,,,,,,,,
4,Assam,2,F,AR,G,OBC,6,4,4,4,4,0,0,0,42FG6,58.20016,20.25,15.25,2002-01-01,102.15667,35.5,16.0,2003-01-20,33348.0,102.15667,35.5,16.0,2003-01-20,33348.0
4,Assam,2,F,AR,G,UR,9,7,7,7,7,0,0,0,42FG9,65.53208,22.75,3.75,2006-02-06,105.62695,31.0,15.25,2004-08-10,30255.0,105.62695,31.0,15.25,2004-08-10,30255.0
4,Assam,2,F,AR,N,EWS,0,10,10,10,10,0,0,0,42FN0,40.47737,22.0,2.0,2003-12-30,98.68534,37.75,2.75,2003-02-28,36589.0,98.68534,37.75,2.75,2003-02-28,36589.0
4,Assam,2,F,AR,N,SC,1,7,7,7,7,0,0,0,42FN1,61.50163,13.0,8.5,1999-05-22,105.10773,35.5,8.75,2004-09-19,30779.0,105.10773,35.5,8.75,2004-09-19,30779.0
4,Assam,2,F,AR,N,ST,2,12,12,12,12,0,0,0,42FN2,63.93746,31.0,13.0,2004-01-17,102.90661,35.5,8.5,2004-11-11,32730.0,102.90661,35.5,8.5,2004-11-11,32730.0
4,Assam,2,F,AR,N,ESM,3,10,10,10,0,10,0,0,42FN3,39.34432,8.5,8.5,1976-05-07,,,,,,,,,,
4,Assam,2,F,AR,N,OBC,6,26,26,26,26,0,0,0,42FN6,59.25739,22.25,10.75,2000-07-26,102.90661,37.75,4.0,2000-11-28,32725.0,102.90661,37.75,4.0,2000-11-28,32725.0
4,Assam,2,F,AR,N,UR,9,42,42,42,42,0,0,0,42FN9,68.95066,33.25,4.0,2002-08-02,106.34613,24.5,22.25,2006-01-26,29522.0,106.34613,24.5,22.25,2006-01-26,29522.0
5,Bihar,1,A,BSF,G,EWS,0,10,10,10,10,0,0,0,51AG0,114.29686,33.25,19.75,2003-01-15,119.34982,37.75,17.5,2003-02-04,19892.0,119.34982,37.75,17.5,2003-02-04,19892.0
5,Bihar,1,A,BSF,G,SC,1,16,16,16,16,0,0,0,51AG1,92.34092,35.5,4.0,2005-03-20,100.14876,31.5,15.25,2005-10-12,35249.0,100.14876,31.5,15.25,2005-10-12,35249.0
5,Bihar,1,A,BSF,G,ST,2,1,1,1,1,0,0,0,51AG2,117.27576,38.0,16.0,2002-01-25,121.45646,33.75,23.0,1999-04-18,18350.0,121.45646,33.75,23.0,1999-04-18,18350.0
5,Bihar,1,A,BSF,G,ESM,3,10,10,10,0,10,0,0,51AG3,,,,,,,,,,,,,,
5,Bihar,1,A,BSF,G,OBC,6,27,27,27,27,0,0,0,51AG6,114.41333,29.0,25.25,2005-03-18,121.16883,37.75,20.0,1999-12-12,18593.0,121.16883,37.75,20.0,1999-12-12,18593.0
5,Bihar,1,A,BSF,G,UR,9,47,47,47,47,0,0,0,51AG9,117.91767,35.75,13.5,2003-09-26,122.78234,35.5,8.5,2004-08-28,17103.0,122.78234,35.5,8.5,2004-08-28,17103.0
5,Bihar,1,B,CISF,B,EWS,0,7,7,7,7,0,0,0,51BB0,94.00238,26.75,17.5,2003-04-26,99.58586,35.5,8.75,2005-11-10,35727.0,99.58586,35.5,8.75,2005-11-10,35727.0
5,Bihar,1,B,CISF,B,SC,1,11,11,11,11,0,0,0,51BB1,73.85021,18.5,12.0,2001-02-20,93.9839,28.75,22.0,2006-04-09,41303.0,93.9839,28.75,22.0,2006-04-09,41303.0
5,Bihar,1,B,CISF,B,ST,2,1,1,1,1,0,0,0,51BB2,124.36639,40.0,19.25,2002-12-23,126.31106,40.0,21.5,2001-08-28,14234.0,126.31106,40.0,21.5,2001-08-28,14234.0
5,Bihar,1,B,CISF,B,ESM,3,7,7,7,0,7,0,0,51BB3,,,,,,,,,,,,,,
5,Bihar,1,B,CISF,B,OBC,6,19,19,19,19,0,0,0,51BB6,96.37772,24.25,26.5,2003-09-18,103.24719,35.75,15.25,2004-09-18,32349.0,103.24719,35.75,15.25,2004-09-18,32349.0
5,Bihar,1,B,CISF,B,UR,9,32,32,32,32,0,0,0,51BB9,101.16878,24.25,19.75,2004-01-20,109.83568,29.75,22.25,2003-12-26,26763.0,109.83568,29.75,22.25,2003-12-26,26763.0
5,Bihar,1,B,CISF,G,EWS,0,7,7,7,7,0,0,0,51BG0,114.29686,33.25,19.75,2003-01-15,128.85965,37.75,15.25,2005-01-05,11532.0,128.85965,37.75,15.25,2005-01-05,11532.0
5,Bihar,1,B,CISF,G,SC,1,11,11,11,11,0,0,0,51BG1,92.34092,35.5,4.0,2005-03-20,111.59782,31.25,22.25,2006-09-04,25353.0,111.59782,31.25,22.25,2006-09-04,25353.0
5,Bihar,1,B,CISF,G,ST,2,1,1,1,1,0,0,0,51BG2,117.27576,38.0,16.0,2002-01-25,124.36639,40.0,19.25,2002-12-23,15869.0,124.36639,40.0,19.25,2002-12-23,15869.0
5,Bihar,1,B,CISF,G,ESM,3,7,7,7,0,7,0,0,51BG3,,,,,,,,,,,,,,
5,Bihar,1,B,CISF,G,OBC,6,20,20,20,20,0,0,0,51BG6,114.41333,29.0,25.25,2005-03-18,128.58182,35.5,31.0,2005-01-02,11818.0,128.58182,35.5,31.0,2005-01-02,11818.0
5,Bihar,1,B,CISF,G,UR,9,33,33,33,33,0,0,0,51BG9,117.91767,35.75,13.5,2003-09-26,131.85616,40.0,22.25,2002-11-24,8233.0,131.85616,40.0,22.25,2002-11-24,8233.0
5,Bihar,1,C,CRPF,B,EWS,0,2,2,2,2,0,0,0,51CB0,94.00238,26.75,17.5,2003-04-26,100.00544,35.5,15.25,2003-08-01,35350.0,100.00544,35.5,15.25,2003-08-01,35350.0
5,Bihar,1,C,CRPF,B,SC,1,4,4,4,4,0,0,0,51CB1,73.85021,18.5,12.0,2001-02-20,90.692,35.5,6.25,2005-03-07,44803.0,90.692,35.5,6.25,2005-03-07,44803.0
5,Bihar,1,C,CRPF,B,ESM,3,2,2,2,0,2,0,0,51CB3,,,,,,,,,,,,,,
5,Bihar,1,C,CRPF,B,OBC,6,6,6,6,6,0,0,0,51CB6,96.37772,24.25,26.5,2003-09-18,103.10669,37.75,8.75,2004-03-05,32497.0,103.10669,37.75,8.75,2004-03-05,32497.0
5,Bihar,1,C,CRPF,B,UR,9,12,12,12,12,0,0,0,51CB9,101.16878,24.25,19.75,2004-01-20,108.65547,35.5,19.75,2003-12-15,27581.0,108.65547,35.5,19.75,2003-12-15,27581.0
5,Bihar,1,C,CRPF,G,EWS,0,3,3,3,3,0,0,0,51CG0,114.29686,33.25,19.75,2003-01-15,124.196,31.75,17.5,2004-08-04,16016.0,124.196,31.75,17.5,2004-08-04,16016.0
5,Bihar,1,C,CRPF,G,SC,1,4,4,4,4,0,0,0,51CG1,92.34092,35.5,4.0,2005-03-20,103.8642,31.25,8.5,2003-03-12,31738.0,103.8642,31.25,8.5,2003-03-12,31738.0
5,Bihar,1,C,CRPF,G,ESM,3,3,3,3,0,3,0,0,51CG3,,,,,,,,,,,,,,
5,Bihar,1,C,CRPF,G,OBC,6,7,7,7,7,0,0,0,51CG6,114.41333,29.0,25.25,2005-03-18,124.92206,33.25,22.0,2005-02-04,15342.0,124.92206,33.25,22.0,2005-02-04,15342.0
5,Bihar,1,C,CRPF,G,UR,9,11,11,11,11,0,0,0,51CG9,117.91767,35.75,13.5,2003-09-26,125.95815,37.75,24.25,2002-02-02,14499.0,125.95815,37.75,24.25,2002-02-02,14499.0
5,Bihar,1,E,ITBP,G,EWS,0,2,2,2,2,0,0,0,51EG0,114.29686,33.25,19.75,2003-01-15,124.14982,33.25,27.25,2002-03-15,16051.0,124.14982,33.25,27.25,2002-03-15,16051.0
5,Bihar,1,E,ITBP,G,SC,1,3,3,3,3,0,0,0,51EG1,92.34092,35.5,4.0,2005-03-20,101.16436,35.5,22.75,2003-03-24,34219.0,101.16436,35.5,22.75,2003-03-24,34219.0
5,Bihar,1,E,ITBP,G,ESM,3,2,2,2,0,2,0,0,51EG3,,,,,,,,,,,,,,
5,Bihar,1,E,ITBP,G,OBC,6,5,5,5,5,0,0,0,51EG6,114.41333,29.0,25.25,2005-03-18,123.54139,33.5,16.75,2005-02-13,16639.0,123.54139,33.5,16.75,2005-02-13,16639.0
5,Bihar,1,E,ITBP,G,UR,9,9,9,9,9,0,0,0,51EG9,117.91767,35.75,13.5,2003-09-26,125.61692,35.5,19.75,2002-06-25,14787.0,125.61692,35.5,19.75,2002-06-25,14787.0
5,Bihar,1,F,AR,G,SC,1,1,1,1,1,0,0,0,51FG1,92.34092,35.5,4.0,2005-03-20,111.27808,35.5,12.5,2004-02-13,25557.0,111.27808,35.5,12.5,2004-02-13,25557.0
5,Bihar,1,F,AR,G,OBC,6,1,1,1,1,0,0,0,51FG6,114.41333,29.0,25.25,2005-03-18,125.75635,33.25,19.75,2004-11-12,14634.0,125.75635,33.25,19.75,2004-11-12,14634.0
5,Bihar,1,F,AR,G,UR,9,2,2,2,2,0,0,0,51FG9,117.91767,35.75,13.5,2003-09-26,127.7229,35.75,15.0,2004-12-04,12724.0,127.7229,35.75,15.0,2004-12-04,12724.0
5,Bihar,2,A,BSF,G,EWS,0,57,57,57,57,0,0,0,52AG0,118.37284,31.0,15.25,2002-03-06,125.0505,37.75,17.5,2003-05-06,15191.0,125.0505,37.75,17.5,2003-05-06,15191.0
5,Bihar,2,A,BSF,G,SC,1,92,92,92,92,0,0,0,52AG1,103.17666,25.5,10.75,2001-02-10,109.6989,35.5,18.0,2005-05-12,26842.0,109.6989,35.5,18.0,2005-05-12,26842.0
5,Bihar,2,A,BSF,G,ST,2,6,6,6,6,0,0,0,52AG2,118.32486,35.5,17.5,2000-01-03,125.95815,35.5,19.75,2006-12-12,14513.0,125.95815,35.5,19.75,2006-12-12,14513.0
5,Bihar,2,A,BSF,G,ESM,3,57,57,57,1,56,0,0,52AG3,33.68036,1.75,10.5,1978-02-20,47.40182,23.5,4.25,1986-04-03,72296.0,47.40182,23.5,4.25,1986-04-03,72296.0
5,Bihar,2,A,BSF,G,OBC,6,154,154,154,154,0,0,0,52AG6,121.53639,37.75,22.0,2004-04-23,127.66112,35.75,18.25,2001-12-20,12758.0,127.66112,35.75,18.25,2001-12-20,12758.0
5,Bihar,2,A,BSF,G,UR,9,263,263,262,262,0,1,1,52AG9,122.13773,40.0,19.75,2004-03-01,128.20316,35.5,21.0,2004-05-08,12183.0,128.20316,35.5,21.0,2004-05-08,12183.0
5,Bihar,2,B,CISF,B,EWS,0,62,62,62,62,0,0,0,52BB0,85.05999,27.25,-1.25,2004-04-05,111.12292,28.75,11.5,2005-05-11,25675.0,111.12292,28.75,11.5,2005-05-11,25675.0
5,Bihar,2,B,CISF,B,SC,1,100,100,100,100,0,0,0,52BB1,75.37083,22.0,10.75,2004-12-11,95.97005,28.75,1.75,2003-03-08,39376.0,95.97005,28.75,1.75,2003-03-08,39376.0
5,Bihar,2,B,CISF,B,ST,2,6,6,6,6,0,0,0,52BB2,117.29062,37.75,13.0,2000-09-18,128.46781,38.0,14.0,2000-08-19,11909.0,128.46781,38.0,14.0,2000-08-19,11909.0
5,Bihar,2,B,CISF,B,ESM,3,63,63,63,3,60,0,0,52BB3,53.97017,26.75,3.75,1987-02-01,59.6541,17.75,13.5,1989-02-01,69701.0,59.6541,17.75,13.5,1989-02-01,69701.0
5,Bihar,2,B,CISF,B,OBC,6,169,169,167,167,0,2,2,52BB6,99.62748,33.25,15.25,2003-07-05,117.28278,35.5,15.75,2002-10-19,21387.0,117.28278,35.5,15.75,2002-10-19,21387.0
5,Bihar,2,B,CISF,B,UR,9,288,288,287,287,0,1,1,52BB9,103.24431,33.5,13.0,2006-05-15,118.83131,40.0,22.0,2002-03-10,20322.0,118.83131,40.0,22.0,2002-03-10,20322.0
5,Bihar,2,B,CISF,G,EWS,0,63,63,61,61,0,2,2,52BG0,118.37284,31.0,15.25,2002-03-06,132.71246,36.0,14.75,2003-06-03,7330.0,132.71246,36.0,14.75,2003-06-03,7330.0
5,Bihar,2,B,CISF,G,SC,1,102,102,102,102,0,0,0,52BG1,103.17666,25.5,10.75,2001-02-10,118.58912,34.0,21.0,2002-04-16,20432.0,118.58912,34.0,21.0,2002-04-16,20432.0
5,Bihar,2,B,CISF,G,ST,2,6,6,6,6,0,0,0,52BG2,118.32486,35.5,17.5,2000-01-03,127.32441,37.75,13.0,2002-07-15,13097.0,127.32441,37.75,13.0,2002-07-15,13097.0
5,Bihar,2,B,CISF,G,ESM,3,63,63,63,33,30,0,0,52BG3,33.68036,1.75,10.5,1978-02-20,34.54379,6.5,8.75,1985-04-14,73430.0,34.54379,6.5,8.75,1985-04-14,73430.0
5,Bihar,2,B,CISF,G,OBC,6,171,171,159,159,0,12,12,52BG6,121.53639,37.75,22.0,2004-04-23,134.56864,35.5,28.75,2003-03-07,5648.0,134.56864,35.5,28.75,2003-03-07,5648.0
5,Bihar,2,B,CISF,G,UR,9,292,292,273,273,0,19,19,52BG9,122.13773,40.0,19.75,2004-03-01,136.1634,37.75,24.25,2005-01-19,4403.0,136.1634,37.75,24.25,2005-01-19,4403.0
5,Bihar,2,C,CRPF,B,EWS,0,58,58,58,58,0,0,0,52CB0,85.05999,27.25,-1.25,2004-04-05,105.62695,37.75,13.0,2005-02-01,30240.0,105.62695,37.75,13.0,2005-02-01,30240.0
5,Bihar,2,C,CRPF,B,SC,1,93,93,93,93,0,0,0,52CB1,75.37083,22.0,10.75,2004-12-11,90.35546,28.75,4.0,2004-01-01,45109.0,90.35546,28.75,4.0,2004-01-01,45109.0
5,Bihar,2,C,CRPF,B,ST,2,6,6,6,6,0,0,0,52CB2,117.29062,37.75,13.0,2000-09-18,123.89612,33.5,17.75,2000-06-07,16352.0,123.89612,33.5,17.75,2000-06-07,16352.0
5,Bihar,2,C,CRPF,B,ESM,3,58,58,58,0,58,0,0,52CB3,53.97017,26.75,3.75,1987-02-01,,,,,,,,,,
5,Bihar,2,C,CRPF,B,OBC,6,157,157,157,157,0,0,0,52CB6,99.62748,33.25,15.25,2003-07-05,110.9817,33.25,17.5,2005-10-15,25762.0,110.9817,33.25,17.5,2005-10-15,25762.0
5,Bihar,2,C,CRPF,B,UR,9,266,266,266,266,0,0,0,52CB9,103.24431,33.5,13.0,2006-05-15,112.16962,35.5,19.75,2004-05-26,24996.0,112.16962,35.5,19.75,2004-05-26,24996.0
5,Bihar,2,C,CRPF,G,EWS,0,59,59,59,59,0,0,0,52CG0,118.37284,31.0,15.25,2002-03-06,125.70553,33.25,19.75,2004-04-08,14699.0,125.70553,33.25,19.75,2004-04-08,14699.0
5,Bihar,2,C,CRPF,G,SC,1,95,95,95,95,0,0,0,52CG1,103.17666,25.5,10.75,2001-02-10,110.48318,35.5,24.25,1998-06-03,26145.0,110.48318,35.5,24.25,1998-06-03,26145.0
5,Bihar,2,C,CRPF,G,ST,2,6,6,6,6,0,0,0,52CG2,118.32486,35.5,17.5,2000-01-03,122.91457,31.25,26.5,2003-05-18,17016.0,122.91457,31.25,26.5,2003-05-18,17016.0
5,Bihar,2,C,CRPF,G,ESM,3,59,59,59,1,58,0,0,52CG3,33.68036,1.75,10.5,1978-02-20,47.10067,4.0,10.75,1976-02-05,72357.0,47.10067,4.0,10.75,1976-02-05,72357.0
5,Bihar,2,C,CRPF,G,OBC,6,160,160,159,159,0,1,1,52CG6,121.53639,37.75,22.0,2004-04-23,128.63591,37.75,16.0,2004-12-25,11797.0,128.63591,37.75,16.0,2004-12-25,11797.0
5,Bihar,2,C,CRPF,G,UR,9,271,271,271,271,0,0,0,52CG9,122.13773,40.0,19.75,2004-03-01,129.52987,37.75,22.75,2004-11-12,10673.0,129.52987,37.75,22.75,2004-11-12,10673.0
5,Bihar,2,D,SSB,B,EWS,0,9,9,9,9,0,0,0,52DB0,85.05999,27.25,-1.25,2004-04-05,114.7695,33.25,13.0,2002-01-15,23084.0,114.7695,33.25,13.0,2002-01-15,23084.0
5,Bihar,2,D,SSB,B,SC,1,14,14,14,14,0,0,0,52DB1,75.37083,22.0,10.75,2004-12-11,104.83359,36.0,13.0,2006-09-20,30944.0,104.83359,36.0,13.0,2006-09-20,30944.0
5,Bihar,2,D,SSB,B,ST,2,1,1,1,1,0,0,0,52DB2,117.29062,37.75,13.0,2000-09-18,130.99872,40.0,18.25,2006-01-01,9080.0,130.99872,40.0,18.25,2006-01-01,9080.0
5,Bihar,2,D,SSB,B,ESM,3,9,9,9,1,8,0,0,52DB3,53.97017,26.75,3.75,1987-02-01,53.97017,26.75,3.75,1987-02-01,71078.0,53.97017,26.75,3.75,1987-02-01,71078.0
5,Bihar,2,D,SSB,B,OBC,6,24,24,24,24,0,0,0,52DB6,99.62748,33.25,15.25,2003-07-05,121.64832,35.5,24.25,2002-02-14,18149.0,121.64832,35.5,24.25,2002-02-14,18149.0
5,Bihar,2,D,SSB,B,UR,9,42,42,41,41,0,1,1,52DB9,103.24431,33.5,13.0,2006-05-15,123.74744,37.75,22.0,2004-01-01,16486.0,123.74744,37.75,22.0,2004-01-01,16486.0
5,Bihar,2,D,SSB,G,EWS,0,4,4,4,4,0,0,0,52DG0,118.37284,31.0,15.25,2002-03-06,139.57927,40.0,22.0,2003-01-15,2188.0,139.57927,40.0,22.0,2003-01-15,2188.0
5,Bihar,2,D,SSB,G,SC,1,6,6,6,6,0,0,0,52DG1,103.17666,25.5,10.75,2001-02-10,122.21741,33.25,18.0,2006-02-25,17681.0,122.21741,33.25,18.0,2006-02-25,17681.0
5,Bihar,2,D,SSB,G,ESM,3,4,4,4,3,1,0,0,52DG3,33.68036,1.75,10.5,1978-02-20,35.20273,16.5,5.75,1985-08-12,73405.0,35.20273,16.5,5.75,1985-08-12,73405.0
5,Bihar,2,D,SSB,G,OBC,6,9,9,8,8,0,1,1,52DG6,121.53639,37.75,22.0,2004-04-23,140.00096,40.0,13.75,2002-09-30,1977.0,140.00096,40.0,13.75,2002-09-30,1977.0
5,Bihar,2,D,SSB,G,UR,9,16,16,14,14,0,2,2,52DG9,122.13773,40.0,19.75,2004-03-01,141.30553,40.0,15.25,2004-05-06,1540.0,141.30553,40.0,15.25,2004-05-06,1540.0
5,Bihar,2,E,ITBP,G,EWS,0,11,11,11,11,0,0,0,52EG0,118.37284,31.0,15.25,2002-03-06,131.75301,35.5,24.75,2004-04-04,8334.0,131.75301,35.5,24.75,2004-04-04,8334.0
5,Bihar,2,E,ITBP,G,SC,1,18,18,18,18,0,0,0,52EG1,103.17666,25.5,10.75,2001-02-10,116.04769,37.75,17.25,1998-05-15,22135.0,116.04769,37.75,17.25,1998-05-15,22135.0
5,Bihar,2,E,ITBP,G,ST,2,1,1,1,1,0,0,0,52EG2,118.32486,35.5,17.5,2000-01-03,128.16028,33.75,25.0,2000-10-07,12232.0,128.16028,33.75,25.0,2000-10-07,12232.0
5,Bihar,2,E,ITBP,G,ESM,3,11,11,11,0,11,0,0,52EG3,33.68036,1.75,10.5,1978-02-20,,,,,,,,,,
5,Bihar,2,E,ITBP,G,OBC,6,30,30,30,30,0,0,0,52EG6,121.53639,37.75,22.0,2004-04-23,132.18146,29.25,22.25,2004-08-20,7861.0,132.18146,29.25,22.25,2004-08-20,7861.0
5,Bihar,2,E,ITBP,G,UR,9,51,51,51,51,0,0,0,52EG9,122.13773,40.0,19.75,2004-03-01,132.60964,37.75,19.75,2003-04-17,7409.0,132.60964,37.75,19.75,2003-04-17,7409.0
5,Bihar,2,F,AR,G,EWS,0,5,5,5,5,0,0,0,52FG0,118.37284,31.0,15.25,2002-03-06,132.30377,35.5,17.5,2005-02-12,7762.0,132.30377,35.5,17.5,2005-02-12,7762.0
5,Bihar,2,F,AR,G,SC,1,8,8,8,8,0,0,0,52FG1,103.17666,25.5,10.75,2001-02-10,116.93173,40.0,10.75,2004-02-05,21626.0,116.93173,40.0,10.75,2004-02-05,21626.0
5,Bihar,2,F,AR,G,ESM,3,5,5,5,0,5,0,0,52FG3,33.68036,1.75,10.5,1978-02-20,,,,,,,,,,
5,Bihar,2,F,AR,G,OBC,6,13,13,13,13,0,0,0,52FG6,121.53639,37.75,22.0,2004-04-23,134.26983,35.75,29.0,2003-06-15,6054.0,134.26983,35.75,29.0,2003-06-15,6054.0
5,Bihar,2,F,AR,G,UR,9,23,23,23,23,0,0,0,52FG9,122.13773,40.0,19.75,2004-03-01,134.41596,33.5,24.25,2003-01-02,5844.0,134.41596,33.5,24.25,2003-01-02,5844.0
6,Chandigarh,1,A,BSF,G,UR,9,1,1,1,1,0,0,0,61AG9,91.83116,33.5,15.5,2002-05-23,98.74874,40.0,15.25,2002-02-20,36511.0,98.74874,40.0,15.25,2002-02-20,36511.0
6,Chandigarh,1,B,CISF,G,UR,9,1,1,1,1,0,0,0,61BG9,91.83116,33.5,15.5,2002-05-23,98.84972,29.0,12.75,2002-12-09,36433.0,98.84972,29.0,12.75,2002-12-09,36433.0
6,Chandigarh,2,A,BSF,G,EWS,0,1,1,1,0,1,0,0,62AG0,70.8926,24.5,11.0,2004-06-20,,,,,,,,,,
6,Chandigarh,2,A,BSF,G,SC,1,1,1,1,1,0,0,0,62AG1,70.65945,31.75,15.25,2004-01-07,82.81156,33.25,11.0,2003-03-10,53271.0,82.81156,33.25,11.0,2003-03-10,53271.0
6,Chandigarh,2,A,BSF,G,ESM,3,1,1,1,0,1,0,0,62AG3,,,,,,,,,,,,,,
6,Chandigarh,2,A,BSF,G,OBC,6,1,1,1,0,1,0,0,62AG6,79.79049,28.75,10.75,2004-09-17,,,,,,,,,,
6,Chandigarh,2,A,BSF,G,UR,9,3,3,3,3,0,0,0,62AG9,77.92882,31.5,5.75,2005-12-04,91.67445,33.25,13.0,2004-11-23,43728.0,91.67445,33.25,13.0,2004-11-23,43728.0
6,Chandigarh,2,B,CISF,G,SC,1,1,1,1,1,0,0,0,62BG1,70.65945,31.75,15.25,2004-01-07,103.09718,37.75,1.0,2001-06-15,32540.0,103.09718,37.75,1.0,2001-06-15,32540.0
6,Chandigarh,2,B,CISF,G,ESM,3,1,1,1,0,1,0,0,62BG3,,,,,,,,,,,,,,
6,Chandigarh,2,B,CISF,G,OBC,6,2,2,2,2,0,0,0,62BG6,79.79049,28.75,10.75,2004-09-17,97.10773,31.0,9.0,2001-03-26,38095.0,97.10773,31.0,9.0,2001-03-26,38095.0
6,Chandigarh,2,B,CISF,G,UR,9,3,3,3,3,0,0,0,62BG9,77.92882,31.5,5.75,2005-12-04,95.63703,29.5,8.5,2002-01-14,39679.0,95.63703,29.5,8.5,2002-01-14,39679.0
6,Chandigarh,2,C,CRPF,G,EWS,0,1,1,1,0,1,0,0,62CG0,70.8926,24.5,11.0,2004-06-20,,,,,,,,,,
6,Chandigarh,2,C,CRPF,G,SC,1,1,1,1,1,0,0,0,62CG1,70.65945,31.75,15.25,2004-01-07,73.1115,31.75,9.5,2001-01-03,61910.0,73.1115,31.75,9.5,2001-01-03,61910.0
6,Chandigarh,2,C,CRPF,G,ESM,3,1,1,1,0,1,0,0,62CG3,,,,,,,,,,,,,,
6,Chandigarh,2,C,CRPF,G,OBC,6,2,2,2,0,2,0,0,62CG6,79.79049,28.75,10.75,2004-09-17,,,,,,,,,,
6,Chandigarh,2,C,CRPF,G,UR,9,2,2,2,2,0,0,0,62CG9,77.92882,31.5,5.75,2005-12-04,89.37331,29.0,15.25,2005-02-17,46197.0,89.37331,29.0,15.25,2005-02-17,46197.0
6,Chandigarh,2,E,ITBP,G,UR,9,1,1,1,1,0,0,0,62EG9,77.92882,31.5,5.75,2005-12-04,103.78836,35.5,6.25,2002-07-16,31794.0,103.78836,35.5,6.25,2002-07-16,31794.0
6,Chandigarh,2,F,AR,G,UR,9,1,1,1,1,0,0,0,62FG9,77.92882,31.5,5.75,2005-12-04,117.11531,37.75,24.25,2003-07-08,21472.0,117.11531,37.75,24.25,2003-07-08,21472.0
7,Chhattisgarh,1,A,BSF,G,EWS,0,3,3,3,3,0,0,0,71AG0,70.99059,17.5,10.75,2004-03-05,80.10014,33.25,8.5,2004-01-14,55841.0,80.10014,33.25,8.5,2004-01-14,55841.0
7,Chhattisgarh,1,A,BSF,G,SC,1,3,3,3,3,0,0,0,71AG1,98.08485,35.5,11.25,2005-06-06,102.84843,28.75,16.25,2003-07-25,32808.0,102.84843,28.75,16.25,2003-07-25,32808.0
7,Chhattisgarh,1,A,BSF,G,ST,2,8,8,8,8,0,0,0,71AG2,93.7834,24.25,15.75,2001-12-09,97.17662,31.25,24.5,2003-07-21,38044.0,97.17662,31.25,24.5,2003-07-21,38044.0
7,Chhattisgarh,1,A,BSF,G,ESM,3,3,3,3,0,3,0,0,71AG3,,,,,,,,,,,,,,
7,Chhattisgarh,1,A,BSF,G,OBC,6,1,1,1,1,0,0,0,71AG6,117.11531,35.5,22.0,2000-08-31,129.19227,31.0,28.75,2000-05-01,11084.0,129.19227,31.0,28.75,2000-05-01,11084.0
7,Chhattisgarh,1,A,BSF,G,UR,9,10,10,10,10,0,0,0,71AG9,105.40166,31.0,26.5,2002-05-19,112.42622,31.0,17.5,2002-09-29,24780.0,112.42622,31.0,17.5,2002-09-29,24780.0
7,Chhattisgarh,1,A,BSF,N,EWS,0,6,6,6,6,0,0,0,71AN0,48.28985,14.25,6.0,2002-04-13,58.03045,4.5,17.5,2003-05-20,70183.0,58.03045,4.5,17.5,2003-05-20,70183.0
7,Chhattisgarh,1,A,BSF,N,SC,1,7,7,7,7,0,0,0,71AN1,68.90235,20.0,6.5,2001-06-30,80.03502,22.25,15.25,2005-01-12,55908.0,80.03502,22.25,15.25,2005-01-12,55908.0
7,Chhattisgarh,1,A,BSF,N,ST,2,19,19,19,19,0,0,0,71AN2,82.57075,27.0,16.5,1998-05-28,89.11703,31.0,10.75,2003-06-23,46487.0,89.11703,31.0,10.75,2003-06-23,46487.0
7,Chhattisgarh,1,A,BSF,N,ESM,3,6,6,6,0,6,0,0,71AN3,,,,,,,,,,,,,,
7,Chhattisgarh,1,A,BSF,N,OBC,6,3,3,3,3,0,0,0,71AN6,104.59384,35.5,19.75,2001-09-26,118.25825,31.0,19.75,2001-12-17,20631.0,118.25825,31.0,19.75,2001-12-17,20631.0
7,Chhattisgarh,1,A,BSF,N,UR,9,23,23,23,23,0,0,0,71AN9,80.93509,28.75,8.5,2003-07-06,89.40002,22.0,13.0,2005-09-15,46164.0,89.40002,22.0,13.0,2005-09-15,46164.0
7,Chhattisgarh,1,B,CISF,G,EWS,0,2,2,2,2,0,0,0,71BG0,70.99059,17.5,10.75,2004-03-05,88.54846,28.75,8.5,2003-02-01,47112.0,88.54846,28.75,8.5,2003-02-01,47112.0
7,Chhattisgarh,1,B,CISF,G,SC,1,2,2,2,2,0,0,0,71BG1,98.08485,35.5,11.25,2005-06-06,110.10722,40.0,18.0,2002-08-13,26522.0,110.10722,40.0,18.0,2002-08-13,26522.0
7,Chhattisgarh,1,B,CISF,G,ST,2,5,5,5,5,0,0,0,71BG2,93.7834,24.25,15.75,2001-12-09,102.64435,33.25,18.0,1999-10-16,32974.0,102.64435,33.25,18.0,1999-10-16,32974.0
7,Chhattisgarh,1,B,CISF,G,ESM,3,2,2,2,0,2,0,0,71BG3,,,,,,,,,,,,,,
7,Chhattisgarh,1,B,CISF,G,OBC,6,1,1,1,1,0,0,0,71BG6,117.11531,35.5,22.0,2000-08-31,129.80907,33.75,14.5,1999-06-19,10301.0,129.80907,33.75,14.5,1999-06-19,10301.0
7,Chhattisgarh,1,B,CISF,G,UR,9,7,7,7,7,0,0,0,71BG9,105.40166,31.0,26.5,2002-05-19,119.28099,37.75,13.0,2005-09-01,19941.0,119.28099,37.75,13.0,2005-09-01,19941.0
7,Chhattisgarh,1,B,CISF,N,EWS,0,4,4,4,4,0,0,0,71BN0,48.28985,14.25,6.0,2002-04-13,74.23851,28.75,4.25,2002-11-14,61010.0,74.23851,28.75,4.25,2002-11-14,61010.0
7,Chhattisgarh,1,B,CISF,N,SC,1,5,5,5,5,0,0,0,71BN1,68.90235,20.0,6.5,2001-06-30,86.43372,35.5,11.5,2001-07-23,49335.0,86.43372,35.5,11.5,2001-07-23,49335.0
7,Chhattisgarh,1,B,CISF,N,ST,2,12,12,12,12,0,0,0,71BN2,82.57075,27.0,16.5,1998-05-28,97.21008,35.5,8.5,2004-04-26,38018.0,97.21008,35.5,8.5,2004-04-26,38018.0
7,Chhattisgarh,1,B,CISF,N,ESM,3,4,4,4,0,4,0,0,71BN3,,,,,,,,,,,,,,
7,Chhattisgarh,1,B,CISF,N,OBC,6,2,2,2,2,0,0,0,71BN6,104.59384,35.5,19.75,2001-09-26,127.8208,33.25,17.5,2000-05-08,12647.0,127.8208,33.25,17.5,2000-05-08,12647.0
7,Chhattisgarh,1,B,CISF,N,UR,9,16,16,16,16,0,0,0,71BN9,80.93509,28.75,8.5,2003-07-06,98.65408,28.75,22.0,2002-11-19,36623.0,98.65408,28.75,22.0,2002-11-19,36623.0
7,Chhattisgarh,1,C,CRPF,G,EWS,0,1,1,1,1,0,0,0,71CG0,70.99059,17.5,10.75,2004-03-05,89.64991,29.5,10.75,2004-12-20,45915.0,89.64991,29.5,10.75,2004-12-20,45915.0
7,Chhattisgarh,1,C,CRPF,G,SC,1,1,1,1,1,0,0,0,71CG1,98.08485,35.5,11.25,2005-06-06,110.73554,35.75,20.0,2001-09-20,25959.0,110.73554,35.75,20.0,2001-09-20,25959.0
7,Chhattisgarh,1,C,CRPF,G,ST,2,2,2,2,2,0,0,0,71CG2,93.7834,24.25,15.75,2001-12-09,99.30702,33.25,16.25,2000-05-17,36016.0,99.30702,33.25,16.25,2000-05-17,36016.0
7,Chhattisgarh,1,C,CRPF,G,ESM,3,1,1,1,0,1,0,0,71CG3,,,,,,,,,,,,,,
7,Chhattisgarh,1,C,CRPF,G,UR,9,2,2,2,2,0,0,0,71CG9,105.40166,31.0,26.5,2002-05-19,117.57292,40.0,17.5,2003-11-03,21173.0,117.57292,40.0,17.5,2003-11-03,21173.0
7,Chhattisgarh,1,C,CRPF,N,EWS,0,1,1,1,1,0,0,0,71CN0,48.28985,14.25,6.0,2002-04-13,78.10319,33.25,6.25,2004-04-19,57793.0,78.10319,33.25,6.25,2004-04-19,57793.0
7,Chhattisgarh,1,C,CRPF,N,SC,1,2,2,2,2,0,0,0,71CN1,68.90235,20.0,6.5,2001-06-30,84.49616,29.0,16.0,2002-03-10,51386.0,84.49616,29.0,16.0,2002-03-10,51386.0
7,Chhattisgarh,1,C,CRPF,N,ST,2,4,4,4,4,0,0,0,71CN2,82.57075,27.0,16.5,1998-05-28,90.78036,28.75,13.0,2001-04-24,44718.0,90.78036,28.75,13.0,2001-04-24,44718.0
7,Chhattisgarh,1,C,CRPF,N,ESM,3,1,1,1,0,1,0,0,71CN3,,,,,,,,,,,,,,
7,Chhattisgarh,1,C,CRPF,N,OBC,6,1,1,1,1,0,0,0,71CN6,104.59384,35.5,19.75,2001-09-26,117.99024,33.5,15.0,2000-02-19,20838.0,117.99024,33.5,15.0,2000-02-19,20838.0
7,Chhattisgarh,1,C,CRPF,N,UR,9,5,5,5,5,0,0,0,71CN9,80.93509,28.75,8.5,2003-07-06,93.35229,31.25,11.75,2004-01-12,42003.0,93.35229,31.25,11.75,2004-01-12,42003.0
7,Chhattisgarh,1,E,ITBP,G,SC,1,1,1,1,1,0,0,0,71EG1,98.08485,35.5,11.25,2005-06-06,105.05109,31.25,14.0,1999-06-09,30831.0,105.05109,31.25,14.0,1999-06-09,30831.0
7,Chhattisgarh,1,E,ITBP,G,ST,2,2,2,2,2,0,0,0,71EG2,93.7834,24.25,15.75,2001-12-09,97.9576,26.5,13.0,2003-03-06,37334.0,97.9576,26.5,13.0,2003-03-06,37334.0
7,Chhattisgarh,1,E,ITBP,G,ESM,3,1,1,1,0,1,0,0,71EG3,,,,,,,,,,,,,,
7,Chhattisgarh,1,E,ITBP,G,UR,9,2,2,2,2,0,0,0,71EG9,105.40166,31.0,26.5,2002-05-19,113.79938,34.0,16.75,2003-09-28,23689.0,113.79938,34.0,16.75,2003-09-28,23689.0
7,Chhattisgarh,1,E,ITBP,N,EWS,0,1,1,1,1,0,0,0,71EN0,48.28985,14.25,6.0,2002-04-13,69.58775,31.5,13.0,2003-04-07,64521.0,69.58775,31.5,13.0,2003-04-07,64521.0
7,Chhattisgarh,1,E,ITBP,N,SC,1,1,1,1,1,0,0,0,71EN1,68.90235,20.0,6.5,2001-06-30,83.4632,29.25,10.0,2001-08-04,52634.0,83.4632,29.25,10.0,2001-08-04,52634.0
7,Chhattisgarh,1,E,ITBP,N,ST,2,4,4,4,4,0,0,0,71EN2,82.57075,27.0,16.5,1998-05-28,90.48443,38.0,6.25,2004-03-29,44969.0,90.48443,38.0,6.25,2004-03-29,44969.0
7,Chhattisgarh,1,E,ITBP,N,ESM,3,1,1,1,0,1,0,0,71EN3,,,,,,,,,,,,,,
7,Chhattisgarh,1,E,ITBP,N,OBC,6,1,1,1,1,0,0,0,71EN6,104.59384,35.5,19.75,2001-09-26,124.24145,33.5,15.75,1999-10-29,15970.0,124.24145,33.5,15.75,1999-10-29,15970.0
7,Chhattisgarh,1,E,ITBP,N,UR,9,5,5,5,5,0,0,0,71EN9,80.93509,28.75,8.5,2003-07-06,90.16586,37.75,10.75,2005-02-14,45334.0,90.16586,37.75,10.75,2005-02-14,45334.0
7,Chhattisgarh,1,F,AR,G,UR,9,1,1,1,1,0,0,0,71FG9,105.40166,31.0,26.5,2002-05-19,116.04769,36.0,15.25,2002-05-23,22136.0,116.04769,36.0,15.25,2002-05-23,22136.0
7,Chhattisgarh,1,F,AR,N,ST,2,1,1,1,1,0,0,0,71FN2,82.57075,27.0,16.5,1998-05-28,94.06241,26.5,17.75,2006-03-13,41219.0,94.06241,26.5,17.75,2006-03-13,41219.0
7,Chhattisgarh,1,F,AR,N,UR,9,1,1,1,1,0,0,0,71FN9,80.93509,28.75,8.5,2003-07-06,97.9185,33.5,16.5,2003-06-20,37361.0,97.9185,33.5,16.5,2003-06-20,37361.0
7,Chhattisgarh,2,A,BSF,G,EWS,0,14,14,14,14,0,0,0,72AG0,73.59123,33.25,9.0,2002-02-24,82.66047,35.5,6.25,2003-11-15,53402.0,82.66047,35.5,6.25,2003-11-15,53402.0
7,Chhattisgarh,2,A,BSF,G,SC,1,17,17,17,17,0,0,0,72AG1,80.61862,29.25,22.0,2001-01-31,94.88117,37.75,10.75,2001-07-25,40364.0,94.88117,37.75,10.75,2001-07-25,40364.0
7,Chhattisgarh,2,A,BSF,G,ST,2,45,45,45,45,0,0,0,72AG2,86.4526,18.0,18.0,1999-06-01,93.82616,26.5,15.5,2002-04-16,41517.0,93.82616,26.5,15.5,2002-04-16,41517.0
7,Chhattisgarh,2,A,BSF,G,ESM,3,14,14,14,0,14,0,0,72AG3,,,,,,,,,,,,,,
7,Chhattisgarh,2,A,BSF,G,OBC,6,8,8,8,8,0,0,0,72AG6,111.16696,31.75,12.25,2001-09-20,115.56283,33.25,18.0,2000-08-22,22460.0,115.56283,33.25,18.0,2000-08-22,22460.0
7,Chhattisgarh,2,A,BSF,G,UR,9,56,56,56,56,0,0,0,72AG9,89.11271,28.75,12.25,2005-04-11,98.1156,29.75,16.5,2003-05-13,37182.0,98.1156,29.75,16.5,2003-05-13,37182.0
7,Chhattisgarh,2,A,BSF,N,EWS,0,33,33,33,31,2,0,0,72AN0,42.05861,22.25,3.0,2003-05-05,42.05861,22.25,3.0,2003-05-05,72975.0,42.05861,22.25,3.0,2003-05-05,72975.0
7,Chhattisgarh,2,A,BSF,N,SC,1,39,39,39,39,0,0,0,72AN1,32.28789,15.25,-0.5,1998-03-14,53.514,10.75,13.0,2001-06-30,71139.0,53.514,10.75,13.0,2001-06-30,71139.0
7,Chhattisgarh,2,A,BSF,N,ST,2,106,106,106,106,0,0,0,72AN2,71.92222,19.75,10.75,2003-06-16,81.74395,19.75,26.5,1998-06-18,54254.0,81.74395,19.75,26.5,1998-06-18,54254.0
7,Chhattisgarh,2,A,BSF,N,ESM,3,33,33,33,0,33,0,0,72AN3,56.30813,3.5,20.25,1985-07-06,,,,,,,,,,
7,Chhattisgarh,2,A,BSF,N,OBC,6,20,20,20,20,0,0,0,72AN6,89.11299,33.25,19.75,2000-10-12,97.84751,31.0,15.25,2000-07-21,37417.0,97.84751,31.0,15.25,2000-07-21,37417.0
7,Chhattisgarh,2,A,BSF,N,UR,9,132,132,132,132,0,0,0,72AN9,63.27943,17.5,19.75,2005-05-03,77.18039,24.75,13.0,2002-01-26,58659.0,77.18039,24.75,13.0,2002-01-26,58659.0
7,Chhattisgarh,2,B,CISF,G,EWS,0,16,16,16,16,0,0,0,72BG0,73.59123,33.25,9.0,2002-02-24,92.21783,35.5,19.75,2002-12-04,43193.0,92.21783,35.5,19.75,2002-12-04,43193.0
7,Chhattisgarh,2,B,CISF,G,SC,1,19,19,19,19,0,0,0,72BG1,80.61862,29.25,22.0,2001-01-31,105.81613,35.75,19.25,2002-07-20,30006.0,105.81613,35.75,19.25,2002-07-20,30006.0
7,Chhattisgarh,2,B,CISF,G,ST,2,50,50,50,50,0,0,0,72BG2,86.4526,18.0,18.0,1999-06-01,100.02043,28.75,15.25,2004-02-11,35320.0,100.02043,28.75,15.25,2004-02-11,35320.0
7,Chhattisgarh,2,B,CISF,G,ESM,3,16,16,16,0,16,0,0,72BG3,,,,,,,,,,,,,,
7,Chhattisgarh,2,B,CISF,G,OBC,6,9,9,9,9,0,0,0,72BG6,111.16696,31.75,12.25,2001-09-20,124.14452,31.0,22.0,1999-07-25,16066.0,124.14452,31.0,22.0,1999-07-25,16066.0
7,Chhattisgarh,2,B,CISF,G,UR,9,62,62,62,62,0,0,0,72BG9,89.11271,28.75,12.25,2005-04-11,110.27239,37.75,10.75,2006-11-29,26323.0,110.27239,37.75,10.75,2006-11-29,26323.0
7,Chhattisgarh,2,B,CISF,N,EWS,0,35,35,35,33,2,0,0,72BN0,42.05861,22.25,3.0,2003-05-05,47.46552,13.0,6.25,2002-03-08,72281.0,47.46552,13.0,6.25,2002-03-08,72281.0
7,Chhattisgarh,2,B,CISF,N,SC,1,41,41,41,41,0,0,0,72BN1,32.28789,15.25,-0.5,1998-03-14,69.76873,23.5,7.75,1998-08-21,64439.0,69.76873,23.5,7.75,1998-08-21,64439.0
7,Chhattisgarh,2,B,CISF,N,ST,2,110,110,110,110,0,0,0,72BN2,71.92222,19.75,10.75,2003-06-16,88.18918,22.5,19.75,2004-07-24,47444.0,88.18918,22.5,19.75,2004-07-24,47444.0
7,Chhattisgarh,2,B,CISF,N,ESM,3,35,35,35,0,35,0,0,72BN3,56.30813,3.5,20.25,1985-07-06,,,,,,,,,,
7,Chhattisgarh,2,B,CISF,N,OBC,6,21,21,21,21,0,0,0,72BN6,89.11299,33.25,19.75,2000-10-12,105.92464,33.25,6.25,2001-11-27,29904.0,105.92464,33.25,6.25,2001-11-27,29904.0
7,Chhattisgarh,2,B,CISF,N,UR,9,138,138,138,138,0,0,0,72BN9,63.27943,17.5,19.75,2005-05-03,88.91078,28.75,15.25,2004-05-07,46691.0,88.91078,28.75,15.25,2004-05-07,46691.0
7,Chhattisgarh,2,C,CRPF,G,EWS,0,15,15,15,15,0,0,0,72CG0,73.59123,33.25,9.0,2002-02-24,85.03717,35.5,15.25,2004-11-05,50908.0,85.03717,35.5,15.25,2004-11-05,50908.0
7,Chhattisgarh,2,C,CRPF,G,SC,1,17,17,17,17,0,0,0,72CG1,80.61862,29.25,22.0,2001-01-31,93.28877,40.0,10.75,2002-09-22,42075.0,93.28877,40.0,10.75,2002-09-22,42075.0
7,Chhattisgarh,2,C,CRPF,G,ST,2,46,46,46,46,0,0,0,72CG2,86.4526,18.0,18.0,1999-06-01,92.55671,31.0,22.5,2000-01-10,42783.0,92.55671,31.0,22.5,2000-01-10,42783.0
7,Chhattisgarh,2,C,CRPF,G,ESM,3,15,15,15,0,15,0,0,72CG3,,,,,,,,,,,,,,
7,Chhattisgarh,2,C,CRPF,G,OBC,6,9,9,9,9,0,0,0,72CG6,111.16696,31.75,12.25,2001-09-20,117.58359,35.75,18.0,2001-06-22,21150.0,117.58359,35.75,18.0,2001-06-22,21150.0
7,Chhattisgarh,2,C,CRPF,G,UR,9,58,58,58,58,0,0,0,72CG9,89.11271,28.75,12.25,2005-04-11,98.20849,37.75,16.5,2002-02-03,37087.0,98.20849,37.75,16.5,2002-02-03,37087.0
7,Chhattisgarh,2,C,CRPF,N,EWS,0,34,34,34,8,26,0,0,72CN0,42.05861,22.25,3.0,2003-05-05,49.87646,8.5,10.75,2004-07-06,71874.0,49.87646,8.5,10.75,2004-07-06,71874.0
7,Chhattisgarh,2,C,CRPF,N,SC,1,41,41,41,41,0,0,0,72CN1,32.28789,15.25,-0.5,1998-03-14,47.69574,17.5,5.75,2002-12-26,72252.0,47.69574,17.5,5.75,2002-12-26,72252.0
7,Chhattisgarh,2,C,CRPF,N,ST,2,109,109,109,109,0,0,0,72CN2,71.92222,19.75,10.75,2003-06-16,81.24451,23.5,8.5,1998-03-05,54793.0,81.24451,23.5,8.5,1998-03-05,54793.0
7,Chhattisgarh,2,C,CRPF,N,ESM,3,34,34,34,0,34,0,0,72CN3,56.30813,3.5,20.25,1985-07-06,,,,,,,,,,
7,Chhattisgarh,2,C,CRPF,N,OBC,6,20,20,20,20,0,0,0,72CN6,89.11299,33.25,19.75,2000-10-12,96.83248,29.0,11.5,2001-04-05,38382.0,96.83248,29.0,11.5,2001-04-05,38382.0
7,Chhattisgarh,2,C,CRPF,N,UR,9,136,136,136,136,0,0,0,72CN9,63.27943,17.5,19.75,2005-05-03,75.49695,28.75,13.0,2006-09-11,59997.0,75.49695,28.75,13.0,2006-09-11,59997.0
7,Chhattisgarh,2,D,SSB,G,EWS,0,1,1,1,1,0,0,0,72DG0,73.59123,33.25,9.0,2002-02-24,112.28331,31.0,24.5,2002-06-15,24910.0,112.28331,31.0,24.5,2002-06-15,24910.0
7,Chhattisgarh,2,D,SSB,G,SC,1,1,1,1,1,0,0,0,72DG1,80.61862,29.25,22.0,2001-01-31,134.04392,40.0,22.0,2001-09-05,6174.0,134.04392,40.0,22.0,2001-09-05,6174.0
7,Chhattisgarh,2,D,SSB,G,ST,2,3,3,3,3,0,0,0,72DG2,86.4526,18.0,18.0,1999-06-01,102.85237,37.75,6.25,2000-08-07,32778.0,102.85237,37.75,6.25,2000-08-07,32778.0
7,Chhattisgarh,2,D,SSB,G,ESM,3,1,1,1,0,1,0,0,72DG3,,,,,,,,,,,,,,
7,Chhattisgarh,2,D,SSB,G,OBC,6,1,1,1,1,0,0,0,72DG6,111.16696,31.75,12.25,2001-09-20,123.74744,37.75,19.75,2000-03-10,16487.0,123.74744,37.75,19.75,2000-03-10,16487.0
7,Chhattisgarh,2,D,SSB,G,UR,9,3,3,3,3,0,0,0,72DG9,89.11271,28.75,12.25,2005-04-11,116.80532,33.25,22.0,2003-08-12,21718.0,116.80532,33.25,22.0,2003-08-12,21718.0
7,Chhattisgarh,2,D,SSB,N,EWS,0,2,2,2,2,0,0,0,72DN0,42.05861,22.25,3.0,2003-05-05,84.13505,31.0,8.5,2002-06-14,51862.0,84.13505,31.0,8.5,2002-06-14,51862.0
7,Chhattisgarh,2,D,SSB,N,SC,1,2,2,2,2,0,0,0,72DN1,32.28789,15.25,-0.5,1998-03-14,68.49005,27.5,7.0,1998-10-09,65303.0,68.49005,27.5,7.0,1998-10-09,65303.0
7,Chhattisgarh,2,D,SSB,N,ST,2,6,6,6,6,0,0,0,72DN2,71.92222,19.75,10.75,2003-06-16,100.90344,31.0,23.0,2002-10-16,34499.0,100.90344,31.0,23.0,2002-10-16,34499.0
7,Chhattisgarh,2,D,SSB,N,ESM,3,2,2,2,0,2,0,0,72DN3,56.30813,3.5,20.25,1985-07-06,,,,,,,,,,
7,Chhattisgarh,2,D,SSB,N,OBC,6,1,1,1,1,0,0,0,72DN6,89.11299,33.25,19.75,2000-10-12,117.0944,31.0,28.75,1999-08-04,21497.0,117.0944,31.0,28.75,1999-08-04,21497.0
7,Chhattisgarh,2,D,SSB,N,UR,9,8,8,8,8,0,0,0,72DN9,63.27943,17.5,19.75,2005-05-03,102.26377,33.25,13.0,2002-07-06,33242.0,102.26377,33.25,13.0,2002-07-06,33242.0
7,Chhattisgarh,2,E,ITBP,G,EWS,0,3,3,3,3,0,0,0,72EG0,73.59123,33.25,9.0,2002-02-24,92.42991,37.75,13.0,2006-03-13,42933.0,92.42991,37.75,13.0,2006-03-13,42933.0
7,Chhattisgarh,2,E,ITBP,G,SC,1,3,3,3,3,0,0,0,72EG1,80.61862,29.25,22.0,2001-01-31,99.8578,29.0,17.5,2005-10-19,35486.0,99.8578,29.0,17.5,2005-10-19,35486.0
7,Chhattisgarh,2,E,ITBP,G,ST,2,9,9,9,9,0,0,0,72EG2,86.4526,18.0,18.0,1999-06-01,96.09634,19.5,13.0,1999-07-10,39216.0,96.09634,19.5,13.0,1999-07-10,39216.0
7,Chhattisgarh,2,E,ITBP,G,ESM,3,3,3,3,0,3,0,0,72EG3,,,,,,,,,,,,,,
7,Chhattisgarh,2,E,ITBP,G,OBC,6,2,2,2,2,0,0,0,72EG6,111.16696,31.75,12.25,2001-09-20,124.64455,35.5,22.0,2001-05-26,15616.0,124.64455,35.5,22.0,2001-05-26,15616.0
7,Chhattisgarh,2,E,ITBP,G,UR,9,11,11,11,11,0,0,0,72EG9,89.11271,28.75,12.25,2005-04-11,108.38309,26.5,24.25,2005-07-01,27816.0,108.38309,26.5,24.25,2005-07-01,27816.0
7,Chhattisgarh,2,E,ITBP,N,EWS,0,6,6,6,6,0,0,0,72EN0,42.05861,22.25,3.0,2003-05-05,78.59838,24.25,10.75,2003-03-11,57328.0,78.59838,24.25,10.75,2003-03-11,57328.0
7,Chhattisgarh,2,E,ITBP,N,SC,1,8,8,8,8,0,0,0,72EN1,32.28789,15.25,-0.5,1998-03-14,58.02597,15.25,10.75,2001-07-02,70189.0,58.02597,15.25,10.75,2001-07-02,70189.0
7,Chhattisgarh,2,E,ITBP,N,ST,2,20,20,20,20,0,0,0,72EN2,71.92222,19.75,10.75,2003-06-16,86.47682,26.5,8.5,2001-10-28,49295.0,86.47682,26.5,8.5,2001-10-28,49295.0
7,Chhattisgarh,2,E,ITBP,N,ESM,3,6,6,6,0,6,0,0,72EN3,56.30813,3.5,20.25,1985-07-06,,,,,,,,,,
7,Chhattisgarh,2,E,ITBP,N,OBC,6,4,4,4,4,0,0,0,72EN6,89.11299,33.25,19.75,2000-10-12,99.07595,31.0,8.5,2000-10-24,36229.0,99.07595,31.0,8.5,2000-10-24,36229.0
7,Chhattisgarh,2,E,ITBP,N,UR,9,25,25,25,25,0,0,0,72EN9,63.27943,17.5,19.75,2005-05-03,87.35378,31.0,8.5,2005-11-13,48312.0,87.35378,31.0,8.5,2005-11-13,48312.0
7,Chhattisgarh,2,F,AR,G,EWS,0,1,1,1,1,0,0,0,72FG0,73.59123,33.25,9.0,2002-02-24,105.40166,35.5,13.0,2004-04-08,30473.0,105.40166,35.5,13.0,2004-04-08,30473.0
7,Chhattisgarh,2,F,AR,G,SC,1,1,1,1,1,0,0,0,72FG1,80.61862,29.25,22.0,2001-01-31,106.91272,35.5,26.5,1998-07-18,29103.0,106.91272,35.5,26.5,1998-07-18,29103.0
7,Chhattisgarh,2,F,AR,G,ST,2,4,4,4,4,0,0,0,72FG2,86.4526,18.0,18.0,1999-06-01,100.93117,33.25,10.75,2005-06-08,34418.0,100.93117,33.25,10.75,2005-06-08,34418.0
7,Chhattisgarh,2,F,AR,G,ESM,3,1,1,1,0,1,0,0,72FG3,,,,,,,,,,,,,,
7,Chhattisgarh,2,F,AR,G,OBC,6,1,1,1,1,0,0,0,72FG6,111.16696,31.75,12.25,2001-09-20,141.59443,38.0,15.5,1999-11-01,1376.0,141.59443,38.0,15.5,1999-11-01,1376.0
7,Chhattisgarh,2,F,AR,G,UR,9,5,5,5,5,0,0,0,72FG9,89.11271,28.75,12.25,2005-04-11,113.45889,35.5,13.5,2003-03-13,23921.0,113.45889,35.5,13.5,2003-03-13,23921.0
7,Chhattisgarh,2,F,AR,N,EWS,0,2,2,2,2,0,0,0,72FN0,42.05861,22.25,3.0,2003-05-05,94.38378,35.5,17.5,2004-01-01,40924.0,94.38378,35.5,17.5,2004-01-01,40924.0
7,Chhattisgarh,2,F,AR,N,SC,1,3,3,3,3,0,0,0,72FN1,32.28789,15.25,-0.5,1998-03-14,75.83717,22.0,-0.5,2001-05-11,59730.0,75.83717,22.0,-0.5,2001-05-11,59730.0
7,Chhattisgarh,2,F,AR,N,ST,2,9,9,9,9,0,0,0,72FN2,71.92222,19.75,10.75,2003-06-16,99.98984,35.75,8.75,2002-07-11,35389.0,99.98984,35.75,8.75,2002-07-11,35389.0
7,Chhattisgarh,2,F,AR,N,ESM,3,3,3,3,0,3,0,0,72FN3,56.30813,3.5,20.25,1985-07-06,,,,,,,,,,
7,Chhattisgarh,2,F,AR,N,OBC,6,2,2,2,2,0,0,0,72FN6,89.11299,33.25,19.75,2000-10-12,110.16468,31.0,24.25,1999-02-17,26447.0,110.16468,31.0,24.25,1999-02-17,26447.0
7,Chhattisgarh,2,F,AR,N,UR,9,11,11,11,11,0,0,0,72FN9,63.27943,17.5,19.75,2005-05-03,97.30638,28.75,10.75,2005-04-21,37876.0,97.30638,28.75,10.75,2005-04-21,37876.0
8,Dadar & Nagar Haveli and Daman & Diu,1,A,BSF,G,ST,2,1,1,1,1,0,0,0,81AG2,78.55009,35.5,0.0,2006-11-25,78.55009,35.5,0.0,2006-11-25,57390.0,78.55009,35.5,0.0,2006-11-25,57390.0
8,Dadar & Nagar Haveli and Daman & Diu,2,A,BSF,G,ST,2,1,1,1,1,0,0,0,82AG2,60.07549,18.25,18.0,1999-02-16,88.19483,34.0,8.0,1998-12-06,47429.0,88.19483,34.0,8.0,1998-12-06,47429.0
8,Dadar & Nagar Haveli and Daman & Diu,2,A,BSF,G,UR,9,2,2,2,0,2,0,0,82AG9,58.38231,22.0,8.5,2005-06-10,,,,,,,,,,
8,Dadar & Nagar Haveli and Daman & Diu,2,B,CISF,G,ST,2,2,2,2,2,0,0,0,82BG2,60.07549,18.25,18.0,1999-02-16,60.07549,18.25,18.0,1999-02-16,69572.0,60.07549,18.25,18.0,1999-02-16,69572.0
8,Dadar & Nagar Haveli and Daman & Diu,2,B,CISF,G,UR,9,2,2,2,2,0,0,0,82BG9,58.38231,22.0,8.5,2005-06-10,83.01526,33.25,10.75,2005-12-23,53020.0,83.01526,33.25,10.75,2005-12-23,53020.0
8,Dadar & Nagar Haveli and Daman & Diu,2,C,CRPF,G,ST,2,1,1,1,1,0,0,0,82CG2,60.07549,18.25,18.0,1999-02-16,66.93526,25.0,12.75,2005-06-18,66329.0,66.93526,25.0,12.75,2005-06-18,66329.0
8,Dadar & Nagar Haveli and Daman & Diu,2,C,CRPF,G,OBC,6,1,1,1,0,1,0,0,82CG6,44.43472,10.5,13.0,1984-08-19,,,,,,,,,,
8,Dadar & Nagar Haveli and Daman & Diu,2,C,CRPF,G,UR,9,2,2,2,1,1,0,0,82CG9,58.38231,22.0,8.5,2005-06-10,58.38231,22.0,8.5,2005-06-10,70085.0,58.38231,22.0,8.5,2005-06-10,70085.0
